Date,AAPL,AGG,AMZN,DBC,GLD,GOOGL,IEF,JNJ,JNK,JPM,KO,LQD,MSFT,NVDA,PG,SPY,TLT,TSLA,UNG,USO,WMT,XOM,^GSPC,^VIX,^TNX
2022-10-04,143.55596923828125,86.06757354736328,121.08999633789064,21.849164962768555,160.6999969482422,100.80683898925781,86.5902099609375,149.41781616210938,70.41255518632703,103.33985137939452,51.16428756713868,90.22815704345703,241.83345031738278,13.149756431579592,118.91622924804688,360.68365478515625,90.70510864257812,249.44000244140622,93.95999908447266,70.27999877929689,42.89260864257813,84.68132019042969,3790.929931640625,29.06999969482422,3.617000102996826
2022-10-05,143.85073852539062,85.61583709716798,120.9499969482422,22.240726470947266,159.80999755859372,100.59854888916016,85.77013397216797,148.95770263671875,70.17047091931302,102.06394958496092,50.67769622802735,89.54588317871095,242.1443634033203,13.19170093536377,118.0936050415039,359.8439025878906,89.83782958984375,240.80999755859372,95.76000213623045,71.94000244140626,42.467674255371094,88.1034164428711,3783.280029296875,28.549999237060547,3.759000062942505
2022-10-06,142.89762878417966,85.27925872802736,120.30000305175784,22.379947662353512,159.63000488281247,100.58863830566406,85.29772186279297,146.07078552246094,69.94401005360538,99.98363494873047,49.58735656738282,89.33862304687501,239.8026123046875,13.112804412841799,115.60743713378906,356.13183593750006,89.3384780883789,238.13000488281247,95.36000061035155,72.98999786376953,42.07149887084961,90.71666717529297,3744.52001953125,30.520000457763672,3.8259999752044678
2022-10-07,137.65060424804685,84.82751464843751,114.55999755859378,22.61488342285156,157.8800048828125,97.87110900878905,84.87873840332031,144.52804565429688,69.16311644254259,97.9865493774414,49.11879730224611,88.44913482666016,227.60794067382812,12.060184478759767,113.58737945556639,346.1979064941407,88.47119903564453,223.07000732421872,91.76000213623045,75.09999847412111,41.07465362548828,89.80112457275392,3639.659912109375,31.360000610351562,3.882999897003174
2022-10-10,137.97485351562497,84.44665527343751,113.66999816894536,22.36254692077636,155.47999572753906,97.05782318115234,84.37955474853516,144.71751403808594,68.28853472579804,97.07122802734375,49.010662078857436,87.65463256835938,222.75921630859375,11.654715538024904,113.12122344970703,343.5545959472657,87.09579467773438,222.96000671386713,89.8000030517578,73.77999877929689,41.31748580932617,87.8545379638672,3612.389892578125,32.45000076293945,3.888000011444092
2022-10-11,136.5599212646484,84.49978637695314,112.20999908447268,22.04059410095214,155.16000366210938,96.38339233398438,84.59349822998047,146.81053161621094,68.49935724672605,94.26976013183594,49.091762542724624,87.47326660156251,219.02796936035156,11.57082462310791,113.5508346557617,341.3788452148438,87.48126983642577,216.49999999999994,90.48000335693358,71.75000000000001,42.387794494628906,87.10791015625001,3588.8400878906245,33.630001068115234,3.938999891281128
2022-10-12,135.9311065673828,84.5706558227539,112.90000152587895,22.04059410095214,155.99000549316406,96.76028442382812,84.86981964111327,146.77447509765625,68.63213000675192,95.79531860351561,49.686485290527365,87.36964416503908,219.35833740234378,11.484939575195312,113.7336502075195,340.25277709960943,87.91056823730467,217.240005493164,88.44000244140624,70.9300003051758,41.90855407714844,87.49011993408205,3577.0300292968745,33.56999969482422,3.9019999504089355
2022-10-13,140.50012207031247,84.304931640625,112.52999877929692,22.34514236450195,154.91000366210938,98.24797821044922,84.51326751708983,148.9938049316406,68.76486540809464,101.12088012695312,50.34429168701174,87.52507019042969,227.60794067382815,11.944337844848633,115.45204162597653,349.2324523925782,87.06951904296872,221.72000122070307,92.16000366210936,72.51999664306642,42.26319885253906,90.5477981567383,3669.9099121093745,31.940000534057617,3.9519999027252197
2022-10-14,135.97039794921872,83.84436798095702,106.90000152587895,21.901372909545895,152.97999572753906,95.76847839355469,84.04082489013672,148.3713226318359,68.5149806480324,102.8036117553711,49.542312622070334,86.68739318847656,222.08872985839844,11.212294578552246,114.32778167724607,341.2738647460938,86.35118865966795,204.990005493164,89.44000244140624,70.16999816894533,41.672122955322266,88.16564941406251,3583.0700683593745,32.02000045776367,4.010000228881836
2022-10-17,139.93022155761716,84.02149963378906,113.79000091552737,21.84916496276855,153.4199981689453,99.15052795410158,84.12996673583984,150.29293823242185,69.35051506911599,107.12136077880861,50.18208312988283,87.10192108154297,230.8048095703125,11.8724308013916,116.39349365234371,350.04360961914074,85.93069458007811,219.35000610351557,83.36000061035153,70.12999725341798,41.97245407104492,89.4367141723633,3677.949951171875,31.3700008392334,4.014999866485596
2022-10-18,141.24691772460935,84.16323089599608,116.3600006103516,21.61422729492187,153.75,99.94396209716798,84.34388732910155,149.76966857910153,69.84249156792886,109.87660217285158,50.85791397094728,87.6200942993164,231.74731445312503,11.951328277587889,117.33495330810544,354.1564331054689,86.13217163085936,220.1900024414062,80.16000366210935,68.6999969482422,42.85747146606445,89.5967025756836,3719.97998046875,30.5,3.997999906539917
2022-10-19,141.35494995117182,83.43690490722655,115.06999969482426,21.60552597045898,151.69000244140625,98.81331634521486,83.46144866943358,148.57882690429685,69.22560257603142,107.72234344482425,50.42539215087892,86.41970062255858,229.7845153808594,12.035217285156246,118.42265319824216,351.6467590332033,84.5640411376953,222.03999328613276,76.27999877929686,70.04000091552734,42.73604583740234,92.25436401367188,3695.159912109375,30.760000228881836,4.126999855041504
2022-10-20,140.89315795898432,82.93205261230467,115.25000000000003,21.622928619384766,151.4499969482422,99.15052795410158,82.83744812011717,148.95770263671872,68.80390523201896,107.37098693847659,49.63243103027345,85.66835021972655,229.463851928711,12.178028106689451,116.89735412597653,348.69808959960955,83.11857604980467,207.27999877929682,75.3199996948242,70.18000030517578,42.84148788452147,92.37882232666014,3665.780029296875,29.979999542236328,4.22599983215332
2022-10-21,144.7056121826171,83.05602264404295,119.31999969482425,21.649032592773438,154.14999389648435,100.3010025024414,83.02462768554686,152.20556640624997,69.31929068171316,113.01091003417972,50.42539215087892,85.91014862060545,235.26483154296878,12.44967460632324,118.3609771728515,357.17196655273455,81.6205596923828,214.44000244140616,71.27999877929686,70.56999969482422,43.70732498168944,94.09430694580075,3752.7499999999995,29.690000534057617,4.2129998207092285
2022-10-24,146.84761047363273,82.94091033935545,119.81999969482423,21.70994377136231,153.64999389648438,101.67961883544923,82.9176559448242,154.2534637451172,69.50671172349647,113.14960479736331,51.876155853271506,85.86696624755858,240.24955749511722,12.582498550415039,119.08818817138668,361.54244995117205,80.94602203369138,211.24999999999994,74.3199996948242,70.37999725341797,44.54122924804686,94.752082824707,3797.3400878906245,29.850000381469727,4.234000205993652
2022-10-25,149.687286376953,83.75577545166016,120.59999847412111,21.831762313842773,153.99999999999997,103.62355804443361,83.95166778564453,154.0098876953125,70.12361565886718,113.44545745849612,53.11966323852541,87.01559448242186,243.56303405761724,13.243632316589355,120.45979309082027,367.3157653808595,83.3025665283203,222.41999816894523,80.0,70.61000061035156,44.75208282470702,94.11207580566403,3859.110107421875,28.459999084472656,4.107999801635742
2022-10-26,146.74937438964835,84.12780761718751,115.66000366210939,22.24072647094727,154.97999572753903,103.7657117622493,84.37955474853514,155.36314392089844,70.29543571455403,114.74912261962892,53.516143798828146,87.41281127929686,243.84781503648955,12.879109382629396,121.3066711425781,364.5484619140626,84.50275421142575,224.63999938964838,79.3199996948242,72.97000122070312,45.0939483642578,95.23204803466794,3830.6000976562495,27.280000686645508,4.014999866485596
2022-10-27,142.2786102294921,84.55292510986328,110.95999908447267,22.275531768798835,154.74000549316403,100.80347084181548,84.97681427001952,155.45336914062497,70.8654395590591,115.20217895507812,53.642307281494155,87.81869506835936,239.03030929269033,13.1587438583374,121.39872741699216,362.601776123047,85.38754272460935,225.08999633789057,75.63999938964842,73.62000274658203,44.96295547485351,95.59648895263669,3807.300048828125,27.389999389648438,3.937000036239624
2022-10-28,142.4426192433461,84.34039306640625,103.41000366210938,22.014492034912116,153.16000366210935,105.2522977047006,84.54000854492186,157.76292419433594,71.40427879005445,116.5705337524414,54.750659942626974,88.00006103515624,248.6442311564911,13.81588077545166,124.47328186035153,371.22830200195324,84.80062103271482,228.52000427246088,74.76000213623045,72.81999969482422,45.531665802001946,98.39637756347653,3901.0600585937505,25.75,4.010000228881836
2022-10-31,140.2475438686743,84.05693817138672,102.44000244140625,21.857866287231452,151.91000366210935,103.3066196629948,84.15670776367186,156.9509582519531,70.31883719369873,116.38560485839844,53.93065643310549,87.52507019042967,244.701696492323,13.47932434082031,123.96697235107419,368.5467224121095,84.19612884521482,227.53999328613276,81.51999664306638,71.52999877929688,45.47415161132812,98.49414825439449,3871.9799804687505,25.8799991607666,4.077000141143799
2022-11-01,137.78723631514035,84.2131881713867,96.79000091552734,22.18851852416993,153.46000671386716,98.89058569351604,84.14152526855467,156.15705871582028,70.76700690061335,118.48441314697266,53.74142837524416,88.15483856201169,240.52717596638047,13.525263786315918,124.16028594970699,366.93405151367193,84.98299407958982,227.82000732421866,75.36000061035155,73.12000274658203,45.26967620849609,99.47189331054683,3856.10009765625,25.809999465942383,4.052000045776367
2022-11-02,132.6470667997586,84.07112884521483,92.12000274658205,22.388648986816417,152.3899993896484,95.06482380535134,83.9985656738281,153.75726318359372,70.10768591635873,117.39340209960938,52.99351501464846,87.73038482666013,232.02017793625564,13.201689720153809,122.3744735717773,357.7254333496095,84.6141662597656,214.97999572753898,79.63999938964842,74.08000183105469,44.969360351562486,97.42752075195308,3759.6899414062505,25.860000610351562,4.059000015258789
2022-11-03,127.02216751034821,83.76042175292967,89.30000305175783,22.371244430542003,151.80999755859372,91.19533805931151,83.63236236572264,154.01893615722653,69.69168950739973,117.6060562133789,52.9664878845215,87.41854095458982,225.85331700829622,13.403422355651857,121.53678894042963,354.041961669922,84.15748596191403,215.30999755859366,76.40000152587889,73.29000091552734,44.95975875854491,98.75190734863277,3719.8898925781264,25.299999237060547,4.124000072479248
2022-11-04,126.77481726964534,83.75155639648436,90.98000335693361,23.128267288208022,156.4700012207031,94.63852459950317,83.45367431640622,154.7045440673828,70.11555365503668,120.82357025146484,53.39900207519533,87.59179687499999,233.3800282707202,14.137460708618166,123.75525665283196,359.13766479492193,82.74359130859372,207.47000122070304,83.27999877929686,76.81999969482422,45.03964233398436,99.82743072509761,3770.5500488281264,24.549999237060547,4.156000137329102
2022-11-07,127.26950354776426,83.48519897460938,90.52999877929688,22.928136825561534,155.8500061035156,96.72630517930308,83.15888214111325,156.0577697753906,70.11555365503668,121.46154022216795,53.60627365112306,87.2712936401367,240.21096404033398,14.282269477844242,125.65153503417962,362.57308959960943,81.91809844970699,197.0800018310546,86.8000030517578,76.55999755859375,45.51249313354491,101.00961303710932,3806.800048828126,24.350000381469727,4.214000225067139
2022-11-08,127.80089111913473,83.84030914306639,89.9800033569336,22.6496925354004,159.44999694824213,97.1744663140888,83.71272277832028,156.83370971679685,69.97424817177222,121.53551483154297,53.70537567138673,87.6350860595703,241.26511415292123,14.582876205444341,125.93688964843743,364.5292968750001,82.8138732910156,191.30000305175773,80.8000030517578,74.47000122070312,45.62112426757811,101.329605102539,3828.1101074218755,25.540000915527344,4.125999927520752
2022-11-09,123.55916471749983,83.93797302246092,86.13999938964844,22.127609252929698,158.64999389648432,95.44739915332438,83.9985656738281,155.57966613769528,69.14224788211757,119.9544906616211,52.957469940185554,87.40990447998047,236.66899979740316,13.757960319519047,125.63312530517572,357.0192871093751,83.08609771728511,177.58999633789054,76.63999938964842,71.66999816894531,44.56039428710936,96.79643249511713,3748.570068359376,26.09000015258789,4.151000022888184
2022-11-10,123.70159523973541,83.950206179218,86.25793753576615,22.327739715576183,163.479995727539,102.68357150514282,84.00351043331882,157.40203857421872,69.17100894480946,124.89171600341797,52.9744331284176,87.43055765809007,236.945720071035,13.823832761047093,129.95959472656244,357.35480821553557,86.28271484374997,190.72000122070304,79.51999664306639,72.23999786376953,45.48373794555663,98.21861267089838,3751.883399875504,23.530000686645508,3.8289999961853027
2022-11-11,126.08518670542774,83.88936950814488,89.97141519523173,22.75410842895509,164.5599975585937,105.38347768676013,83.82876369717161,152.69271850585935,69.41471276020114,125.0951385498047,53.35729493291803,87.6653058287549,240.97316420961934,14.33026857454978,129.76628112792963,360.81346117203856,85.96656799316403,195.97000122070304,76.63999938964842,74.37999725341798,45.554023742675774,101.28515624999994,3786.5536043524094,22.520000457763672,3.812999963760376
2022-11-14,124.88915370297849,83.65468069489538,87.9182896109445,22.414752960205092,164.91999816894526,104.60736239260844,83.62778666775209,155.09249877929682,68.87407895778635,123.80996704101564,52.84391348193605,87.22098850296271,235.55126495221938,14.302177440234345,129.77548217773432,357.7441089966236,85.75581359863277,190.9499969482421,78.08000183105467,71.91000366210938,44.21532821655273,101.58083343505854,3752.7178055605827,23.729999542236328,3.865000009536743
2022-11-15,126.3715059984536,84.27180238825147,88.31999164811623,22.675794601440447,165.49999999999994,107.60240461488277,84.24816481879031,155.52554321289057,69.63551112790721,122.91310882568361,52.75690161217028,88.43658854663343,235.9608376189795,14.627805282911236,129.3244476318359,360.79533530450703,87.14335632324214,194.4199981689452,79.08000183105466,73.25,44.27683897219032,102.26179504394527,3785.4156731808903,24.540000915527344,3.7990000247955322
2022-11-16,125.31870446064615,84.79336628490235,86.6953468747179,22.423454284667983,165.11999511718744,108.0505657496685,84.86852804505287,156.49087524414057,69.44517845533487,123.07952117919923,52.661185240128724,89.1910877154455,236.3911293397337,13.964264126534792,130.47506713867185,358.0429252153538,89.04904937744136,186.91999816894523,80.36000061035153,72.04000091552734,44.59516219875757,101.1686859130859,3754.17824703158,24.110000610351562,3.691999912261963
2022-11-17,126.94427516292146,84.43695183865476,84.66900006414784,22.049295425415053,163.91999816894523,107.51495689913256,84.29186456200586,157.75390624999994,69.12533577206676,122.54328155517581,52.82651184471606,88.7132106753959,236.34221828396346,13.759758556603057,129.6742248535156,356.9474394770359,88.10939788818355,183.16999816894523,82.40000152587888,70.13999938964844,44.44500743324525,101.3030853271484,3742.58037844437,23.93000030517578,3.7750000953674316
2022-11-18,127.42433365194427,84.31529343675192,84.03521078111308,21.892671585083022,162.78999328613273,106.49838561197033,83.99475705237758,158.96281433105466,69.30807920295338,123.74524688720707,53.2006691469407,88.7048373605515,235.8923560155341,13.524535118409576,131.23910522460935,358.56811209280824,87.50341033935543,180.1900024414062,82.2399978637695,69.02999877929688,45.11468377557932,100.42498016357419,3760.3897537255207,23.1200008392334,3.818000078201294
2022-11-21,124.66175139130587,84.26312210684344,82.53553815870912,21.814359664917006,161.88000488281241,104.49806956478905,83.94234124016005,159.77999877929688,69.24718405548289,123.0148315429688,54.01860503493314,88.57071664553023,236.70407434152497,13.443785260297439,132.90527343749997,357.2642657430579,87.87224578857418,167.86999511718744,87.16000366210935,69.02999877929688,45.390966679647136,99.43041229248045,3745.785570537662,22.360000610351562,3.825000047683716
2022-11-22,126.48943136605139,84.69774872722358,83.19610621546103,22.040594100952163,162.07000732421866,106.08302577902515,84.42292647971323,160.55181884765625,69.78783235501646,124.85469818115239,54.253549239397834,89.35873860922207,239.61823302159362,14.076608548412135,134.04672241210938,362.07196389790016,89.11933135986322,169.9100036621093,91.40000152587889,69.98000335693361,45.55313296587358,102.30661010742186,3796.653293364664,21.290000915527344,3.757999897003174
2022-11-23,127.23906899515349,85.20189230008486,84.02628225305021,21.736047744750987,163.0800018310546,107.62426654382033,84.87726650121841,160.72431945800778,70.17616667600016,126.18609619140629,54.49719057880672,90.25576872727744,242.11191588158079,14.498785207365797,134.8107757568359,364.35365157737334,90.67369842529291,183.1999969482421,94.04000091552732,67.41000366210939,45.772352182727836,101.79588317871094,3819.109317397068,20.350000381469727,3.7060000896453857
2022-11-25,124.74598752754474,85.2192678031443,83.38357125242403,21.544616699218764,163.22000122070307,106.53118691381086,84.85103620794611,160.9331665039062,70.00863797128193,126.42652130126959,54.5493954904667,90.34801548420106,242.023909670713,14.280236584699395,135.05929565429685,364.2721141285415,90.36634063720697,182.86000061035148,90.80000305175778,66.95999908447267,45.96754835815385,101.43748474121092,3818.0283406646513,20.5,3.690999984741211
2022-11-28,121.46964448868302,85.08019654757355,83.86560280027581,21.41409492492677,161.9299926757812,104.98995455744988,84.8859974949961,161.01489257812497,69.28524624086172,124.21678924560553,54.55810367640829,89.69406993227732,236.42043922099367,13.891414585645991,134.9488372802734,358.4593858426791,90.6210098266601,182.91999816894526,89.44000244140624,66.87999725341798,46.09968584259497,98.39104461669922,3759.0619744236546,22.209999084472656,3.703000068664551
2022-11-29,118.90074919267511,84.77596090135613,82.49983085692911,21.692539215087905,162.729995727539,104.04991683843754,84.52776556653615,159.88897705078122,69.60505992989226,126.26009368896491,54.36667093232517,89.24974522260959,235.02204855385838,13.726405572984829,133.91783142089838,357.843743357927,89.55841827392572,180.8300018310546,88.55999755859374,68.33999633789064,45.93751955636853,99.04512023925781,3753.078053964018,21.889999389648438,3.747999906539917
2022-11-30,124.67862212266854,85.43658111333437,86.17760121461467,22.17981529235841,164.80999755859366,110.3897416953819,85.28795901622298,161.62326049804685,70.68634203184062,127.75790405273447,55.742479586782885,90.33959786610347,249.50494293725694,14.857177658667192,137.30537414550776,369.1160061083269,90.217056274414,194.6999969482421,84.87999725341795,70.23000335693361,45.772352182727836,99.76194000244139,3869.2278346755384,20.579999923706055,3.703000068664551
2022-12-01,124.91443368433926,86.14748271443258,85.24923179974827,22.066698074340835,167.83999633789054,110.3897416953819,86.21948889081224,162.29515075683594,70.87473933905471,125.96423339843759,55.900217839830596,91.46995845072303,249.06486594266516,15.043296929115764,137.388198852539,368.8444366010138,93.09912109374994,194.6999969482421,83.48000335693358,70.4499969482422,46.05764193456695,99.27809143066405,3865.8707640779703,19.84000015258789,3.5290000438690186
2022-12-02,124.49331829235292,86.50473381430986,84.02628225305023,21.831762313842788,167.25999450683585,109.7885638749017,86.39456397202461,162.42228698730466,70.87473933905471,124.96569824218757,56.39095579716496,92.02502652550244,249.38758090487644,14.815912623851396,138.64013671874994,368.41891303992276,94.26987457275385,194.86000061035148,76.3199996948242,69.83999633789064,46.012596939124684,98.43584442138672,3861.2523610241587,19.059999465942383,3.50600004196167
2022-12-05,123.49944679374035,85.82513949322976,81.24118081892249,21.266172409057635,164.38999938964832,108.73919128589895,85.51906916775732,162.3314819335937,70.22378971121992,121.46154022216803,55.619798781115094,91.24284520735021,244.67403440476065,14.582388097498747,137.2409515380859,361.79133145682135,92.94943237304683,182.44999694824213,68.40000152587889,67.72000122070314,45.541125030688015,95.73886108398438,3792.1582915955764,20.75,3.5989999771118164
2022-12-06,120.36625687247073,86.0778014192742,78.77743147987209,20.926816940307635,164.83999633789054,106.00650902774372,86.04437649766069,159.89807128906244,69.8945021550612,121.6649322509766,55.593504774663714,91.52041247217977,239.70623923246146,14.035437385390207,137.41584777832028,356.5761197881797,94.1466445922851,179.8200073242187,65.55999755859374,65.23000335693361,45.012585849509236,93.07767486572266,3737.554264954536,22.170000076293945,3.513000011444092
2022-12-07,118.70704917020296,86.84449735930231,78.96488970636366,20.822401046752944,166.3300018310546,103.77665113515229,86.79729411919945,160.86958312988276,70.239127662898,121.58171081542974,55.681142867614795,92.53805819692269,238.97277247033594,14.152202162989584,138.2995452880859,355.96951128213334,96.36497497558588,174.03999328613278,70.95999908447264,63.65000152587892,44.77834685346946,92.87161254882812,3730.5935527120623,22.68000030517578,3.4079999923706055
2022-12-08,120.14730298432107,86.58311033111967,80.6520205552592,20.78759574890138,166.47000122070304,102.43214250549251,86.30702270022454,160.89685058593744,70.31567969865992,122.85766601562506,55.91775577268504,92.24367046364904,241.93588814642763,15.073148159566255,139.29373168945307,358.75817310634955,96.10088348388666,173.4400024414062,72.99999999999997,62.70999908447267,44.84768021945427,93.56152343749999,3758.654263987633,22.290000915527344,3.490999937057495
2022-12-09,119.73459684233285,86.06910619762277,79.52726438583836,20.813699722290053,167.05999755859364,101.47025126597681,85.6679139556974,159.57119750976557,70.35396658937997,122.1919555664063,55.33061259780527,91.55406817681902,239.9996136865776,14.925655456012933,138.92549133300776,356.0782085772024,93.60086822509759,179.05000305175776,77.04000091552732,62.84999847412111,43.80169906802514,92.77304840087889,3731.029740367636,22.829999923706055,3.566999912261963
2022-12-12,121.69702068467238,86.08652652141235,80.83055706415934,21.039936065673846,165.67999267578114,101.99492074360978,85.54532931058101,161.47795104980463,70.59140040089568,124.08734130859382,56.05796346020988,91.43630274608381,246.93300851340436,15.39447130998142,140.35229492187494,361.2118538419523,93.90015411376947,167.82000732421872,79.63999938964841,64.4100036621094,44.61858645691442,95.05786895751952,3784.3062192289212,25.0,3.6110000610351562
2022-12-13,122.52243296864883,86.66153913878132,82.56231693242633,21.387990951538104,168.50999450683582,104.53086245819541,86.31578354355361,162.721939086914,71.35719620377182,123.96713256835945,56.075486658401154,92.23528976492909,251.24561911427867,15.86591725046028,140.14057922363276,363.94616701863396,94.8068771362304,160.94999694824216,85.08000183105466,65.86000061035158,44.458822474830804,96.09725189208983,3811.892541700739,22.549999237060547,3.500999927520752
2022-12-14,120.61893916550416,86.85320752119708,81.74999795096288,21.55331802368166,168.10000610351548,103.918736856378,86.55217706568162,163.22128295898432,70.98194553249462,123.34768676757818,56.075486658401154,92.31938472327403,251.53902419522998,15.516501289447648,140.69291687011713,361.61930944563176,95.2118072509765,156.80000305175778,77.87999725341794,67.36000061035158,44.21164689170547,95.38940429687499,3788.8202058110433,21.139999389648438,3.503000020980835
2022-12-15,114.96742696878985,86.98070008814265,78.95596117830081,21.292274475097674,165.35000610351548,99.31689330779841,86.72059569693695,161.16014099121088,70.6832758912169,120.28732299804692,55.30432227501969,92.39698925503319,243.51030654871613,14.882638706472255,139.10038757324213,352.7734807194175,95.58328247070307,157.66999816894528,83.68000030517575,66.15000152587892,43.816765459082085,94.47547912597655,3694.3964599185397,22.829999923706055,3.450000047683716
2022-12-16,113.29136159300101,86.75365320938577,78.42929380060615,21.022533416748065,166.78999328613264,98.66103543967168,86.50129850535997,159.50761413574213,70.32335592305836,119.53841400146489,54.98884945259008,92.00052682651322,239.2857327855448,14.548146684402834,138.48364257812494,348.60855594050474,94.51554870605463,150.22999572753903,80.40000152587888,64.90000152587892,43.03001802336384,93.81241607666013,3653.249192887321,22.6200008392334,3.4820001125335693
2022-12-19,111.48892242609145,86.22098871189813,75.80486500878135,20.983139038085955,166.32000732421858,96.67164194852498,85.79949824055386,159.33506774902338,69.96498714661018,120.25034332275395,55.06771673728104,91.07257303776257,235.13937995940378,14.269841959810387,138.44677734374994,345.6524759596317,92.92723083496088,149.86999511718747,71.99999999999997,66.06999969482423,43.04508799994936,94.23354339599605,3620.342492323634,22.420000076293945,3.5810000896453857
2022-12-20,111.42996627121337,85.6359287808512,76.04588759317869,21.07943344116213,169.08000183105452,97.30562107084575,85.17668735107841,159.50761413574213,69.7492192791237,120.83283996582036,55.02391058363578,90.00126130570992,236.45953437609123,14.12147591331767,138.50205993652335,346.1255147741081,91.27708435058587,137.80000305175778,66.44000244140622,66.22000122070314,43.4218840264587,95.59549713134761,3624.0980124728167,21.479999542236328,3.684000015258789
2022-12-21,114.08308464561856,85.87170823186797,77.45628855589685,21.350807189941428,168.80000305175764,97.91773826422893,85.28193686923277,161.33271789550776,70.36569475847976,122.19195556640629,55.90897391342752,90.61703222117364,239.03145348652626,14.486690832494938,139.7723846435546,351.30085532519246,91.5065307617187,137.57000732421872,67.40000152587889,68.05999755859375,43.76251282626852,96.82301330566402,3677.981079262766,20.06999969482422,3.684000015258789
2022-12-22,111.37101011633528,85.84553292545341,74.79615927276349,21.07943344116213,166.75999450683577,95.92835318151644,85.25564687685771,160.74247741699213,69.8956401788861,120.8050918579102,55.50587404904422,90.59171291200121,232.9292862796952,13.466537436336548,140.09455871582023,346.2891977280308,91.4888839721679,125.34999847412107,63.240001678466776,67.69999694824219,43.25007625390382,94.86970520019528,3624.828001686205,21.969999313354492,3.6689999103546143
2022-12-23,111.05941084194863,85.54863293873916,76.09944514061301,21.46460533142092,167.2599945068358,97.5351713246901,84.86969963994446,161.15104675292966,70.11142254349139,121.3783340454102,55.92650816261616,90.31335557249055,233.4573541717372,13.349774335019207,140.49037170410145,348.2811610775994,90.14760589599604,123.15000152587888,63.639999389648416,69.31999969482422,43.33747709835981,97.378547668457,3646.0988640366127,20.8700008392334,3.750999927520752
2022-12-27,109.518050160229,84.92864271865272,74.12666268794871,21.65719223022463,168.66999816894514,95.52391590460583,84.1591609189728,161.10568237304682,69.34079195149933,121.80364990234378,56.26827499149715,89.14920637347234,231.72647858197067,12.397222040703095,141.71469116210926,346.90773571877844,88.3651046752929,109.09999847412107,64.48000335693358,69.52999877929688,43.34953881647394,98.73152923583982,3631.3335414600706,21.649999618530273,3.859999895095825
2022-12-28,106.15747098512838,84.78021887072153,73.03761382030791,21.412082672119162,167.9100036621092,94.02640740611996,83.95740033882964,160.40650939941403,68.33129233323152,122.46931457519533,55.70743319040035,88.87084903396168,229.35011181411124,12.322597317140941,139.88285827636707,342.5963852016759,87.844497680664,112.70999908447263,60.200000762939446,68.58000183105469,42.589926660983906,97.10975646972653,3587.682594329397,22.139999389648438,3.88700008392334
2022-12-29,109.16433934664371,85.09456159159045,75.14429695202946,21.385820388793967,168.85000610351545,96.68257291299375,84.36966741766933,161.22370910644528,69.30997107695528,123.17201232910159,56.040432894687015,89.50352164050024,235.68701839912094,12.82038351535137,140.46276855468741,348.76326282584154,88.84165191650384,121.81999969482419,58.1599998474121,68.52999877929688,42.84915320563765,97.8444671630859,3650.3283099453274,21.440000534057617,3.8350000381469727
2022-12-30,109.43384013967336,84.69288567800102,74.98361749925506,21.578407287597678,169.6399993896482,96.44210851154902,84.01880832839942,160.39743041992185,69.35621688589015,123.98561859130861,55.74247958678287,88.9383376562527,234.52329054307637,12.830041414286704,139.5146179199218,347.8445477285458,87.85332489013665,123.18000030517574,56.4000015258789,70.11000061035156,42.74063718342479,98.83007812499996,3641.0537657337445,21.670000076293945,3.878999948501587
2023-01-03,105.34048753791251,85.19059747608405,76.6082622726534,21.061923980712912,171.05999755859355,97.41494753240191,84.67669990313037,161.7957611083984,69.49493981557593,124.9286804199219,55.164121954826406,89.55413810721852,234.28861241856808,12.567540676704994,139.52386474609366,346.38020348146773,89.52990722656243,108.09999847412107,51.11999893188475,67.63999938964842,43.28624348060333,95.43421173095699,3626.487552171954,22.899999618530273,3.7929999828338623
2023-01-04,106.42698483599966,85.66216384823929,76.00125176333582,20.685506820678732,172.6699981689451,96.27813563608312,85.3258380969201,163.55726623535153,70.35030606688593,126.09366607666018,55.137824264709224,90.20368286932985,224.0400464453432,12.94856125917503,140.13136291503895,349.0542901334441,90.75646209716788,113.63999938964841,52.9199981689453,64.3000030517578,43.334461668831274,95.71196746826169,3653.8275351185434,22.010000228881836,3.7090001106262207
2023-01-05,105.29838252763467,85.59228085979517,74.19807729150878,20.580461502075213,170.52000427246077,94.22316476655796,85.20302958016839,162.34960937499997,70.21931010151435,126.06569671630862,54.50687493618421,90.13619424703882,217.40002607263256,12.52364555537882,138.39158630371082,345.0703923893669,91.13589477539055,110.3399963378906,47.84000015258788,64.77999877929686,43.18675940486178,97.85343170166013,3611.276781055431,22.459999084472656,3.7200000286102295
2023-01-06,109.17272900987942,86.52660633062885,76.84035632898785,20.694261550903338,173.71000671386702,95.46925267382771,86.29952300044114,163.66622924804685,71.23655842977452,128.47807312011722,55.55845101094958,91.61245986446427,219.96212928239478,13.045134381541287,141.6870727539061,352.98360758950724,92.81249999999993,113.05999755859372,47.560001373291,64.83000183105467,44.24480585993362,99.03617095947263,3693.7611632482144,21.1299991607666,3.569000005722046
2023-01-09,109.61913091214736,86.74492810724757,77.98296274406297,20.939369201660174,174.10000610351543,96.21254144083625,86.51882019201813,159.4258880615234,71.54479616945257,127.94716644287115,54.86616864692226,91.97519274958975,222.1038026123283,13.72026116119146,139.95646667480455,352.78344126004197,93.30665588378899,119.76999664306638,49.72000122070311,65.87999725341795,43.693179460283716,97.19039154052733,3690.925711964876,21.969999313354492,3.5169999599456787
2023-01-10,110.10763782469311,86.4131053016155,80.22354655484176,20.939369201660174,174.74000549316386,96.64978001958741,85.97496882832198,159.0445404052734,71.45232629726102,129.09278869628912,54.44553453335031,91.66309109893358,223.7955524201621,13.96695874990345,139.81837463378892,355.25750635785266,91.7624435424804,118.84999847412107,45.72000122070312,65.90000152587889,43.6660441800555,98.64192199707028,3716.681852155744,20.579999923706055,3.621000051498413
2023-01-11,112.43226007766573,86.94576979910315,84.88323706435659,21.31579017639162,174.61999511718733,100.03831173743518,86.52761088489858,158.79028320312497,71.96092146715354,130.05212402343756,54.340376925873784,92.44760572175143,230.56275072592604,14.047726208976934,138.6861419677733,359.7507525615893,93.25371551513663,123.2200012207031,46.88000106811523,68.0500030517578,44.048867480093335,99.78881072998044,3764.4390754325173,21.09000015258789,3.553999900817871
2023-01-12,112.3648685571063,87.57449259144948,85.043916517131,21.49086570739748,176.63999938964827,99.61202094002121,87.29955759543999,157.99125671386716,72.34624038742926,129.92175292968756,53.63931638625474,93.49366459951139,233.24221596806882,14.495472874067824,137.90370178222642,361.0605346986303,95.08911895751943,123.55999755859374,47.04000091552733,68.61000061035155,43.650974203469985,101.44644927978514,3777.298044953862,18.829999923706055,3.4489998817443848
2023-01-13,113.50191928899424,87.25137994771221,87.5880089878043,21.70096397399904,178.75999450683577,100.6941611971277,86.83461352080822,157.47367858886716,72.40789663363614,133.20028686523443,53.83211208668236,93.18995841532622,233.94629628184643,14.83610679350756,138.88870239257798,362.4612067688684,94.19790649414053,122.4000015258789,44.11999893188475,70.0500030517578,43.79566462343951,101.38372802734372,3792.3953702363974,18.350000381469727,3.510999917984009
2023-01-17,114.49579078760681,87.09420111715603,85.74019868613436,21.84977722167971,177.58999633789043,99.78690796308747,86.56268410776623,156.50213623046872,72.19982673622626,131.14187622070318,54.05120179356135,92.85250791999553,235.0415884746984,15.541083965467203,138.48364257812486,361.79723828905213,93.58900451660148,131.49000549316406,46.20000076293944,70.86000061035155,43.530403634200134,101.18659973144528,3784.694944851908,19.360000610351562,3.5350000858306885
2023-01-18,113.88092314178193,87.95868095015406,85.21352449796825,21.61342239379885,177.08000183105452,99.60109838398664,87.73814451620612,154.14137268066403,72.26916645539097,127.20203399658207,52.41248254391621,93.94073611087411,230.60184588102362,15.255757295436913,134.77392578124986,356.0851867466515,95.85683441162101,128.77999877929688,42.479999542236314,69.51000213623045,42.4542789440714,99.10784912109371,3725.795256978642,20.34000015258789,3.375
2023-01-19,113.93147004666189,87.75785419854189,83.62458702634994,21.832271575927752,179.88999938964824,101.71074089272412,87.5714720837063,153.93251037597653,71.7913921600425,125.50688171386723,52.333615259225255,93.74671739760068,226.80753321177139,14.718465320404725,131.92372131347645,353.4929560491666,95.25676727294913,127.16999816894531,42.04000091552733,70.58999633789061,41.84838915502221,99.74401855468746,3697.3363276735677,20.520000457763672,3.3970000743865967
2023-01-20,116.12132231635725,87.39981873588678,86.81139049764943,21.9635810852051,179.2899932861326,107.14330410719404,86.99252510997897,153.21520996093747,71.96864843146776,125.81424713134771,52.64908808165487,93.25744703761727,234.91447179531545,15.66136223020855,132.43315124511707,360.0781763795545,93.71255493164054,133.4199981689453,41.04000091552733,71.5500030517578,42.36384115691545,101.56291961669919,3767.2840191223722,19.850000381469727,3.4839999675750732
2023-01-23,118.85021534563676,87.18152683975485,87.05240627157531,22.01610183715822,179.6300048828123,109.07805959286524,86.71181246644439,152.82475280761716,71.87615681359804,127.85401916503912,52.78052864458539,92.98749993232867,237.22231101947668,16.85007584251582,130.6546630859374,364.39861878548277,93.2713623046874,143.75000000000003,44.04000091552734,71.49999999999999,42.99685905513571,101.03428649902341,3812.0444202050144,19.809999465942383,3.5250000953674316
2023-01-24,120.04620917456116,87.5657376088245,85.98121446006024,21.89354896545412,180.27999877929668,106.79353006106152,87.21180737678029,152.82475280761716,71.96864843146776,128.953109741211,53.060951386966686,93.47675552456104,236.69424312743465,16.913283409148598,131.3679046630858,364.00752279067757,94.61263275146476,143.8899993896485,41.95999908447264,70.22000122070311,43.11140235087707,101.97509002685543,3809.33213868429,19.200000762939453,3.4690001010894775
2023-01-25,119.48188843361625,87.67053594606479,86.74890442215225,21.832271575927752,181.11000061035136,104.0826929149754,87.30830351399341,153.9143524169922,71.96864843146776,129.57713317871102,53.39395845858495,93.51894698930623,235.29583714688175,16.96420718104075,131.27528381347645,364.14393007812305,94.84205627441399,144.42999267578128,39.24000167846679,70.51000213623045,42.9064284390369,101.43748474121091,3808.639887574861,19.079999923706055,3.4619998931884766
2023-01-26,121.2506253113253,87.52211956825528,88.569935950105,21.928564071655295,179.47000122070293,106.5967811090577,86.992525109979,153.35139465332034,72.15357367873203,130.37815856933602,53.28879716744261,93.48518791040966,242.5226064278247,17.3847310259095,130.74726867675767,368.14601159985176,94.40086364746085,160.270004272461,38.479999542236314,70.93000030517577,42.86724219728027,105.5143356323242,3850.564837374164,18.729999542236328,3.493000030517578
2023-01-27,122.90985912927628,87.39110110387028,91.26577253501841,21.683454513549826,179.22000122070293,108.61896749361074,86.86092590034683,152.75210571289065,71.96864843146776,130.6948242187501,53.008378108727115,93.21527772449869,242.67909424213795,17.879004575118973,130.21002197265614,368.99190472136195,94.16259765624991,177.89999389648443,39.24000167846678,69.49999999999999,43.19580927897595,103.5879211425781,3860.171384291741,18.510000228881836,3.5179998874664307
2023-01-30,120.44207070086992,87.15533659309689,89.75717819502303,21.403329849243185,178.75999450683574,105.96279357830275,86.58899648730484,147.09532165527347,71.59103472982805,129.58645629882824,53.13982235532343,92.8609698413463,237.34945832569474,16.822861403703847,130.61761474609364,364.3622512301798,93.81845092773429,166.66000366210943,36.479999542236314,68.09999847412108,42.84915320563765,101.75108337402341,3810.109821452375,19.940000534057617,3.5510001182556152
2023-01-31,121.5285875857195,87.51334217526521,92.06024127082758,21.77099418640139,179.41000366210918,108.03964319363388,87.0275908704588,148.38464355468753,72.15357367873204,130.35952758789074,53.73572160380014,93.52737199127934,242.3368087322515,17.152084871342346,131.88665771484366,369.71951642295824,94.56849670410149,173.22000122070318,37.27999877929686,69.3199996948242,43.36762422258799,103.94631958007808,3865.8992412975217,19.399999618530273,3.5290000438690186
2023-02-01,122.48875679513156,88.1304638686213,93.86342255312607,21.35955810546877,181.6699981689451,109.77761609356446,87.65349865088956,149.74665832519534,72.82591380533906,130.01487731933605,53.74448136106286,94.47679809005432,247.1677172647478,18.38644867226474,132.63694763183585,373.64880492396134,95.70534515380852,181.41000366210943,33.999999999999986,67.36000061035156,43.60876894665626,102.80837249755857,3906.3067951867247,17.8700008392334,3.3970000743865967
2023-02-02,127.02849824131872,88.22678361773927,100.79048245760829,21.201988220214865,177.89999389648418,117.76799976842601,87.61835080414346,150.3095855712891,73.29841839800795,129.4095001220704,52.82434953289381,94.61220359941679,258.756054142588,19.058937822135384,131.69212341308585,379.08807084653085,95.82918548583977,188.270004272461,33.52000045776366,66.56999969482422,43.292259997546125,99.59170532226558,3963.7270567759588,18.729999542236328,3.3959999084472656
2023-02-03,130.12794669986297,87.37767729518679,100.92847923879688,20.66800117492678,173.460006713867,114.53250155314115,86.67773920354783,149.4651794433594,72.55481768399679,131.41198730468759,52.43000574210745,93.53753958787614,252.64404040824903,18.524284315023742,132.09967041015616,375.0586847032651,94.39598083496088,189.97999572753912,32.75999832153319,64.4000015258789,42.71652808931083,100.281623840332,3922.6842062164296,18.329999923706055,3.5320000648498535
2023-02-06,127.79495437041709,86.89621301178742,99.74728794179424,20.729278564453143,173.82000732421855,112.47752227518177,85.93052284632202,148.33016967773443,72.12881259984154,132.18507385253912,52.7279553663458,92.81829104081653,251.09890126038533,18.514628930511456,130.9788513183593,372.76654424714843,93.69709777832024,194.759994506836,33.99999999999999,65.49999999999999,42.40604999925776,100.11137390136716,3898.5971089178283,19.43000030517578,3.634000062942505
2023-02-07,130.2543074331421,86.74740071752815,99.6789548071826,21.123203277587905,173.9799957275389,117.65870694060665,85.71952383002778,148.36650085449224,72.40765018261678,133.79638671875006,52.64032464072632,92.51364710443978,261.6505963347288,19.466297824195976,129.70057678222648,377.64182351192443,92.94511413574212,196.80999755859378,35.47999954223632,67.76000213623045,42.49646985877086,102.96965026855466,3948.7818415198085,18.65999984741211,3.6740000247955322
2023-02-08,127.95496516153028,86.86997047427761,97.66800189053797,21.166971206665057,174.4100036621092,117.82011447129402,86.0359962361117,148.5571899414063,72.12881259984154,132.85566711425787,52.33361525922525,92.60675039092422,260.83895457582577,19.49439231107548,128.35745239257804,373.5124555466358,93.38745117187493,201.28999328613284,32.9199981689453,68.68000030517577,42.26738326728815,102.0736389160156,3905.026477917445,19.6299991607666,3.6530001163482666
2023-02-09,127.07059672267576,86.52857844275596,95.90108949943217,21.00064659118654,173.02999877929668,112.65059335629577,85.6491982869842,146.5505065917969,71.60982299577778,130.7879486083985,52.24597716627418,91.8282388589075,257.7975873358686,19.610280393171394,126.94947814941396,370.274411191926,92.50275421142572,207.32000732421878,33.4000015258789,67.9199981689453,42.65924209932587,102.45894622802732,3870.545890048775,20.709999084472656,3.683000087738037
2023-02-10,127.38270525288529,86.15218142097785,95.28609128792759,21.2982807159424,173.36000061035136,112.12889756075847,85.23602825921537,147.23152160644537,71.05214058166789,131.36538696289068,52.24597716627418,91.1851476040043,257.289120618337,18.669140226938556,128.07029724121082,371.1384591360277,91.46766662597649,196.8899993896485,35.1599998474121,69.87000274658202,43.32241429283145,106.77771759033199,3879.0427514922735,20.530000686645508,3.74399995803833
2023-02-13,129.77837522206866,86.41477860887485,97.17014193965154,21.254512786865252,172.47999572753886,112.1763161597025,85.43822165785349,147.77627563476568,71.25352730731633,132.79045104980474,53.104768591609336,91.52359492253076,265.3275622850181,19.128295667548652,129.74690246582023,375.49524014219884,92.23736572265618,194.6399993896485,33.31999969482421,69.49999999999999,43.9825459581085,106.36237335205074,3923.452396577997,20.34000015258789,3.7170000076293945
2023-02-14,129.23007645278165,86.10842144809644,97.32632876972676,21.324542999267592,172.61000061035136,112.25931466910632,85.05143863350169,147.13159179687506,71.2612760173087,133.37724304199222,52.2196905271544,91.29513781381253,266.15877459159617,20.166886489792226,129.0151062011718,375.3225232095703,92.02500915527337,209.25000000000003,35.40000152587889,69.40000152587889,43.85595170083873,105.11635589599604,3922.3522035104356,18.90999984741211,3.760999917984009
2023-02-15,131.02679628506516,85.94210665870895,98.75157548777443,21.09694099426271,170.88999938964827,114.93893522628176,84.79651600235658,144.707260131836,71.15282307165302,133.9360961914063,52.2196905271544,90.94822857393535,264.0314346205233,19.985154049425017,128.71868896484364,376.5413285482344,91.16688537597649,214.24000549316412,33.680000305175774,69.01999664306639,44.181496181948745,104.8003311157226,3933.2295752907744,18.229999542236328,3.809000015258789
2023-02-16,129.6602539868467,85.58321960218076,95.81323580396854,21.035663604736346,170.74999999999983,113.24342161060675,84.5151989054066,143.68124389648443,70.54866289470766,132.09194946289065,51.895457947462056,90.22049595389844,257.002177799607,19.316175034132275,127.03284454345693,371.3567223779646,89.87527465820305,202.03999328613287,33.04000091552734,68.44999694824216,43.48819837738642,104.49336242675774,3878.9952894596863,20.170000076293945,3.8429999351501465
2023-02-17,128.68176462565302,85.78452444158131,94.88584903680729,20.87809371948244,171.25999450683577,111.8680451026322,84.75254015079082,146.680892944336,70.78102996320683,132.48310852050784,52.68414184536898,90.57589665062841,252.9925278522578,18.7771263155291,129.6913146972655,370.4290601671429,90.57414245605462,208.3099975585938,31.040000915527337,67.01999664306639,44.142313525720695,100.47542572021479,3868.2605352992164,20.020000457763672,3.828000068664551
2023-02-21,125.24855773550658,84.97921544251871,92.32823104326967,20.904354095459002,170.61999511718733,108.83274401015774,83.82951739834392,144.4951782226563,69.66562889219009,130.05212402343753,52.40371910298768,89.28969198919545,247.70840341288076,18.133606671759384,129.5987091064452,362.9978598500648,88.81362915039055,197.36999511718756,28.840000152587884,66.69000244140624,44.410600701074316,100.37610626220697,3790.7358197506464,22.8700008392334,3.9549999237060547
2023-02-22,125.61127845980414,85.20680017003755,93.50942234027232,20.63298416137697,169.6600036621092,108.66672874991946,83.97894425253583,144.29396057128912,70.1768407920239,129.05554199218753,52.56145735603539,89.54354224584134,246.57115245584274,18.220520218908273,130.14523315429673,362.49766118935116,89.62754821777337,200.86000061035165,30.31999969482421,64.91999816894528,43.47915567432939,99.0759201049804,3784.7708841040444,22.290000915527344,3.9230000972747803
2023-02-23,126.02462443603136,85.51317974118105,93.53870690542688,20.79055404663088,169.57000732421858,107.76562031782285,84.30419988911235,144.24826049804693,70.88170520463257,130.08938598632815,52.65785520624919,90.2458891018261,249.7671239597499,18.30775917910703,129.72836303710926,364.42583654184,90.50337982177729,202.07000732421884,32.27999877929687,66.37999725341794,42.831067799523616,99.98784637451165,3804.9415533868905,21.139999389648438,3.878999948501587
2023-02-24,123.75549800990964,85.02296794527844,91.27394201118774,20.720523834228533,168.35000610351545,105.67885537710433,83.79433970204646,142.6386871337891,70.47118304334329,131.26296997070315,52.4387654993702,89.56892062601794,244.3261135572024,18.015316275738314,128.9965820312499,360.5329735062596,89.32675170898433,196.88000488281259,33.95999908447265,67.09999847412107,42.94561468079353,99.99687957763665,3764.8467858685367,21.670000076293945,3.9489998817443848
2023-02-27,124.77620337303485,85.18929020478762,91.52775398878225,20.73802947998049,169.00999450683577,106.55624994937126,84.04927725796726,142.32774353027347,70.92047050027263,132.4085845947266,52.421242301178935,89.5943137739456,245.2476444007039,18.181650350612788,128.8854064941405,361.7608996888092,89.57448577880854,207.63000488281259,35.84000015258788,66.24999999999997,42.635129419683324,99.81630706787102,3776.4161772361945,20.950000762939453,3.921999931335449
2023-02-28,124.34597360760336,85.18054269228436,91.9865653702116,20.79930877685549,169.7799987792967,106.78150425560712,84.18116003833748,140.16032409667974,70.7887714246398,133.5169830322266,52.149586683391966,89.62816884322399,244.5221712425584,17.961158212940827,127.42189025878895,360.42387084035107,89.98141479492183,205.71000671386727,36.47999954223632,67.20999908447263,42.84312951763773,99.2384490966796,3764.950970818116,20.700000762939453,3.9159998893737793
2023-03-01,122.574520698839,84.69264663410678,89.97560500581385,21.158218383789084,170.7599945068358,107.13723039448271,83.50814966583424,139.52929687500003,70.58626842084465,132.77183532714847,51.57998880869823,89.06940883068249,241.43405213871065,17.560405092720313,127.51448822021473,359.04126672752454,89.01473999023433,202.77000427246102,37.200000762939446,68.0699996948242,42.24628243164556,100.12329101562493,3747.16058035,20.579999923706055,3.99399995803833
2023-03-02,123.08066875540256,84.51717347552285,89.93655643635677,21.07943344116213,170.6600036621092,109.08171217622328,83.16460371665161,139.4195709228516,70.62520043335078,131.39337158203128,52.333615259225255,89.1458319423578,246.17899114487813,18.036979205420153,129.617218017578,361.83366375447486,88.22541046142574,190.89999389648443,36.680000305175774,68.30000305175781,42.35177943880132,100.58377075195304,3775.572279144599,19.59000015258789,4.072999954223633
2023-03-03,127.39956292640633,85.18407605984544,92.64061215117326,21.412082672119162,172.49000549316392,111.0380873707399,83.83404706776534,140.85536193847662,71.34959971352677,133.80570983886724,52.088238913226476,90.15634484334433,250.27690763119406,18.482600366974186,130.56202697753895,367.6366920952524,90.36277008056636,197.78999328613287,39.52000045776367,69.86000061035156,42.40303098420065,101.85686492919912,3836.539227939635,18.489999771118164,3.9639999866485596
2023-03-06,129.76147837502276,84.97347091893627,91.51798998447968,21.307035446167014,171.61999511718736,112.79286739455846,83.68430679328398,142.26371765136724,71.40412337728978,133.02333068847662,52.89446074398785,89.91008521073728,251.82592107370704,18.22265702827851,130.0062561035155,367.8912939374322,89.66213989257807,193.8099975585938,34.59999847412109,70.48999786376952,42.39699653961501,102.75978088378895,3839.175570208221,18.610000610351562,3.9830000400543213
2023-03-07,127.88043100160907,84.85938722043079,91.32275458494736,20.869338989257837,168.6199951171874,111.28708289895138,83.69311241094012,140.9193725585938,70.94456471169887,129.1114349365235,52.58774767882097,89.6553193535264,249.15928847550148,18.01992657260412,127.42189025878895,362.25200646069715,90.21199798583979,187.71000671386724,35.08000183105468,67.84999847412108,41.97498341229198,100.77337646484364,3780.332836774059,19.59000015258789,3.9749999046325684
2023-03-08,128.95169632745586,84.77165064113883,91.68394081885747,20.755537033081076,168.53999328613267,111.74946668276856,83.6666955579717,139.88598632812506,70.58626842084465,128.34768676757818,52.61403431794076,89.5109572031531,248.71815485509626,18.710915680615805,127.4404067993163,362.8432398299077,90.30068969726557,182.00000000000003,34.31999969482422,67.09999847412108,41.62833809553938,99.30163574218739,3785.6812290412595,19.110000610351562,3.9760000705718994
2023-03-09,127.02843295211065,85.07876228420831,90.053702144728,20.501676559448264,170.19999694824202,109.4611339334979,84.18642848415546,138.312973022461,70.15005011650301,121.39938354492195,52.105765795083535,89.42605001850052,247.36524503819194,18.134443924165982,126.50486755371084,356.1488589234913,90.52240753173822,172.91999816894534,32.959999084472656,66.23999786376952,41.34800712971449,98.53417205810537,3715.799984438076,22.610000610351562,3.924999952316284
2023-03-10,125.26540235118604,86.07029394697197,88.56989374412434,20.720523834228533,173.86999511718736,107.45734014003723,85.73679925788707,138.651351928711,70.12670250669436,124.48232269287116,51.88669450653352,90.70831169040358,243.7084927991164,17.769989690482923,127.07913970947256,351.0098280175899,93.64417266845697,173.44000244140625,32.15999984741211,67.13999938964844,41.287716466786705,97.31526184082021,3662.002117784672,24.799999237060547,3.694999933242798
2023-03-13,126.92718244825136,86.7547064965445,90.22941698340833,20.589214324951193,177.8600006103514,108.02646365523384,86.7762203359275,139.97740173339852,69.76838447016193,122.24696350097663,52.41248254391621,90.78472003432783,248.9337984015449,17.770763735839438,127.95915222167959,350.50957144675635,93.85703277587885,174.4799957275391,34.59999847412109,65.24999999999999,41.4082942071137,96.19564056396474,3656.4733697936435,26.520000457763672,3.515000104904175
2023-03-14,128.71551914621998,86.24577457567761,92.62108414256817,20.326595306396506,176.83000183105455,111.41749088658389,85.95701432316888,140.76390075683602,70.31361385923263,125.38578796386724,52.605267193346435,90.51298603116237,255.66893041088332,18.619607872263014,129.54312133789054,356.30353685376815,92.31385803222652,183.25999450683597,34.27999877929687,62.93000030517577,41.62833809553938,96.55680847167957,3716.7198217818095,23.729999542236328,3.638000011444092
2023-03-15,129.05293377347354,87.1056901643208,93.9096571436395,19.853885650634783,178.21000671386702,113.95482828478136,87.19905415595454,141.15716552734384,69.99426407800331,119.46205902099615,52.95579377949016,91.37913678177561,260.22761231895,18.74728399488562,131.37718200683585,354.0750685744913,94.09646606445308,180.44999694824222,32.4000015258789,60.020000457763665,42.09254572309043,91.7533493041991,3690.7738334605965,26.139999389648438,3.492000102996826
2023-03-16,131.46543530049476,86.76347641941287,97.65823788623541,19.91516304016115,178.57000732421858,118.94650457177245,86.41507807620829,140.86450195312509,70.4538444892724,121.78127288818365,53.24720489694073,91.24328085600617,270.7763212768641,19.763264318070288,132.35908508300773,360.2873187776056,93.36036682128903,184.13000488281253,33.36000061035156,60.04999923706054,41.85343757925071,91.22062683105457,3755.5912264699878,22.989999771118164,3.5850000381469727
2023-03-17,130.74844227542258,87.30749550187485,96.59418484985092,19.853885650634783,183.77000427246074,120.48786897783933,87.43689538132432,139.35551452636727,70.03319609050945,117.18012237548834,52.99994251405443,91.7018416776845,273.9428603921707,19.905639916537687,132.39610290527335,356.074647104828,94.7616271972656,180.13000488281253,31.20000076293945,58.6599998474121,42.19243496356055,90.1461715698241,3714.206649275837,25.510000228881836,3.3949999809265137
2023-03-20,132.77294309678547,86.95651183409855,95.38370898769374,19.932670593261733,183.83999633789043,120.01359178124605,87.08455127687343,140.73646545410165,69.8462557437336,118.41888427734382,53.51210835532376,91.43008552289245,266.88426306315927,20.041050583982255,134.4339752197265,359.4985250343256,93.92796325683591,183.25,29.84000015258789,59.790000915527344,42.64643817679745,92.50273895263659,3747.331443667311,24.149999618530273,3.4809999465942383
2023-03-21,134.35877878703553,86.69327968585759,98.21466696743093,20.002700805664077,180.3699951171873,124.40058288401134,86.32695473815636,140.73646545410165,70.64077758748887,121.59498596191413,53.26486070710065,91.87165604698966,268.4038134902364,20.272414809104497,133.46138000488276,364.21886577328524,93.12091064453122,197.5800018310547,30.920000076293945,61.22999954223633,42.50115614461364,96.64710235595689,3795.9800270682663,21.3799991607666,3.6059999465942383
2023-03-22,133.13566382108303,87.52688550589576,96.35013687655898,20.055225372314467,183.44000244140605,122.5628134715043,87.46331969668059,138.13920593261727,70.71867060673871,118.4561386108399,53.026435438458805,92.40664736421881,266.9430972135254,20.480560627902896,133.37800598144526,358.01029286278515,94.36253356933592,191.14999389648438,29.520000457763672,61.61000061035156,42.2287491969315,94.43497467041001,3733.485958434502,22.260000228881836,3.5
2023-03-23,134.06352793034708,87.73746076631816,96.35990088086152,20.002700805664077,185.74000549316384,125.2068358767893,87.9654115380007,138.21237182617196,70.48499154898919,118.13946533203132,52.9116413612601,92.66988252665594,272.2076970454801,21.04000929525258,133.19274902343744,358.9781157417637,94.36253356933592,192.22000122070312,28.719999313354492,60.9900016784668,42.57077276735559,93.36956024169906,3744.628654553104,22.610000610351562,3.4059998989105225
2023-03-24,135.17699620028378,87.88664656666211,95.79370779536347,20.098993301391616,183.64999389648418,125.01715236029794,87.99185824052047,139.60244750976568,70.29024450374581,116.34185791015632,53.777019181038376,92.95862159515359,275.06052548811607,20.72120896574592,135.90678405761713,361.3337835994206,94.76162719726561,190.4100036621094,29.319999694824222,60.959999084472656,42.91883795342245,93.47789764404281,3765.7476383992353,21.739999771118164,3.380000114440918
2023-03-27,133.51522916106006,86.93897945848357,95.70585409989985,20.47541427612306,181.949996948242,121.4838419699699,86.90836429987228,140.19691467285162,70.18119717621978,119.67629241943368,54.1743872614432,91.84618167643124,270.95282372796254,20.529312190691144,135.19352722167966,362.0093630582786,92.53559875488278,191.80999755859375,28.280000686645515,64.1500015258789,43.63618031258446,95.52749633789047,3771.949652686658,20.600000381469727,3.5280001163482666
2023-03-28,132.98381418097733,86.80737085448477,94.9248976062644,20.5717067718506,183.44000244140608,119.78832835429488,86.85552313154763,138.8434143066407,70.16564176775988,120.03954315185555,54.23620285716478,91.69334283695618,269.8253580447621,20.435682246268808,135.5733032226562,361.1967393006561,92.70410156249997,189.19000244140628,27.319999694824226,64.55000305175781,43.46668162042954,96.71932220458969,3766.0131942596086,19.969999313354492,3.563999891281128
2023-03-29,135.61567438923822,86.91263233927005,97.86323729007029,20.44039916992189,182.5299987792967,120.21516871051351,86.70579031945411,140.20605468750006,70.99128167699436,120.28168487548835,54.624737506990954,92.11793044734776,275.0017219645851,20.879838039514325,135.99014282226554,366.44669704124317,92.51786804199216,193.88000488281253,27.600000381469734,64.1500015258789,43.65433025821279,98.38068389892561,3819.630936711294,19.1200008392334,3.565999984741211
2023-03-30,136.95687141688782,87.00918366216052,99.5715731031139,20.589214324951186,184.1799926757811,119.62233133548723,86.83788950907181,140.3157806396485,71.4586397924934,119.91844940185555,54.6159077600781,92.24530968401545,278.4721711653071,21.18857430220051,136.58296203613273,368.59235384905014,92.94352722167967,195.2799987792969,26.7199993133545,65.31999969482422,44.09018352582136,98.8592224121092,3841.4611564798893,19.020000457763672,3.5510001182556152
2023-03-31,139.09945429994784,87.4303715336138,100.8308615390307,20.781801223754897,183.22000122070298,122.98963558629228,87.3135794221992,141.7516021728516,72.29988585010354,121.37142181396491,54.77485057184108,93.07747983946639,282.63867644899153,21.4934462468473,137.7316131591796,373.7875575712633,94.33592224121092,207.46000671386722,27.76000022888184,66.44000244140624,44.628941463428575,99.01271057128888,3896.918573619042,18.700000762939453,3.49399995803833
2023-04-03,140.17074574147784,87.81039903453502,99.97181535423417,21.123203277587905,184.5399932861327,123.73661305021137,87.72487639061914,143.44345092773443,72.2404186688337,121.23172760009773,55.10157699327728,93.63967335412663,281.5897685980082,21.638918026740754,138.49114990234364,375.21188592548424,94.77959442138669,194.77000427246094,26.840000152587894,70.2699966430664,45.00424949558079,99.06103496975041,3911.3326771544453,18.549999237060547,3.430000066757202
2023-04-04,139.71524905252718,88.13585729648412,101.47514431568983,21.09694099426271,187.97999572753895,124.16344428571468,88.28975676326021,144.9432983398438,71.98993745040846,119.61109161376962,54.93380075093566,93.75893771159325,281.5406737812269,21.24273975092697,139.1581115722655,373.1301618900567,95.2508392333984,192.5800018310547,26.44000053405762,70.2699966430664,44.56235102680087,98.11417576453952,3888.6587908163647,19.0,3.3369998931884766
2023-04-05,138.13780955443363,88.43496096909799,98.69299890971227,21.175727844238292,187.83000183105457,123.86703927927451,88.6604732665835,144.93437713335518,71.58287285195021,119.78943634033212,55.454796339117834,94.06559006211256,278.7564800762122,20.800136479951863,140.1121826171874,372.15316025707256,96.24662780761714,185.52000427246094,27.159999847412113,70.23999786376952,45.30086593217689,99.79462110357251,3878.9668122401317,19.079999923706055,3.2869999408721924
2023-04-06,138.89701858143735,88.35577767914526,99.63014223342299,21.114450454711925,186.49000549316395,128.55042626776464,88.68694981865464,144.5317742592595,71.92730989724276,119.65802764892585,55.49011532676925,93.9804096740656,285.87391155558976,20.920844717180042,141.0014190673827,373.6049669631903,96.4955902099609,185.05999755859375,25.63999938964844,70.26000213623045,45.642885917072405,98.13977083961815,3892.8502670990097,18.399999618530273,3.2880001068115234
2023-04-10,136.67849129156207,87.74881535129255,99.73752393749169,21.114450454711925,185.11000061035142,126.2028088689198,87.81311912687659,143.80541863148437,71.78641239973874,120.0522766113282,55.35765807207904,93.54597197372476,283.7072773549907,21.34023696776028,139.8343048095702,373.9884188221675,94.93960571289058,184.50999450683594,27.399999618530273,69.76000213623045,45.55510500658784,97.70471943393079,3896.7287254886965,18.969999313354492,3.4149999618530273
2023-04-11,135.64098048628225,87.80159176105819,97.54109217786416,21.22825050354005,186.27999877929676,124.91040350820309,87.77782203237362,143.7616422127792,71.98993745040846,120.64366149902351,55.26052717237185,93.52043114828662,277.27610137132046,21.022986206152442,139.5563964843749,374.08880601502966,95.13525390624996,186.7899932861328,28.239999771118164,71.0699996948242,45.42193847544673,98.39566392760503,3896.567586100013,19.100000381469727,3.434000015258789
2023-04-12,135.05050488858853,87.90714458058953,95.50085469606498,21.394575119018565,187.19000244140614,124.06858884639598,88.03378939781692,143.45532409683622,71.9429595369748,120.62490081787116,55.35765807207904,93.324522162879,277.9231851448423,20.50145542097139,139.93621826171864,372.56400360276666,95.03742980957027,180.53999328613284,26.60000038146973,72.43000030517577,45.200991033821055,98.29330525084029,3880.4557309306815,19.09000015258789,3.4210000038146973
2023-04-13,139.65620149275782,87.87195283729073,99.96205134993161,21.394575119018565,189.720001220703,127.3766175683422,87.74253986264632,145.37192229229464,72.4908926386995,121.08486938476571,55.76385958306252,93.48633979499148,284.14845691564875,20.476693355491907,140.58460998535145,377.51271289958726,94.29057312011713,185.8999938964844,25.639999389648438,71.8000030517578,45.246387411063324,98.7539373159064,3931.9210123240514,17.799999237060547,3.4519999027252197
2023-04-14,139.36096369391097,87.44091934544524,100.06943305400033,21.420835494995124,186.36000061035145,129.08397899321673,87.31004225036106,145.13564936665477,72.3108601690263,121.28252697997458,55.67555106293659,93.17969482834768,280.5211370651739,20.704959922002296,139.87138366699207,376.5905521501569,93.42813110351555,185.00000000000003,26.76000022888184,72.08999633789061,44.940685245067336,98.99278383882402,3923.784399283989,17.06999969482422,3.5220000743865967
2023-04-17,139.37782136743203,87.00107111000123,100.29395301868718,21.333297729492195,185.52999877929673,125.64554228363801,86.75396749537614,144.98687087092864,72.11515631394289,122.24419054427106,56.0375964720242,92.59195310437376,283.1288895727606,20.89376199281681,139.9176788330077,377.94182688811264,92.31675720214837,187.03999328613284,28.520000457763675,70.83999633789062,45.25546955493463,97.84120728008367,3936.75704616143,16.950000762939453,3.5910000801086426
2023-04-18,140.42384588544283,87.12422353624281,99.86443365016545,21.377067565917976,186.2499999999999,123.90259182758835,86.895208110103,140.90864042988127,72.1934335068406,123.6167410381406,56.12590130848434,92.89859807101756,282.70734181344807,21.408329324160825,140.06588745117176,378.1883502685651,92.64571380615227,184.30999755859378,29.39999961853028,70.7300033569336,45.355351624347605,99.75197225557466,3940.123840687625,16.829999923706055,3.572000026702881
2023-04-19,141.40230913095328,86.99225636640273,101.81681743650103,21.079433441162116,185.36000061035145,123.52319743245967,86.7098573208292,142.23887116505168,71.92730989724275,123.45937222517483,56.23186932243598,92.43860477748753,282.7857465114893,21.612612302105624,140.09368896484364,378.12441749618563,92.55681610107413,180.58999633789065,27.95999908447266,69.30000305175781,45.40377777323268,99.43634771527108,3939.791837981631,16.459999084472656,3.6019999980926514
2023-04-20,140.5756432941821,87.38811305519279,101.33847804646659,20.895603179931648,186.0899963378905,124.83927104942943,87.21297150928396,143.1577963091323,71.88033198380909,123.10095104036155,56.4791169706591,92.78787685753244,280.49164342290294,20.972689507022753,140.6072540283202,376.06099305864933,93.34811401367179,162.9900054931641,28.07999992370606,67.5999984741211,45.694345423128865,98.64305175268204,3916.340037353356,17.170000076293945,3.5450000762939453
2023-04-21,139.2006786881239,87.23857615912924,104.41348399949572,20.851831436157234,184.2499999999999,124.9815542084074,87.0011068559998,142.37890313816126,72.07602134177371,122.86491203156967,56.55858837654058,92.84751642014128,280.14859224213717,20.984295755813083,145.47279357910145,376.3531206585301,92.8235321044921,165.08000183105474,28.0,68.20999908447266,45.92437500862585,98.9586690851357,3919.8772321526417,16.770000457763672,3.569999933242798
2023-04-24,139.46220113992862,87.58166390827536,103.68134007961989,21.01815605163575,184.80999755859364,125.645542283638,87.42477646346539,143.24530534092014,72.28735309091097,123.03100618778639,56.47029090741203,93.25638375954186,276.23690222708683,20.92471494396261,145.73381042480455,376.74575127151286,93.72155761718743,162.55000305175784,28.760000228881832,69.25,46.23612237579318,100.82677079692905,3923.2153179371744,16.889999389648438,3.515000104904175
2023-04-25,138.14625797795657,88.12707243337238,100.12800218430941,20.720523834228523,185.74999999999986,123.1319278659855,88.28975676326023,144.5580284289833,72.15431303179021,120.35585005262249,56.3819787036203,93.66522156344035,270.01169170995075,20.30491585096332,145.77108764648423,370.76537318851405,95.09969329833976,160.66999816894534,27.999999999999996,67.62000274658203,45.875952445269334,99.3937060751232,3861.1859141785358,18.760000228881836,3.3959999084472656
2023-04-26,138.13780955443363,87.8015917610582,102.48062822176524,20.405382156372077,184.74000549316392,122.96592172646254,87.94553173678379,142.317633674223,71.87252528534154,118.22272389294592,56.11707524523727,93.25638375954186,270.32739722811215,20.858167723903506,144.0839996337889,369.19490864670286,94.08609008789055,153.75000000000003,27.04000091552734,65.36000061035156,45.676181135386244,98.48098324715039,3846.3543762784825,18.84000015258789,3.431999921798706
2023-04-27,142.0602676540977,87.48490342197746,107.20539340977584,20.431644439697276,184.7499999999999,127.5663284469795,87.37180097215955,142.65020595988975,72.11515631394286,119.81384139312033,56.23186932243597,92.91564005572738,278.9853116492387,21.067090542430012,145.84564208984358,376.5448900206086,93.15251159667962,160.19000244140628,27.52000045776367,65.80999755859376,45.81844056698438,99.65814767311946,3921.612721890529,17.030000686645508,3.5280001163482666
2023-04-28,143.1315721534693,87.9335215802898,102.93943215544152,20.624229431152354,184.80000305175767,127.26989607839337,88.02496885538511,143.2628129880274,72.39695855751032,120.85418936389966,56.6468932130007,93.63967335412666,281.20931086078957,21.471783317165453,145.7617340087889,379.7588148103763,94.65509033203116,164.30999755859378,28.040000915527337,67.50000000000001,45.694345423128865,100.94619045446291,3953.9785868048416,15.779999732971191,3.4519999027252197
2023-05-01,143.05564080449565,87.03313287231038,99.62038567687354,20.449151992797862,183.97000122070298,127.10390818030105,86.98892077665023,143.17527475249122,72.08213912590237,123.44189311735946,56.7793578350225,92.12856322810259,279.6534692319955,22.370147152990615,145.9388580322264,379.37530504127926,91.9257736206054,161.8300018310547,27.04000091552734,66.55000305175781,45.881997646440695,97.8156049971551,3952.4519300103343,16.079999923706055,3.5739998817443848
2023-05-02,142.16992740795507,87.87975164433888,101.16276320778628,19.985193252563487,187.52000427246077,124.87486008060453,88.12142768065901,144.42677218223858,72.05854506507433,121.44864955750485,56.52326938888915,93.23968881698165,279.51617226967795,21.828495620097577,145.8083648681639,375.1113829123821,94.21656799316399,160.30999755859375,25.95999908447265,63.049999237060554,45.75790250258518,93.91731865233687,3906.6577827057517,17.780000686645508,3.438999891281128
2023-05-03,141.2504856065308,88.26777217547233,101.18229121639135,19.731330871582042,189.11000061035142,124.98155420840739,88.69650167509522,142.5364135546298,71.97196827167026,118.87840359587534,56.20538376536321,93.393531863528,278.591747991117,21.51279147201697,145.62193298339827,372.5366989812295,94.74246215820307,160.6100006103516,25.23999977111816,60.31000137329102,45.588407395958825,92.06627792131262,3879.3177997591624,18.34000015258789,3.4030001163482666
2023-05-04,139.85018878774534,88.16195790168173,101.52395688944948,19.810115814208995,190.4400024414061,124.12789173740076,88.67880089112882,141.88880583415184,71.75946950447054,117.25232788007013,56.26719199375318,93.1371120181997,279.51617226967795,21.32708410544272,144.95085144042952,369.89799541251756,93.80654907226555,161.1999969482422,24.440000534057614,60.70000076293945,45.71601277228573,90.45407650535607,3851.3140429226955,20.09000015258789,3.3510000705718994
2023-05-05,146.4129424613516,87.87975164433891,103.14443900702948,20.25656509399415,187.46000671386702,125.17126508704469,88.20102897179291,142.37015661554474,72.12937798747424,119.5428441686976,56.532099135802,92.76959438173455,284.3118733913933,22.19217433123833,145.43550109863267,376.74575127151286,93.49458312988273,170.05999755859375,24.680000305175774,63.02999877929688,46.110976672066265,92.70603947267952,3922.4661123886417,17.190000534057617,3.446000099182129
2023-05-08,146.35389490158227,87.39470917264829,103.31038984140726,20.352857589721694,187.6900024414061,127.77974406473113,87.66133415812595,142.04633085249452,71.98770489411503,119.8313205009357,56.44379429934186,92.10291902840711,282.4814664295848,22.556630042107184,144.75511169433577,376.8461384643751,92.18425750732416,171.7899932861328,26.120000839233395,64.26000213623047,46.39961530759104,93.07283253959058,3924.239571752598,16.979999542236328,3.5209999084472656
2023-05-09,144.89456358086906,87.31532418940984,104.08158233074016,20.41413497924806,189.0200042724608,127.28176212902352,87.55515930387892,140.94364112222163,71.8145513073069,119.25432520448919,55.97578087630261,92.06872430085463,280.97131421057486,22.10783293109417,143.27308654785142,375.19361528265284,91.85448455810541,169.14999389648438,26.52000045776367,64.87000274658203,46.47860808754714,93.09842040681929,3906.2688255606536,17.709999084472656,3.5209999084472656
2023-05-10,146.40449403782864,87.87975164433891,107.566587091439,20.352857589721694,188.74999999999986,132.49872920511174,88.20990175093962,141.46872451669722,72.23956333882515,119.3154736605296,56.0729191433414,92.7952533491811,285.83117492900834,22.35080340500674,143.57131958007798,376.946670432537,92.74583435058588,168.5399932861328,25.600000381469723,64.38999938964844,46.34795859746314,91.90419500008112,3923.7843992839894,16.940000534057617,3.438999891281128
2023-05-11,146.56479210145733,88.14430600411964,109.50920687347201,20.002700805664077,187.13000488281236,138.21364173404632,88.53723939372468,140.8911473846482,72.13724267441692,118.93959468388601,56.39081950153054,93.1541983061627,283.81763863699507,22.113249771403975,143.90687561035142,376.2892457962705,93.7263107299804,172.08000183105472,25.559999465942383,63.25,46.52113962746087,90.24081784966715,3917.1272125279584,16.93000030517578,3.3970000743865967
2023-05-12,145.7707447530329,87.65043384858716,107.63492022605062,19.845132827758803,186.80999755859358,139.32817490460988,88.00640243442878,140.70733899283346,71.86964035870265,117.23482035094115,56.6115705416835,92.58153445600917,282.77430180818874,21.92908754117116,145.37026977539048,375.7961990353656,92.9419326782226,167.9799957275391,26.559999465942383,62.06999969482422,46.50595491396107,90.23227654750772,3910.925198240535,17.030000686645508,3.4630000591278076
2023-05-15,145.34840192393503,87.42997561716406,108.55253554115623,20.072734832763686,187.21000671386705,138.14250927527263,87.81176843467681,139.63090343228433,71.88540597538498,118.2227238929459,56.46146484416498,92.08582535656866,283.22273278632025,22.403420763020176,145.4169006347655,377.0927487100073,91.97925567626947,166.35000610351565,27.760000228881836,62.9900016784668,46.144397383880104,90.40435675658323,3922.4943580860827,17.1200008392334,3.507999897003174
2023-05-16,145.34840192393503,87.22715434305968,110.70016217477722,19.85388565063478,184.8699951171874,141.69952440471502,87.52861559031717,139.44712424421786,71.37383164758147,117.42716869552288,55.82567149511831,91.62429621692961,285.3094922187949,22.604601650795743,145.1652221679686,374.57273193204884,91.70294189453118,166.52000427246094,27.440000534057617,62.54000091552734,45.50637050224562,88.21028723984597,3897.4779310372305,17.989999771118164,3.5490000247955322
2023-05-17,145.87213889314992,87.09485848786508,112.75016366087894,20.090242385864272,184.22999572753892,143.27645960052638,87.24550005789675,139.1408353320232,71.5391132988875,121.03774841727498,55.763859583062526,91.61573830519707,288.0061109195395,23.351305775432714,144.55001831054673,379.1196318618811,91.43555450439447,173.86000061035153,27.600000381469727,64.59999847412108,45.43042542157519,90.18926009916382,3943.822174875594,16.8700008392334,3.5810000896453857
2023-05-18,147.86564039852598,86.68919352929124,115.33707366732418,19.90641021728517,181.8399963378905,145.63597041214734,86.70582016900549,138.69451444671893,71.57058654377703,121.9556857907194,55.45479633911785,91.23113438076896,292.1518387292257,24.511986787525913,142.1732025146483,382.7717914840599,90.75808715820307,176.8899993896484,29.92000007629395,64.04000091552733,46.01983970683888,91.00665911189728,3981.071767181982,16.049999237060547,3.6480000019073486
2023-05-19,147.95854694159522,86.49517952866368,113.48230758075478,19.880146026611342,183.6399993896483,145.55295366131284,86.37843775189339,139.0708193454684,71.60992447560923,121.67592059107548,55.48128926352221,91.12002182188107,291.98686507812783,24.191636890120428,142.76969909667955,382.21481195077547,90.11631774902337,180.13999938964844,29.840000152587894,63.9000015258789,45.54587227051653,91.42826066962724,3975.3156644787596,16.809999465942383,3.691999912261963
2023-05-22,147.14761580396646,86.41580948566862,112.2718317185976,19.89765357971193,183.21000671386702,148.26812676680217,86.21919785768638,138.3213197471637,71.92473665865779,120.67058767855399,54.315674263046304,91.08583447820409,294.59167608499445,24.123546010905685,139.03199768066392,382.3700689822514,89.79541778564447,188.8699951171875,28.0,63.9099998474121,45.14482731427894,90.31831665204547,3975.931976336051,17.209999084472656,3.7190001010894775
2023-05-23,144.91759761347265,86.5128090158607,112.2523037099925,19.976440429687514,183.4299926757811,145.3157968215856,86.36075189270267,138.26841715711404,71.57058654377704,119.41166559614139,54.2185433633391,91.27386486842741,289.16175563422314,23.745937437719267,137.53132629394517,378.0787843216973,90.05392456054682,185.7700042724609,27.520000457763672,64.87000274658203,45.05976064892292,91.5487254654,3931.313961351168,18.530000686645508,3.697999954223633
2023-05-24,145.15408818290723,86.29230596370742,113.97040352733865,19.98519325256349,181.94999694824205,143.3476011800154,86.13958910416464,138.13612417730457,71.06689864859437,118.31890161790095,53.7593596872127,90.91490514369478,287.86847085777424,23.62987051825858,136.39418029785142,375.3396646050632,89.60824584960932,182.89999389648435,28.239999771118168,65.66000366210938,44.85315532158277,92.57262217059406,3902.542245675244,20.030000686645508,3.7190001010894775
2023-05-25,146.12552630963043,85.97488555270071,112.26206771429503,19.670051574707045,180.19999694824207,146.40664349446547,85.59986444094632,136.15219674013517,70.99608747187266,118.60736373948231,53.344339480313764,90.61571789133042,298.9393465112672,23.743009183284453,135.5180053710936,378.59010172543344,89.38540649414057,184.4700012207031,27.040000915527347,64.08999633789061,44.40654188273149,90.9120272502506,3936.7190765353625,19.139999389648438,3.813999891281128
2023-05-26,148.18660214534847,86.04541844173218,117.25040888420264,19.98519325256349,180.91999816894517,147.74644921269552,85.75911179754117,136.09930875195968,71.44466456998137,119.71769208947873,53.21187117462617,91.00036611901169,305.3323185200853,24.346903841664645,135.52729797363264,383.49309098258595,90.10739898681635,193.16999816894528,26.559999465942386,64.80000305175781,44.485538248216166,90.31831665204545,3988.08966538567,17.950000762939453,3.809999942779541
2023-05-30,149.76619618730797,86.61863075977298,118.76350929771395,19.521236419677745,182.03999328613267,146.63190692141663,86.43153264140471,136.116918612186,71.74372563346638,120.1722483672768,52.78801385348278,91.68412037642655,303.7914017172657,25.07519637445033,133.45800781249983,383.6391692600563,91.00768280029291,201.16000366210935,25.31999969482422,62.29999923706055,44.376158113617606,89.51812998492947,3988.1558807091797,17.459999084472656,3.700000047683716
2023-05-31,149.7239671275348,86.92729618815473,117.70922026563198,19.30238914489747,182.3200073242186,145.68338901109135,86.75888520896545,136.7253495043164,71.49187443731566,118.64236458708338,52.68204952319693,91.98327809328882,301.2048035727473,23.651738406980837,132.8242340087889,381.5118120501405,91.80097961425776,203.9299926757812,24.79999923706055,60.630001068115234,44.62226162370008,87.91775665069751,3963.7937351436885,17.940000534057617,3.63700008392334
2023-06-01,152.12292767280442,87.19080473089835,119.84707544719734,19.617528915405288,183.7599945068358,146.69120069170614,87.0000994336408,136.26680685034762,71.96998941495566,120.2771514354828,52.98228670389455,92.26537905769024,305.0479462611911,24.862019595664155,134.18508911132795,385.1365801856024,92.1611709594726,207.52000427246088,23.76000022888184,62.54999923706055,44.78632106901222,88.93304718308285,4002.8547564401015,15.649999618530273,3.6080000400543213
2023-06-02,152.84936151736207,86.7310038004106,121.29184272609702,19.871393203735366,181.05000305175764,147.8175816714692,86.30835846764865,138.40950046516252,72.3341280446816,122.80370673290214,54.00661470276739,92.01671228166232,307.6345158140889,24.585078105746653,136.5712738037108,390.70608596784706,91.15125274658196,213.97000122070307,23.920000076293952,64.1500015258789,45.214709266135166,90.99805293908851,4061.033947506496,14.600000381469727,3.690999984741211
2023-06-05,151.69211030450043,86.72216664644701,122.31684719302443,19.818868637084975,182.13999938964827,149.40639203862608,86.28176251737199,139.59990365346144,72.24705110067933,121.59726460590608,53.644565610014,91.81948158253587,308.1297798668302,24.48756332853271,136.03063964843733,389.95742393766403,90.98144531249993,217.6100006103515,24.7199993133545,64.02999877929688,45.512451558702686,90.59365651912616,4052.897334466433,14.729999542236328,3.693000078201294
2023-06-06,151.3795839233593,86.82827225498364,123.59565618979322,19.8451328277588,182.33999633789045,150.94775644469294,86.33496188031317,139.4764156037651,72.40537413496698,121.8158102962258,53.25602727652203,91.99956692269518,306.05691596198704,24.164359902206915,134.67910766601545,390.80650211576926,91.51767730712882,221.30999755859366,24.840000152587894,63.79000091552734,45.50637050224562,91.33361439228071,4062.437434538389,13.960000038146973,3.6989998817443848
2023-06-07,150.20546197913495,86.36849373486098,118.34374648574165,19.923917770385756,180.1499938964842,145.24467348352727,85.70528559402108,139.7762212838367,72.0333345755014,122.99603376149872,53.17655587064055,91.17638294375716,296.6095583033451,23.429732668191864,134.96806335449202,389.45516946769357,90.15920257568351,224.57000732421864,25.559999465942386,64.70999908447266,45.573215511401884,93.38142221836873,4046.9513836328647,13.9399995803833,3.7839999198913574
2023-06-08,152.52838671269802,86.82827225498364,121.29184272609699,19.958930969238292,182.52999877929668,144.81785136873927,86.281762517372,141.31049860839533,72.5003447601495,123.0310061877863,53.30901312533075,91.7851760968505,298.33397612743784,24.076831707488704,136.4967041015623,391.8108662804105,91.21379852294913,234.86000061035145,25.68000030517579,63.45999908447265,46.232508162993234,93.08888442137037,4071.9965194233782,13.649999618530273,3.7139999866485596
2023-06-09,152.85782299872665,86.62492060223902,120.49136567160954,19.836376190185558,182.0399932861326,144.92454549654212,85.9713719573811,141.09003951246115,72.50826018700793,123.2757847504859,53.39732164545668,91.54510415193275,299.7373100517335,24.239383387150955,136.60855102539043,392.51386618104533,91.0886917114257,244.39999389648426,24.87999916076661,62.93000030517577,46.51202879936099,92.4005563772184,4076.6714138720736,13.829999923706055,3.744999885559082
2023-06-12,155.24833512047329,86.77522692083701,123.55660762033612,19.56500816345216,181.88000488281233,146.5963452523875,86.11323941268684,140.99303926247504,72.46079662009485,123.26705940723495,53.167722440061894,91.83663432537854,304.37841628064365,24.68453577926832,135.53663635253886,396.0747304991877,91.35680389404286,249.8300018310546,24.959999084472667,60.24000167846679,46.81888909108553,91.56593060316756,4114.670674771215,15.010000228881836,3.765000104904175
2023-06-13,154.84288913842136,86.36849373486098,123.64446876355282,19.827623367309585,180.53999328613264,146.8216269207693,85.50133107185175,141.73374853254074,72.56366817501703,124.15877811895628,53.379654784299376,91.425034952034,306.6163967946879,25.647360242271656,135.21038818359355,398.6859846710628,90.45411682128895,258.70999145507807,25.68000030517579,62.13999938964844,47.18347280728074,91.58315015663499,4143.19558787769,14.609999656677246,3.8389999866485596
2023-06-14,155.38347072331567,86.44808788150685,123.41017734681033,19.871393203735366,180.63999938964827,146.63190692141666,85.6166324264322,142.45676033113529,72.61909066014493,123.69542544462345,53.74169650972119,91.70802936537383,309.41388673305346,26.882149611898132,136.47804260253886,399.1607607891365,91.17806243896472,256.79000854492176,25.799999237060554,61.83000183105469,47.660477186303055,90.48181231186197,4146.590628101327,13.880000114440918,3.7960000038146973
2023-06-15,157.12358481221125,87.04929821565547,124.08375213637709,20.291580200195323,181.9100036621092,148.31556360717684,86.28176251737202,144.3701607161546,72.95156033387771,125.0941946002161,54.480205195821696,92.50546577035902,319.28319952911346,26.667077673814255,138.37020874023415,404.1094411308971,92.05392456054675,255.8999938964843,28.079999923706062,63.40999984741212,47.92175465329963,91.10992597775237,4197.088378596267,14.5,3.7279999256134033
2023-06-16,156.20285028446736,86.77522692083701,122.50231858825416,20.545444488525405,181.6300048828123,146.46591902332432,85.90928489051751,144.81104970427464,72.75367466241663,125.24283806993093,54.871697829282006,92.342555324669,313.9908333652454,26.691456964830365,139.3861846923826,402.73291758066097,91.69643402099595,260.54000854492176,28.760000228881843,64.3499984741211,47.253347588079826,90.4559865855858,4181.678266942881,13.539999961853027,3.7690000534057617
2023-06-20,156.2788860961739,86.93436292327691,122.7854151310032,20.361612319946303,179.74999999999983,145.95607103698651,86.16647608756725,144.7228689862758,72.56366817501704,124.60463747481693,54.50689335451324,92.67697104715923,310.0651466680114,27.38919542435413,138.09991455078105,400.6434914992856,92.33095550537095,274.4500122070311,27.39999961853028,63.91999816894531,46.837114332813854,88.3823818646213,4161.877569992098,13.880000114440918,3.7290000915527344
2023-06-21,155.39197137820506,87.07583955803301,121.85803581159503,20.65924644470216,179.4900054931639,142.9326177537116,86.24628632556077,144.50245369596408,72.3895360326907,124.42103578947129,54.658155723091696,92.57405459010317,305.9468382225197,26.91215709639535,139.29299926757795,398.5907514788725,92.55438995361314,259.459991455078,28.55999946594239,65.04000091552734,46.92826205462694,89.37187550213014,4140.047350223503,13.199999809265137,3.7230000495910645
2023-06-22,157.95983510472564,86.62492060223902,127.05136893758443,20.27407455444337,177.710006713867,146.015364807276,85.75852973128933,146.03670181677444,72.17581225895336,122.02564485395135,55.031859934423444,92.09388854864106,311.58770765037946,26.899654773471678,139.76837158203108,400.02958631813067,91.43724822998031,264.6099853515624,28.68000030517579,62.52000045776368,47.320196182764654,88.8814317697801,4155.410231366412,12.90999984741211,3.7990000247955322
2023-06-23,157.68952472551604,86.88133252937367,126.25089933085006,20.055225372314464,178.19999694824202,145.05496260488994,86.11323941268684,145.91325757270056,71.95416580979818,121.3874584694941,54.45350966979857,92.35112062027702,307.2859839584766,26.38947741315851,138.37954711914043,397.0052592609449,92.3488616943358,256.6000061035155,30.200000762939464,62.41999816894531,47.23208181812296,88.10704920539052,4123.584739057253,13.4399995803833,3.739000082015991
2023-06-26,156.49850593424577,86.98740825742355,124.29851554451449,20.08148765563966,178.50999450683574,140.31228184611032,86.32610402594213,144.2820092019041,72.0887498120699,121.6846885662967,54.471309142924525,92.45402230958203,301.39748250424617,25.40352675565203,138.5193634033201,395.38316784723486,92.44716644287095,241.05000305175773,30.799999237060558,62.72999954223633,47.10750979896745,89.73322664234888,4105.082881144563,14.25,3.7190001010894775
2023-06-27,158.8552243619006,86.81941269065497,126.10446160957117,19.757591247558604,177.69000244140602,140.30043403691081,86.02457132032227,143.98220352183253,72.30245908868847,121.69342812020443,54.35564203693219,92.35112062027702,306.8732067312842,26.181281991367698,139.8336181640623,399.7179430078405,92.20584106445298,250.21000671386707,29.879999160766612,61.29999923706055,46.9373764682554,89.95695109612684,4152.110115207948,13.739999771118164,3.7679998874664307
2023-06-28,159.86043006703238,87.07583955803301,125.96779534034795,19.696315765380866,177.27999877929665,142.49392046757816,86.37042314734873,143.6912173737483,72.7219912093047,121.16014480395317,53.848471246482156,92.75413254638694,308.04726444966064,25.706754630135855,139.80564880371074,399.9195570903036,92.59907531738267,256.23999023437494,28.360000610351577,62.52000045776367,47.19258363538062,90.68829558862272,4150.639949808324,13.430000305175781,3.7100000381469727
2023-06-29,160.14759811976302,86.40386476108041,124.85494462571,19.705068588256843,177.0899963378904,141.21339939892223,85.48360790072181,144.69639578843976,72.53202096470208,125.3914389076755,53.40359124464137,92.05101776734764,307.31354628077435,25.522313144529925,139.2370758056639,401.49575473398585,90.9278182983397,257.49999999999994,28.719999313354506,62.959999084472656,46.873571987327665,91.80685298686316,4169.208023044524,13.539999961853027,3.8540000915527344
2023-06-30,163.84745919346764,86.60722388394674,127.25637578917238,19.87139320373536,178.27000427246068,141.92479695238154,85.66983178937338,145.94853570064978,72.84865253615858,127.14867188005175,53.581545455577164,92.72845142731381,312.3490167331841,26.447623478210744,141.43681335449202,406.2337001493978,92.00028991699205,261.7699890136718,29.680000305175792,63.54999923706055,47.75465826528753,92.2800771657458,4220.360055022825,13.59000015258789,3.819000005722046
2023-07-03,162.5719431091263,86.50524925270668,127.11970951994913,19.87139320373536,178.47000122070287,142.16194467139348,85.29824964906017,144.0351061118822,72.80408114444378,128.17151232170218,53.90185493119683,92.46862761536887,310.01013638989826,26.51702115652418,142.1452331542967,406.70109272718304,91.47873687744128,279.8200073242187,28.95999908447267,63.389999389648445,48.064548328654894,92.46077075547997,4225.300736854003,13.569999694824219,3.8580000400543213
2023-07-05,161.6174148872906,86.11521925883766,127.27590379777746,19.993947982788097,177.83999633789037,144.35540373991483,84.88931079519898,143.5589535976871,72.55735467978474,127.3176650102476,54.30225466855171,91.80622014209442,310.15683999540664,26.457006187529753,141.902877807617,406.09627943485384,90.60945892333972,282.48001098632807,28.44000053405763,64.62999725341797,48.03720867329811,91.98753936874743,4216.983999612223,14.180000305175781,3.944999933242798
2023-07-06,162.02286086934254,85.55671561041166,125.30399200283681,19.950180053710948,177.30999755859352,142.41094019960494,84.19589079194189,142.49203845908454,72.04006123861922,126.0589276663729,53.884062825402474,90.87715138813961,313.01851812211095,26.323208895851753,141.6698455810545,402.9162320652329,89.32797241210923,276.5400085449218,28.159999847412124,64.44000244140625,47.733388909802095,88.55446207369681,4183.574896069453,15.4399995803833,4.040999889373779
2023-07-07,161.06834570534846,85.57442726894732,126.69018270367432,20.11650276184083,178.6399993896482,141.6639444942552,84.08919357054577,140.41990110016803,72.0957519204447,127.05361679698076,53.17225334899091,90.79113662215839,309.3038661768272,26.573295930783722,138.69644165039043,401.89895394385206,88.79029846191392,274.4299926757812,27.44000053405763,65.84999847412111,46.63355311923081,88.76096697400735,4171.588533381365,14.829999923706055,4.050000190734863
2023-07-10,159.31982236645476,85.81380731862042,124.10327269722909,20.160272598266612,178.77999877929662,138.07136769578364,84.5248253857256,140.64915052434117,72.43003373402601,127.76659386796854,52.77186466263341,91.26426583024593,304.3600890518128,26.37135167045475,138.7524108886717,402.9162320652329,88.90680694580064,269.60998535156244,28.44000053405763,65.54000091552736,47.055860259896704,90.07740147619977,4181.6213125037775,15.069999694824219,4.00600004196167
2023-07-11,158.87213426678807,85.99997022134797,125.71399081050652,20.39662742614747,179.44999694824193,138.88949585990704,84.7026242385011,139.87323613569703,72.8040811444438,129.76472589374876,52.95871124280058,91.69439873115616,304.94707502357,26.512020704724822,138.02534484863264,405.4822294783991,89.3638305664061,269.79000854492176,29.200000762939464,67.02999877929689,46.985985479097614,91.17873932097278,4209.8146859484805,14.84000015258789,3.9800000190734863
2023-07-12,160.29966974317608,86.70031654049305,127.68590260544717,20.545444488525398,181.88000488281224,141.01184071108537,85.5293747253702,139.3882786913888,73.4009637677574,130.40726073917472,53.24342545583415,92.50304385918704,309.28548176475516,27.447959683686108,138.74304199218733,408.7446829486505,90.35854339599594,271.9899902343749,28.31999969482423,67.87000274658205,47.10447644179606,91.62615218927905,4241.014605515942,13.539999961853027,3.8610000610351562
2023-07-13,160.95009389171037,87.24106370965322,131.1025742315344,20.834321975708015,182.0099945068357,147.66345070329166,86.24055521169646,140.03194390584594,73.84664869066783,131.04107024134973,53.6972125615695,93.15682696584926,314.293561444591,28.745272602183448,138.8362731933592,411.98883682101075,91.30846405029281,277.89999389648426,27.280000686645515,69.08999633789064,46.82799633365683,89.94833771546818,4276.936650042575,13.609999656677246,3.760999917984009
2023-07-14,161.0767941288714,86.82443261243309,131.47351702199393,20.694261550903327,181.42999267578102,148.70684229436625,85.81385587476613,140.966566064639,73.3293480009429,131.8333001450908,54.18658387889357,92.43421875542614,316.6598897436921,28.42766634028225,139.8615875244139,411.732294989814,90.7707901000975,281.3800048828124,27.159999847412116,67.47000122070314,46.989029592854706,86.85082908145966,4272.555325629584,13.34000015258789,3.819000005722046
2023-07-17,163.8643299248303,86.92192517065695,130.380186868208,20.527936935424812,181.55999755859352,147.7938769323548,85.95608898707626,140.26116412627078,73.47256503745308,135.0109593139627,54.10650466815575,92.58906600904378,317.10940720340795,29.04786796128454,138.87356567382795,413.16189316494666,90.81558990478501,290.38000488281244,27.079999923706062,66.5800018310547,47.0467494317968,87.22941419084569,4289.027660724462,13.479999542236328,3.796999931335449
2023-07-18,163.6446970289168,86.99285397613818,129.66757095693725,20.79930877685548,183.63999938964818,146.73863753208073,86.05385373022288,140.25237379803178,73.65564915063123,135.25742894481678,53.892958878299645,92.82132581365696,329.73023461184306,29.693713904068407,139.13453674316386,416.2319113067406,91.22781372070297,293.33999633789057,28.000000000000007,67.95999908447267,46.96168276644077,86.83361673584216,4319.553850951308,13.300000190734863,3.7890000343322754
2023-07-19,164.80196129962007,87.2588127187973,132.13733525501124,20.913108825683604,183.66999816894506,144.68741601896076,86.3472375083169,139.97020718193482,73.71929150211213,135.77677160678596,54.845005986924654,93.3460830794096,325.6853208565366,29.432998223855975,140.08526611328108,417.15751770830553,92.25837707519516,291.26000976562494,28.000000000000007,67.69000244140628,46.97687465099772,87.4359190911562,4329.738971622218,13.760000228881836,3.742000102996826
2023-07-20,163.13788302243105,86.80670601365402,126.86590499010768,20.97438621520997,182.7400054931638,141.33195045663987,85.66272759614576,139.96159206737053,73.42481877672364,137.44922380092908,55.512331515184535,92.71811400157992,318.1550313618656,28.459549889273166,141.2211608886717,414.38990621267624,91.13820648193344,262.8999938964843,29.120000839233402,68.05000305175784,47.84579881604346,88.9760852549765,4300.4833747360235,13.989999771118164,3.8540000915527344
2023-07-21,162.13269037514087,86.86871549383302,126.90494611181167,21.088190078735362,182.179992675781,142.30421870965608,85.73385161468865,141.46608415509402,73.58400438957918,136.3929456839212,55.55681177967044,92.88154131855664,315.3116232807508,27.70242181558621,143.44413757324205,414.38990621267624,91.1650772094725,260.0199890136718,29.07999992370606,68.98999786376956,48.1162014532542,89.38907343204777,4301.877137839289,13.600000381469727,3.8369998931884766
2023-07-24,162.81688210208375,86.70919851518676,125.73351881911155,21.464605331420913,181.39999389648415,144.09457864393445,85.52937472537022,142.20588659662727,73.44873177416503,139.07765138042814,55.574611252796394,92.76969037211632,316.5407198688609,27.891858979290504,143.90374755859358,416.24111901580613,90.83350372314437,269.05999755859375,28.95999908447266,70.69000244140628,48.398751861264785,90.79154083092804,4319.2315721739415,13.90999984741211,3.8570001125335693
2023-07-25,163.55179048584756,86.61166113623274,126.05566393131765,21.543392181396502,182.41000366210915,144.90083163671238,85.36935128043957,143.29481192074692,73.4009637677574,138.0389802671465,55.387764672629224,92.62346748511091,321.92472217688294,28.558957438934314,144.24142456054673,417.3774892987798,90.663246154785,265.2799987792969,29.360000610351566,71.1600036621094,48.35925367852244,90.92922518016823,4331.38879817934,13.859999656677246,3.9119999408721924
2023-07-26,164.29512117745108,86.89534647767093,125.09898515124877,21.43834495544435,183.30000305175756,153.271687345854,85.66272759614576,143.56908047870672,73.73524558133873,138.86638154636984,56.0995741490408,93.05359300214562,309.8083081397943,28.417032921300773,144.39152526855455,417.44165371163893,90.75285339355453,264.3500061035156,28.879999160766605,70.6600036621094,48.532438294048745,90.42156189435077,4330.7155318829455,13.1899995803833,3.8510000705718994
2023-07-27,163.2138927184544,86.15067245639571,125.19661029876804,21.38582038879396,180.41999816894506,153.42579095188555,84.72930227504408,144.37539562649147,73.16223246411016,137.33475696072327,55.55681177967045,91.91806370465913,303.34194144079106,28.69713460128145,142.67501831054673,414.67398430588975,88.98743438720687,255.71000671386716,28.0,71.43000030517581,48.35622032135106,90.70550793424023,4302.892130770306,14.40999984741211,4.01200008392334
2023-07-28,165.41859175406256,86.48754506429272,129.0623367497352,21.517129898071303,181.86000061035134,157.1962399405102,85.00488079574188,145.03202965511665,73.5840043895792,138.1181904679296,55.59240704225655,92.52024090528282,310.3586110622693,29.228557317903057,146.708282470703,418.7338311722276,89.44448852539045,266.44000244140625,28.360000610351566,72.08999633789065,48.58408424759093,89.62138964293466,4345.3954228008315,13.329999923706055,3.9690001010894775
2023-07-31,165.94230260759423,86.59391959721034,130.49732512882616,21.604669570922866,182.3500061035154,157.36221871788717,85.11154816758663,145.02310298724834,73.81479852068983,139.04245158363244,55.10303940859827,92.77831473872854,308.11150982124065,29.215427253297655,146.60511779785145,419.5311087480743,89.65956115722639,267.42999267578125,28.44000053405762,73.16999816894533,48.568895948562556,92.27147820078696,4351.777561289973,13.630000114440918,3.9590001106262207
2023-08-01,165.2327525522409,86.02056534685737,128.55471279454625,21.49086570739747,180.46000671386693,155.97501264214375,84.61425464165032,146.2003530123677,73.39862973163248,138.35584949159218,54.960676776582794,91.85381660372319,308.49669613451454,29.076629509820282,146.55824279785142,418.3305161421216,88.19031524658186,261.07000732421875,27.68000030517579,72.95999908447267,48.34102843679412,91.73802522794293,4340.1796927027635,13.930000305175781,4.051000118255615
2023-08-02,162.67328501787682,85.81611558622377,125.1575691770641,21.166971206665053,179.60000610351537,152.21642970414925,84.44490321191445,147.0833442882253,73.11053573851088,136.7890108984931,55.12973125095561,91.29274543814262,300.38848421182945,27.677412396037855,146.87715148925767,412.5112440127096,87.24677276611311,254.1100006103516,26.68000030517579,71.48000335693362,48.37444556307939,90.59365651912616,4280.113596438426,16.09000015258789,4.078000068664551
2023-08-03,161.48226622660658,85.23834649394986,125.84090052318032,21.36831283569337,179.53999328613256,152.29941909283775,83.82102520097729,147.71525445172745,72.86241755044814,137.6252654168782,54.84500598692467,90.47268483855133,299.61805440204034,27.831213881763833,147.26171874999986,411.3290378698281,85.23387145996078,259.32000732421875,27.52000045776368,73.13999938964845,48.38660767599351,92.16821854278179,4269.207978960646,15.920000076293945,4.189000129699707
2023-08-04,153.7278800431743,85.94057528376175,136.24710967927035,21.403329849243175,180.19000244140602,151.89628347573347,84.7122805683715,146.33021563279752,73.28659599763607,137.33475696072333,54.01752572085496,91.41358256109586,300.6452941484258,27.93437117356189,145.64839172363267,409.4687042228125,86.74356079101545,253.8600006103516,27.799999237060554,73.79000091552737,48.10709062515433,92.42633885639505,4246.58086008882,17.100000381469727,4.059999942779541
2023-08-07,151.07547985005777,85.95834670327095,138.83401223796253,21.41208267211915,179.77999877929662,155.9512622994528,84.50728877429182,149.844777797581,73.43864902804775,137.9861734666246,54.444609933235576,91.18914228066281,302.782403424849,28.395157436460092,147.18666076660145,413.0426851831142,85.88983917236311,251.44999694824224,29.600000381469734,73.81999969482425,48.760298634760034,92.23704630170204,4284.9023997653285,15.770000457763672,4.078000068664551
2023-08-08,151.87794950632195,86.16280393402624,136.60829591318046,21.38582038879396,178.63999938964815,155.79715869342127,84.93507015745956,149.91403117204797,73.56670932686468,137.21155056660982,54.20437230102213,91.55167580114913,299.0585163860983,27.924375043664153,147.3460998535155,411.24651594895784,86.8873214721678,249.69999694824224,30.079999923706062,74.05999755859376,48.808914816659396,92.69307975851692,4266.8274686238055,15.989999771118164,4.026000022888184
2023-08-09,150.5179753024343,86.22505245809946,134.5680584313813,21.53463935852052,177.78999328613256,153.73408937110176,84.98857547830234,149.81880240645407,73.57471898499524,135.3718531530524,54.328939143577436,91.63802284152894,295.55478482628234,26.605179479774627,147.15853881835926,408.4973198714595,87.33662414550766,242.19000244140634,31.87999916076661,75.09999847412111,48.887904011086924,94.26764178217256,4236.794420491637,15.960000038146973,4.01200008392334
2023-08-10,150.33216221629587,85.6649800841178,135.26114633404694,21.42083549499513,177.60000610351537,153.76966016084623,84.33793734455594,149.03969835989938,73.53468519146121,135.16939392618556,54.20437230102212,90.99059725169305,296.1968382593939,26.501396833145343,146.4269256591796,408.64389038494915,85.89884185791,245.33999633789068,29.92000007629395,74.1999969482422,48.86351524574439,94.74948654956378,4237.856643933129,15.850000381469727,4.079999923706055
2023-08-11,150.38291804664163,85.39833409026285,135.11472350827427,21.38582038879396,177.60000610351537,153.6155200719534,83.89232085444061,150.49401922370592,73.43064661847656,135.95282743339186,54.426810460109614,90.67986161800884,294.4357945692602,25.54294746711014,147.28045654296866,408.4056191965837,85.70114898681624,242.6499938964844,29.95999908447266,74.25000000000001,49.150124472097765,96.22081774661393,4233.323441015862,14.84000015258789,4.168000221252441
2023-08-14,151.79547617870068,85.3361229167981,137.22330157243815,21.28077316284181,177.05999755859352,155.7141601840174,83.75866202576347,150.13907955245722,73.43864902804773,136.23448265038496,54.1687844057676,90.64534199993328,297.2149286871744,27.354803295486786,146.1267547607421,410.6600601646398,85.51243591308578,239.75999450683597,30.079999923706055,73.80999755859376,48.78423920903114,96.29823726264307,4257.66706481254,14.819999694824219,4.184000015258789
2023-08-15,150.09530602729615,85.10498988147478,134.39233614494788,21.026912689209002,176.5899963378904,153.8763725300797,83.59822068711355,149.70628538385185,73.20657190192432,132.76634344667173,53.803987298330426,90.17055880372833,295.21537369765446,27.47171839357198,145.18878173828116,405.8763367994398,84.99123382568344,232.96000671386722,28.680000305175785,72.62000274658205,48.534227472805846,93.82594473885567,4208.487138168727,16.459999084472656,4.2210001945495605
2023-08-16,149.3509829397301,84.9005251805978,131.85424616001535,20.939369201660174,175.57000732421855,152.59583321999318,83.27737532175294,149.2301845614968,73.01447058085981,132.20300459137204,53.81288335122761,89.76486653080313,294.49846740170506,27.1878765188564,143.70680236816398,402.8979324673419,84.32627105712875,225.60000610351565,28.0,71.37000274658205,48.558619823676956,92.24713729159505,4176.69035460123,16.780000686645508,4.257999897003174
2023-08-17,147.17713958385104,84.81163820256502,130.79018567587775,20.991895675659197,175.3000030517576,154.0423330660261,83.17042437917013,150.6325259726399,72.670323477943,130.82985724991855,53.92855045721995,89.523155365519,291.2630682016038,27.09909284077472,142.6750183105468,399.82788537048805,83.9668350219725,219.22000122070315,28.28000068664551,71.98000335693361,47.470117888919816,94.03414348389822,4144.475905146973,17.889999389648438,4.308000087738037
2023-08-18,147.59160853445684,84.99830160344602,130.04828519945247,21.140710830688498,175.3300018310545,151.12560127269995,83.41997409106743,149.31674052817692,72.70231861910891,131.12910525998112,54.23107151071106,89.85983055391965,290.8953799601621,27.070961420771205,143.07833862304676,400.0203786090654,84.26336669921858,215.49000549316412,27.76000022888184,72.79000091552734,48.15309295672514,95.45679286256448,4143.8595932896815,17.299999237060547,4.250999927520752
2023-08-21,148.73350372558284,84.57163813279134,131.47351702199398,21.088190078735373,175.80999755859355,152.20456365351902,82.90305448510094,144.86729364610127,72.7263475935006,131.5780483283588,53.768395719410115,89.32463987205135,295.85879952855686,29.364230674074765,142.3561096191405,402.62297521801406,83.14009094238264,231.2799987792969,27.879999160766605,72.58000183105469,48.025042974855396,94.30305394884705,4172.365984627343,17.1299991607666,4.3420000076293945
2023-08-22,149.90923178432544,84.6605325809458,131.05376165777477,21.096940994262717,176.10000610351543,153.0464056774721,82.93870231183259,143.71594733608475,72.76637413847524,128.84927538523755,53.43917913989588,89.60084850378446,296.39189029540603,28.55208330949174,142.41239929199207,401.5324407949484,83.77809906005842,233.19000244140628,27.1200008392334,72.27999877929688,47.87258271447168,93.7739040624074,4160.7773769245405,16.969999313354492,4.328000068664551
2023-08-23,153.19957282939518,85.46944217866475,132.29352953283959,21.140710830688498,177.88999938964824,156.947226170868,83.83884538314923,142.4260942771343,73.36662009334775,129.72072970041836,53.626033087394646,90.86116529762963,300.5649516944249,29.45738944912458,143.74430847167957,406.00460771503816,85.85391235351547,236.8600006103516,26.440000534057617,71.36000061035156,48.204925357753034,92.94978733354515,4206.732663617806,15.979999542236328,4.197999954223633
2023-08-24,149.19026702516985,85.2738743927249,128.70113562031892,21.158218383789084,177.85000610351545,153.8763725300797,83.52691757126242,142.91086789840315,72.93441749091048,129.59748067433458,53.48367413904497,90.55038536069229,294.10324542958614,29.486769191940063,143.0783386230468,400.3777709140836,85.2877807617186,230.03999328613284,26.959999084472656,71.41000366210938,47.83599598092931,92.25580833505309,4150.118562016208,17.200000762939453,4.235000133514404
2023-08-25,151.07648530386183,85.22055266407561,130.08732632115644,21.36831283569338,177.61999511718736,153.99490534636672,83.50020222278026,144.9599420748283,73.23856704309019,129.43904606211177,53.7328078241556,90.60218324749442,296.86988500928015,28.77090498971252,144.01629638671866,403.20031015844654,85.5663452148436,238.58999633789068,27.44000053405761,72.44999694824219,48.11955392246844,93.904005753528,4177.99891756795,15.680000305175781,4.238999843597412
2023-08-28,152.41291621932308,85.4072384753217,129.97018806053828,21.33329772949221,178.13000488281233,155.33470194388147,83.73188697817857,143.2509132918478,73.5506900106035,129.88798913048947,53.88406282540247,90.88701624583979,297.53166666063396,29.28170054430542,144.2414245605468,405.7571867277272,85.65621948242172,238.82000732421878,27.39999961853027,72.41000366210939,48.39396876615055,94.69341668500822,4204.172492123467,15.079999923706055,4.211999893188477
2023-08-29,155.7371031898511,85.95834670327098,131.698051882187,21.412082672119162,179.86999511718733,159.55571426926974,84.32903471585787,143.26838790651874,74.00689984175429,130.94425303684056,53.83067177335619,91.61212020619007,301.860924083214,30.500233075170318,144.32586669921866,411.62229471704717,86.5458374023436,257.1799926757813,27.440000534057617,73.31999969482423,48.79948487651666,95.2572723688299,4265.167918138055,14.449999809265137,4.122000217437744
2023-08-30,158.7229614842127,85.92279639413088,131.85424616001532,21.43834495544436,180.32000732421855,161.10895384668208,84.3201395495476,142.762627545399,73.99088777405255,130.41611397833665,53.80398729833044,91.48265871662456,302.21022791258366,30.800338949198977,144.48530578613276,413.317700342562,86.45600891113266,256.89999389648443,28.799999237060547,73.66000366210939,49.150124472097765,96.18547045058864,4281.5170834703185,13.880000114440918,4.118000030517578
2023-08-31,158.90903572718338,86.04724115142547,134.7242378137034,21.52588272094729,180.02000427246074,161.45278657278158,84.48948351689563,140.97514218645955,73.99888293506433,128.80527919190706,53.23453677026855,91.63802284152888,301.2635307615435,30.857229530887736,144.76670837402335,412.7128291401128,86.84238433837875,258.0799865722657,28.440000534057617,75.05999755859375,49.58003293333498,96.45439533123735,4274.679772512569,13.569999694824219,4.0929999351501465
2023-09-01,160.25395423969243,85.60158863142549,134.8316195177721,21.779747009277372,180.11000061035136,160.84811962998643,83.97301911658764,139.9288155869264,74.03269746463818,129.23660104590175,52.771864662633405,90.9857165099715,302.0907149383048,30.328301073039558,144.92616271972648,413.48265731912267,85.4895172119139,245.009994506836,28.20000076293945,76.91999816894533,49.262939543067716,98.47559177540752,4282.370473968431,13.09000015258789,4.172999858856201
2023-09-05,160.45692532970904,85.13809746082107,134.0018653458832,21.884794235229517,178.63999938964824,160.97856410048024,83.4637111462222,140.10323202392487,73.5981100861602,127.81061848261274,52.33587703002401,90.33598715097206,306.5854320695337,30.352685137756673,142.98457336425773,411.69557997379195,84.2907562255858,256.48999023437506,26.600000381469723,77.76000213623048,48.866566530558636,98.48427723456544,4264.409451705114,14.010000228881836,4.26800012588501
2023-09-06,154.7136295643041,85.0579057044397,132.13733525501127,21.93731689453128,177.8300018310545,159.42534276449854,83.24926450674393,137.77513742095755,73.49349162842404,127.59934864855441,52.30028913476948,90.24937429107338,305.9696257441704,29.425429520917632,142.70315551757804,408.92808429840244,84.4980621337889,251.9199981689454,25.92000007629394,78.51999664306643,49.23244820809669,99.33439267810203,4234.679697537277,14.449999809265137,4.289999961853027
2023-09-07,150.18836926446463,85.32526882997725,134.56805843138127,21.893548965454126,178.02000427246074,160.37382419196254,83.53520082176946,139.5364753663123,73.71075994770513,126.50787073475077,51.89988939741461,90.64786728536248,303.23969780537925,28.912710164821018,144.06321716308585,407.6725060335963,84.73242950439439,251.49000549316415,26.600000381469723,77.94999694824222,49.84225339434583,98.84861963250246,4221.081014873917,14.399999618530273,4.260000228881836
2023-09-08,150.7127721836017,85.36984304612328,134.93900122184084,21.93731689453128,178.08000183105452,161.70180034242372,83.55305085349275,139.99861369917642,73.64637099460664,126.60470214991682,51.89988939741461,90.71717234103247,307.24718512926677,28.49440984083869,143.4441375732421,408.286527034991,85.05690765380845,248.5000000000001,26.84000015258789,78.30000305175786,49.93371305714464,100.28862551378472,4227.102904959623,13.84000015258789,4.257999897003174
2023-09-11,151.71090053857978,85.27182010925915,139.69306587051216,22.06862449645999,178.41000366210918,162.3420380749634,83.41010135194959,141.82967808075705,73.73491939616592,127.15921618736824,52.38926439840448,90.54390231798197,310.620481715719,28.248053453239613,145.15127563476554,410.97161660975,84.44401550292953,273.5799865722658,26.84000015258789,78.37000274658207,50.10751796911378,99.03078362362105,4255.523633116519,13.800000190734863,4.288000106811523
2023-09-12,149.12258823209484,85.29854820467905,137.8675769013442,22.147411346435575,177.4900054931639,160.4686796312812,83.52626088113213,142.631847471861,73.65443864121237,128.81406137778507,51.87319018772567,90.51790369226131,304.94924798673867,28.05547758112664,142.59997558593741,408.71720459675396,84.93071746826156,267.48001098632824,28.20000076293945,79.69999694824223,50.16239448389877,101.91947363749357,4231.284657313641,14.229999542236328,4.263999938964844
2023-09-13,147.35476540329864,85.42329923696306,141.4014016835558,22.21744155883792,177.08000183105452,162.09307902961316,83.62452560426432,142.98935314477174,73.83953060534272,128.87569299615535,51.99776808127838,90.71717234103244,308.8924899390462,28.44001351792335,143.59422302246085,409.1937759285448,84.91266632080062,271.29998779296886,27.799999237060543,79.68000030517582,50.17458886657004,101.00862485050088,4236.538357037779,13.479999542236328,4.249000072479248
2023-09-14,148.6489280854619,85.30745258973788,141.274491970882,22.40127563476565,177.16999816894514,163.7411375634829,83.43689132431021,142.77137202033688,73.94415631163828,131.37560331214874,52.42824126619126,90.55256360397183,311.31908937445826,28.500040421170283,145.17002868652335,412.72197893905854,84.29977416992173,276.040008544922,27.71999931335449,81.12000274658207,50.38497334102443,102.81295871402033,4272.252031665252,12.819999694824219,4.288000106811523
2023-09-15,148.03144887131464,85.11136936540117,137.04757928600475,22.348752975463892,178.33999633789043,162.91115246944466,83.17776736880883,140.7746213414908,73.702721295337,130.98824923017108,51.961892860091766,90.4139682603829,303.52461330506554,27.448969321447972,143.95066833496082,407.74938171777546,83.78604888916001,274.3900146484376,27.239999771118157,81.29000091552739,50.198984802969726,101.23416568245958,4220.303100583723,13.789999961853027,4.322000026702881
2023-09-18,150.53517247983717,85.23615774829365,136.6473370348845,22.33999824523928,179.3899993896482,163.8715820339767,83.25818206021773,141.66402045390123,73.71882034575147,131.26113647194296,52.284747748776425,90.5872087479313,302.4583745881258,27.490237966608397,144.49468994140614,407.9885505129995,84.26374816894517,265.279998779297,27.79999923706054,81.44999694824224,49.82700055580318,102.04958253646407,4223.347153288331,14.0,4.318999767303467
2023-09-19,151.46558286821553,84.98658845263039,134.3532950232439,22.3575077056885,179.22000122070293,163.66997774256328,82.95438825108107,141.42857905000025,73.53372113306172,131.09389125252864,52.17712576888241,90.2840194350328,302.0815656196997,27.211370288336678,144.07260131835926,407.14242575100957,83.64182281494126,266.50000000000006,28.120000839233388,81.50000000000004,49.81480975866049,101.78068648721505,4214.262688729204,14.109999656677246,4.364999771118164
2023-09-20,148.4374563405559,84.94200676636267,132.0689946726466,22.173673629760767,179.3500061035154,158.57162556919997,82.89185344094683,142.04765920519188,73.44519447718062,130.53936300442047,52.41030181376505,90.31867196286778,294.83856472922827,26.410412478901836,143.9506683349608,403.3994341057536,83.90320587158189,262.5899963378907,27.1599998474121,80.13999938964848,49.9764023603155,100.97391184526893,4174.670555712044,15.140000343322754,4.348999977111816
2023-09-21,147.11794838782382,84.3626540082897,126.25089933085007,22.103641510009794,178.05000305175759,154.6589299044586,82.27530349487265,140.95775358301753,72.93013359230851,129.51827047355158,51.60316275022049,89.40906710479473,293.69884554724155,25.64634344395828,142.70315551757798,396.73186558485503,81.74906158447251,255.69999694824224,26.479999542236317,80.41000366210942,49.36965204440918,99.55126967445257,4106.20205902516,17.540000915527344,4.480000019073486
2023-09-22,147.84536157050232,84.71919544660607,126.04589247926212,22.12114906311038,178.61999511718727,154.43362999464617,82.5969995724475,139.94629020159732,73.04279070241282,128.2771259227464,51.6569663728359,89.95483149641368,291.3825239926413,26.017123961318354,142.17790222167957,395.83981809777725,82.40702819824206,244.88000488281259,26.799999237060533,80.62999725341801,49.50076048215031,99.70742053519697,4096.775867831412,17.200000762939453,4.438000202178955
2023-09-25,148.93651398912417,84.0507091964844,128.14471398687652,22.01610183715823,177.69999694824196,155.45332596732172,81.98939702939849,139.73703921689548,72.93817224467664,128.9109070036079,51.1188748916948,89.07988655005113,291.8696966167413,26.399783833621363,141.31495666503895,397.50444449456046,80.37908172607409,246.99000549316412,26.959999084472646,80.38999938964848,49.72028805446172,100.82645365153238,4113.257463810696,16.899999618530273,4.541999816894531
2023-09-26,145.45162416187753,83.9437370538313,122.9806579782886,21.98984146118167,176.27999877929665,152.4417204932463,81.96259959465004,138.65582072883973,72.59209702496099,127.57293103763665,50.697375116660815,88.82865756921633,286.9062484567259,26.20532712331369,140.05807495117176,391.6645563624608,80.09964752197253,244.11999511718756,26.440000534057607,80.879997253418,49.546493899078285,100.98259730442686,4052.650531896985,18.940000534057617,4.558000087738037
2023-09-27,144.1574875953975,83.649593542022,122.9806579782886,22.112396240234403,174.1000061035154,154.7774809621763,81.59624858821562,136.99041397411492,72.487500312903,128.32113632673367,50.177219404280116,88.41285677069854,287.50364177839646,26.553597253599847,138.2008819580077,391.820913686215,79.68507385253893,240.50000000000003,26.879999160766594,82.90000152587895,49.30867295999569,104.27032830576852,4053.5798616472357,18.219999313354492,4.625999927520752
2023-09-28,144.37738164814323,83.89920018829373,122.9806579782886,22.086133956909205,173.22999572753884,156.8761210742403,81.81960531877984,136.78989312914615,72.8013846803491,129.91437832009373,50.05166533929148,88.56878207014272,288.28505077051165,26.94188531938396,137.26290893554676,394.09243813964423,79.92842864990222,246.38000488281253,27.360000610351552,81.56999969482426,49.5586954528067,103.63706102718275,4077.4683129753057,17.34000015258789,4.5970001220703125
2023-09-29,144.81722198500114,83.81894867093882,124.0935161406796,21.849777221679712,171.44999694824193,155.15688447802032,81.83749266244233,135.80457716131065,72.75305853486812,127.6521554490764,50.20412121558781,88.3781894751125,290.2243346237206,27.19824261058177,136.8126983642577,393.1360235542877,79.93743896484362,250.22000122070318,27.319999694824208,80.8600006103516,48.76290172850286,101.99755627571568,4066.420077877656,17.520000457763672,4.572999954223633
2023-10-02,146.96569395462816,83.23534541362214,126.37780904352383,21.68345451354983,169.64999389648412,159.08143707267652,81.1736908765388,135.28139952633924,72.30873634112378,126.55188113873801,49.75571226191453,87.56851798838375,295.785290471889,28.000453516529575,136.1842346191405,392.97969518559347,78.59928131103503,251.6000061035157,26.52000045776366,79.38999938964847,48.81473054400218,100.30596760070084,4066.742819699242,17.610000610351562,4.683000087738037
2023-10-03,145.8237987635022,82.58289004465507,121.75065410752632,21.587160110473658,169.16000366210912,157.0184042332183,80.50176255027294,135.44705715319503,71.57221022108132,125.61882362650042,49.21761341344183,86.5596812271412,288.05517414055896,27.20949183699247,136.4656524658202,387.7192557133029,76.908477783203,246.52999877929696,27.44000053405761,79.93000030517582,48.50678025159194,100.4794677562113,4010.8492149045155,19.780000686645508,4.802000045776367
2023-10-04,146.88956673803034,83.16384887889218,123.97637043230837,20.98313903808596,169.1399993896482,160.35014681499416,81.01241375045034,135.6039989755226,71.83928339195981,126.18217669245686,49.36111061452245,87.31632910373081,293.1748755073768,27.53713719210042,136.9158935546874,390.54263465440454,77.99346923828112,261.1600036621095,27.92000007629394,75.58999633789065,49.089148973212865,96.7233057961862,4043.3762192075114,18.579999923706055,4.735000133514404
2023-10-05,147.9468732311939,83.21747688253092,122.9611299696835,20.86058616638186,168.83000183105446,160.14856076501138,81.1646912367987,137.0165613876996,71.93641408784178,126.71420947091319,49.37692182702265,87.21194325544543,293.54256374881845,27.941677322945104,134.88047790527332,390.39542712959593,77.60468292236315,260.04998779296886,29.639999389648438,73.98999786376956,48.503736137834835,94.54593686772186,4038.1035346703393,18.489999771118164,4.7170000076293945
2023-10-06,150.12916501059595,82.8957088606985,124.91351375601907,20.93936920166018,169.69999694824193,163.12461369077292,80.68990427260046,137.45253797177415,72.06593134709696,128.66502000968094,50.09334901334586,86.95104139767395,300.80392045974133,28.613212937670077,135.1524963378905,395.0304662619297,76.66434478759753,260.529998779297,30.95999908447266,74.16000366210939,47.689649046759804,92.9671438361611,4085.8132959145273,17.450000762939453,4.783999919891357
2023-10-09,151.3979301908239,83.75371209818813,125.20636685531754,21.377067565917994,172.8200073242185,164.1205410793269,81.72015407598042,138.23729008902643,72.60009943453213,128.37242258698228,49.848253158673025,88.02944903410534,303.1569536552444,28.307457388505807,134.4677734374999,397.55957492871397,78.46363067626942,259.6700134277345,31.520000457763675,77.129997253418,47.5158513058478,96.22016904012075,4111.569667627506,17.700000762939453,4.796999931335449
2023-10-10,150.89042411873274,83.67326635766919,126.39732215662274,21.324542999267603,172.5299987792966,163.69372808525424,81.55886202511627,138.08033393149404,72.61627821909994,129.15272974970125,50.93232412700548,88.0642492394508,301.84253967114194,28.635716164192488,135.79969787597645,399.62887724342096,78.35512542724598,263.6199951171876,31.60000038146973,76.70999908447268,48.05247943948361,95.8124498013436,4132.982684553562,17.030000686645508,4.65500020980835
2023-10-11,152.08306208236286,84.05758917856426,128.6913790637695,21.20198822021487,173.78999328613253,166.64603066832484,82.0067918554633,136.17948577286822,72.64866478247312,129.5961022406288,50.63066649910895,88.6034641334798,305.54678426651236,29.265978360056035,134.1300811767577,401.26582260288774,79.99168395996081,262.9899902343751,31.60000038146973,75.66999816894533,48.244563376109646,92.37725339841546,4150.725612989091,16.09000015258789,4.59499979019165
2023-10-12,152.8527826718642,83.3336522151106,129.1794750103534,21.19323348999026,173.25999450683565,164.77265398321202,81.21846520360391,136.31029451681587,72.23588831921225,129.2945947361413,49.782267004560325,87.68157989041003,304.38862348921225,29.35288836049452,134.43023681640614,398.8194674974534,77.82169342041004,258.8699951171876,31.20000076293946,75.41999816894533,48.4640981194782,92.35991131149933,4124.798377958802,16.690000534057617,4.711999893188477
2023-10-13,151.2795086252449,83.69116476924717,126.69993926022377,21.753484725952177,178.83000183105437,162.86372474978535,81.73807126919431,136.76371704515174,72.17113693814406,131.23655203574725,49.85767753956203,88.16860555223408,301.2359112560044,28.425002615123244,135.71527099609366,396.833063519396,79.21411895751942,251.11999511718759,30.000000000000007,78.98999786376955,48.7324139790604,95.30932025312806,4104.096596955209,19.31999969482422,4.629000186920166
2023-10-16,151.16956159887204,83.22641861819821,129.39423841849083,21.683454513549833,177.9600067138669,164.9268305549661,81.25429212764382,137.35662111634903,72.14683976705479,131.103540288469,50.36672188265812,87.5598345507673,305.7489842076846,28.821422680563902,137.0096893310546,401.0083252547125,77.93923187255848,253.91999816894543,29.120000839233402,78.38999938964845,49.153168585854885,95.37872464004221,4147.576912290683,17.209999084472656,4.711999893188477
2023-10-17,149.84155299125052,82.62759872299158,128.33994938640888,21.744731903076204,178.28999328613253,165.6619237268244,80.4569583736565,136.10102919690922,71.8069258228242,130.81979610493212,50.97002165056149,86.86408149562564,305.2158362575941,27.472732805034855,137.18786621093741,400.98990983658143,77.0802764892577,254.85000610351577,28.719999313354496,78.80000305175784,49.21720971166834,96.62787386319805,4147.169433376771,17.8799991607666,4.8470001220703125
2023-10-18,148.73350372558278,82.2432759020965,125.07947203814996,21.937316894531282,180.86999511718722,163.57514054467524,80.08072716571637,133.17131471821637,71.4346253152204,129.3832834449836,50.951172888783496,86.16832844048399,303.42348474285865,26.383524608009285,140.7240295410155,395.646658892821,76.40212249755848,242.6799926757814,28.719999313354496,79.83999633789065,49.253792859682136,97.98114768634987,4091.5981073594107,19.219999313354492,4.9039998054504395
2023-10-19,148.41209801214552,81.93046455617477,125.34303312454082,22.16491889953617,183.08999633789034,163.32614501646376,79.68654145262313,132.81383771571524,71.19178407839665,128.8334731349199,51.233977882929615,85.47259753696889,304.53569878578884,26.324132606995587,139.93211364746082,392.17040125986574,74.83792877197256,220.1100006103517,27.63999938964844,81.6800003051758,49.01901244882807,98.04185940625617,4056.889701734326,21.399999618530273,4.98799991607666
2023-10-20,146.22980623274347,82.22540737100529,122.18993748035062,21.998594284057653,183.58999633789034,160.7769598090668,80.15237355140836,133.40675612211734,71.30512980164342,126.75853250934918,51.44136459812917,85.81176109142119,300.2616231910457,25.877688928757237,139.74333190917957,387.35132376646135,75.26288604736317,211.99000549316423,27.120000839233406,80.6999969482422,48.40616314882183,96.35898502179893,4005.8325938211988,21.709999084472656,4.923999786376953
2023-10-23,146.331317893435,82.54714551235094,123.54684361603361,21.858531951904332,182.97000122070284,161.84406525997102,80.52864207128772,132.0029095144686,71.59650739217058,125.0294082160452,50.979453775395356,86.48141953046039,302.6974005366835,26.870604416025316,139.8377227783202,386.6800007014167,76.1670684814452,212.08000183105483,27.239999771118168,78.88999938964845,49.09219667249855,94.94497785519101,3999.080482999995,20.3700008392334,4.8379998207092285
2023-10-24,146.70349249505963,82.84208832718144,125.49922740236919,21.622177124023473,182.94999694824187,164.58297958743591,80.67198707938661,131.86341363640233,71.96068951325289,125.18015486296058,52.450021159487484,86.9684304245334,303.8095573963724,27.30078409495059,141.48953247070304,389.5953409129338,77.17069244384754,216.5200042724611,27.8400001525879,76.9300003051758,49.7751681547753,94.0254652325902,4028.136970871437,18.969999313354492,4.840000152587891
2023-10-25,144.72421097919903,82.22540737100528,118.49993331581693,21.77974700927738,183.7200012207028,164.80875915801874,79.96427660340791,132.15986567200096,71.61266443106021,124.49734701627537,52.90249598541502,86.17702664585147,313.129796709645,26.12279221984334,142.15028381347648,384.0037424199438,75.45275115966786,212.41999816894548,28.28000068664552,78.45999908447266,49.62577352132011,94.19895818025071,3970.3749826475814,20.190000534057617,4.953000068664551
2023-10-26,141.16320699319616,82.77952605799709,116.72326436816168,21.595914840698274,184.00999450683562,160.43959448370293,80.57346117267987,129.9189864551353,71.83928339195981,124.81660363105675,52.58198959574048,86.80318667417771,301.38301514420164,25.214287700539302,141.39515686035148,379.4055341238722,76.61008453369128,205.7599945068361,29.239999771118175,76.88999938964844,49.323915041952645,93.3401644854061,3923.3954421388926,20.68000030517578,4.84499979019165
2023-10-27,142.28816616375138,82.7526933808735,124.69875034788173,21.884794235229528,186.14999389648403,160.29525429564734,80.69885913801352,126.95438008791986,71.7178772706667,120.32083499436477,52.072952996589244,86.6292668700811,303.14771856177737,25.323085120070964,138.90325927734364,377.68569042775584,76.28458404541004,207.30000305175798,28.799999237060558,78.36000061035156,49.14097420318362,91.56184375226083,3904.562044564429,21.270000457763672,4.84499979019165
2023-10-30,144.03906602981846,82.55607977789653,129.5504326963192,21.534639358520543,185.1000061035153,163.29988389798459,80.4300863150296,128.20125620283142,71.7340560552345,121.85488960231736,52.9307807439993,86.36835024455857,310.04150139774106,25.736382605403424,140.88542175292957,382.2012609827174,75.94100189208973,197.36000061035173,27.799999237060558,76.0500030517578,49.705045972504784,91.84809630412582,3951.4559218923528,19.75,4.875
2023-10-31,144.4450604412181,82.5024592443795,129.92137548677877,21.455852508544957,184.0899963378903,162.8012991172169,80.25990656024302,129.34349965778966,71.96878615409618,123.30915137255977,53.25128713367384,86.24661967266688,310.7767635141419,25.498155830610397,141.61222839355457,384.6015775428241,75.57032012939442,200.8399963378908,30.000000000000014,75.01999664306639,49.82395644204608,91.8220759659017,3977.04143028802,18.139999389648438,4.875
2023-11-01,147.15176819759884,83.41415024648141,133.73828936398627,21.490865707397496,183.5099945068356,165.91089606140284,81.18427254250187,129.64868183312137,72.63704534176425,123.20274197473714,53.20414586936671,87.48087138591167,318.09327346128106,26.464190607537432,141.21578979492173,388.7032644707962,77.20882415771473,205.66000366210957,29.079999923706065,74.74999999999999,50.269114156297384,91.63990476693318,4018.8242255116747,16.8700008392334,4.789000034332275
2023-11-02,150.1968176879876,83.91614989441662,134.78282183951876,21.718469619751016,184.1199951171872,167.2754513194087,81.68737926856879,131.00019060798627,73.4347058117372,125.40184110842432,53.816889378021216,88.51961284302715,320.1613911570978,27.202617707549905,142.943145751953,396.152503790226,78.96894836425771,218.50999450683614,29.159999847412116,76.18000030517577,50.46729707702335,94.65004705201798,4094.613451322357,15.65999984741211,4.669000148773193
2023-11-03,149.41862255928007,84.42712862862759,135.3002023512572,21.60466957092289,184.7899932861325,169.38789888808654,82.31624961697369,131.95931615662258,74.264948556187,126.80289817975542,53.48694699154039,88.95602942200847,324.27921354503854,28.139888549090692,141.64999389648426,399.76676123892435,79.50422668457021,219.9600067138674,29.040000915527347,74.84999847412108,50.20508737259823,93.49629372260071,4133.0771455745125,14.90999984741211,4.558000087738037
2023-11-06,151.60094045436534,84.00579882486215,136.41306051364822,21.69220733642582,183.3500061035153,170.89676405510707,81.84010449818781,132.27319980127774,74.00449332003538,127.76055433884542,53.703761959601366,88.48467972792226,327.70772055094835,28.606331647676015,142.47119140624991,400.6864028981387,78.73303985595693,219.2700042724611,27.28000068664551,74.91000366210936,50.27216185558306,91.83942526066774,4140.322398490393,14.890000343322754,4.6620001792907715
2023-11-07,153.79165454160713,84.45402106672474,139.31235162799703,21.228250503540078,182.5899963378903,171.84142975969084,82.30724251484577,131.5756630701271,73.90679723652065,127.69848219011556,53.90172816588434,89.19173749649144,331.38431704915894,28.733887325294187,142.14080810546864,401.82679793444595,79.89435577392568,222.17999267578142,26.44000053405762,71.8000030517578,50.506942266437115,90.39941937938548,4152.081406466286,14.8100004196167,4.571000099182129
2023-11-08,154.69671965941663,84.7408961501261,138.69734596873934,20.99189567565922,180.77000427246062,172.98296978832275,82.63960980703781,131.0960787930017,73.94749064895956,128.32805691657592,53.8168893780212,89.64562432496297,333.8384788068688,29.120922294565336,141.59335327148426,402.1210392537035,81.25526428222646,222.11000061035173,26.159999847412113,70.19000244140624,50.095320000913944,89.28905730650814,4156.253897935898,14.449999809265137,4.5229997634887695
2023-11-09,154.29072524801697,84.0326837928376,137.25258613759274,20.939369201660195,181.49000549316378,170.8836229513487,81.82210521870765,128.5413159314809,73.4591262083362,127.9467565743782,53.411536456538684,88.73784328414439,331.5313923457356,29.356017521501197,141.91430664062491,398.98506148533323,79.38629150390615,209.9799957275392,25.360000610351566,70.24999999999999,49.97945364512975,89.31507764473226,4122.655409307002,15.289999961853027,4.630000114440918
2023-11-10,157.8733660775709,84.22993235615851,140.1421057998859,21.044418334960973,179.50999450683565,173.96699824609973,81.91195983073945,128.3930899136816,73.83356504096126,129.8443766248914,53.468094357789965,89.18299498787081,339.7853929420685,30.222002685982336,142.91481018066398,405.2111232520458,79.83085632324209,214.64999389648455,25.319999694824226,71.79000091552734,50.671582567377804,90.00037839191631,4187.036614660819,14.170000076293945,4.627999782562256
2023-11-13,156.5182363329213,84.22094579976105,139.1951984718727,21.350807189941442,180.50999450683565,173.31095235954535,81.86704371830531,128.72443383780285,73.70335916856362,129.2679923866856,53.66605669210051,89.19173749649146,337.03713777444653,30.400202557528438,143.90589904785148,404.824891707313,79.64939117431632,223.71000671386736,26.87999916076661,72.91999816894531,51.125883379486126,90.94593297629103,4183.536926443383,14.760000228881836,4.631999969482422
2023-11-14,158.75419584134858,85.27874491206913,142.32878100296395,21.31579017639164,182.11999511718722,175.3184325863745,83.0977854958949,128.75059558659237,74.46030448041947,131.62669140644994,53.82630988693778,90.58836063251306,340.33692530423104,31.047974688666528,143.58499145507804,412.6787779896067,81.4548797607421,237.41000366210955,25.8400001525879,72.69000244140625,51.11673311057197,91.2960975334284,4263.337967379214,14.15999984741211,4.440999984741211
2023-11-15,159.23695730358506,84.74986776628018,139.79067612252524,21.17572784423832,181.63999938964815,176.6304839874287,82.4509830295004,129.74461302375127,74.23239527594772,132.77947409351836,53.93000130855134,90.11698140292475,340.47508001516775,30.567773783794067,142.92422485351554,413.55246796867334,80.31168365478507,242.8399963378908,26.239999771118175,71.33999633789062,51.766179900706305,90.74460331222565,4270.146569595301,14.180000305175781,4.534999847412109
2023-11-16,160.6767932667716,85.21599588984245,139.42948988861514,20.668001174926793,183.690002441406,179.66135542522815,83.0708462757774,130.87814067418128,74.33820249742453,134.29577959117708,53.8734472792725,90.85894275109676,346.46173650305826,30.937933720023906,144.25512695312491,414.0582839110181,81.30972290039054,233.5899963378908,25.479999542236335,68.05000305175783,51.83819512643457,89.69409522511371,4275.2298690463485,14.319999694824219,4.445000171661377
2023-11-17,160.65987030404247,85.38632213457943,141.72353190025575,20.96563339233402,183.66999816894503,177.53580712484649,83.12473964078808,130.60782171696252,74.50099789285838,135.51063442697537,53.9771309569412,91.12082666431297,340.6408828232642,30.824135848692872,142.59387207031241,414.57330756242857,81.69075775146476,234.300003051758,24.639999389648445,70.75000000000001,51.60897084521068,91.88260028170998,4280.710923482679,13.800000190734863,4.440999984741211
2023-11-20,162.15050127109959,85.52079926530858,142.65092611517008,21.228250503540075,183.36999511718722,178.76917339156873,83.24153347293736,131.7591966973887,74.55797881825602,135.927361936477,54.10911875305634,91.48743608408867,347.63139111185603,31.51879765792099,141.8387908935546,417.76450263013203,82.18975830078116,235.6000061035158,23.95999908447266,72.30000305175781,51.59235965400891,91.47992653787935,4312.346567661494,13.40999984741211,4.421999931335449
2023-11-21,161.46446838848942,85.61044072563242,140.47400746864147,21.350807189941442,185.35000610351534,179.71387946820704,83.34932766534658,132.82271120749644,74.65565315609257,135.64361775294012,54.70299026809828,91.51360453894637,343.6066058574807,31.228053011556835,141.2157897949218,416.8540397249233,82.15347290039053,241.19999694824236,23.559999465942386,72.52999877929688,51.77839561944362,91.4449035951007,4303.631612390209,13.350000381469727,4.418000221252441
2023-11-22,162.03192301142118,85.69109562955879,143.21711920066812,21.166971206665078,184.55999755859347,181.70817821922327,83.32238098284124,132.55901511490276,74.84284720244722,135.96286015706474,55.070630178135104,91.88023611034863,348.0091150121426,30.460227073924877,142.54670715332023,418.46347777743324,82.44380187988273,234.21000671386733,23.920000076293952,71.61000061035156,51.38307114623342,91.05098738892721,4321.109216487475,12.850000381469727,4.415999889373779
2023-11-24,160.89701376555763,85.29670308462067,143.24640376582266,21.02691268920902,185.52000427246068,179.3464937717366,82.89115943887732,134.03559855178884,74.7777478905281,136.1490481819408,55.21203073922196,91.40886426463584,347.6222417932509,29.872484232884215,142.88648986816398,418.7208882604286,81.47301483154287,235.44999694824233,23.639999389648445,70.81999969482422,51.84484038425071,91.54121488577955,4323.688372794848,12.460000038146973,4.4720001220703125
2023-11-27,160.74455040689614,85.7807669703694,144.2128242069348,20.886848449707067,186.77000427246068,178.97908788923885,83.5200223248944,132.96331089633358,74.89170249276397,135.83870164894827,55.10833931760839,92.1508182289323,348.7090092938107,30.163854234079608,142.7543640136718,417.966840589094,82.83393859863271,236.08000183105483,23.200000762939457,69.95999908447266,52.08070992329073,91.0072069084914,4315.239204906046,12.6899995803833,4.388999938964844
2023-11-28,161.2611969681157,86.15727604397291,143.5294928608186,21.140710830688512,189.25999450683565,180.01560001794024,83.88835086410755,133.2709587268937,75.1684452418743,136.14904818194083,55.221462864055816,92.51744241645902,352.4760410881085,29.900622813439227,143.7454528808593,418.3806663059634,82.99723052978507,246.72000122070324,22.079999923706055,71.26000213623048,52.70194190883247,90.95467609824836,4319.4686508147615,12.6899995803833,4.335999965667725
2023-11-29,160.3888286857026,86.57859090749497,142.83640495815294,21.289527893066442,189.53999328613253,177.11595794347897,84.32854219826018,133.6928294694291,75.55912809610173,136.84070926778782,54.89151660560256,93.26811673774957,348.9300511129854,30.100079975546272,142.65054321289054,418.08636707658604,84.04056549072256,244.13999938964855,22.040000915527344,72.5199966430664,51.85148564206684,89.5890480203275,4315.381359481695,12.979999542236328,4.270999908447266
2023-11-30,160.88006468714528,86.29174570458038,142.6118700979599,20.93061637878421,188.74999999999972,173.88827273971324,83.9152975466129,135.93406706641517,75.43704785878496,138.4013520145393,55.52813856821864,92.77930417804865,348.9853187156842,29.243472746683135,144.90643310546866,419.7325491001783,83.06982421874991,240.0800018310548,22.07999992370606,70.13999938964845,51.7219206946993,89.93921978531478,4331.711076956704,12.920000076293945,4.3520002365112305
2023-12-01,161.97262735266122,87.05049343512641,143.5294928608186,20.83432197570804,192.00999450683562,173.00921162378492,84.70704197210493,139.20368358650455,76.07136204281011,139.07526399009245,55.718174974969706,93.8963811706002,344.93282818090785,29.24034597252697,144.09466552734366,422.2156192216349,84.63433074951163,238.8300018310548,21.799999237060554,69.23999786376955,51.27343806563715,90.15806452469448,4357.154430776723,12.630000114440918,4.22599983215332
2023-12-04,160.43963674741482,86.71784891610803,141.39163023150016,20.694261550903352,187.86000061035128,169.61095448951505,84.35575006434006,139.64314362534944,75.8831242039027,140.09502071922586,55.651662232606824,93.46706787987314,339.9869924592073,28.455640228152703,143.52835083007807,419.99928311247896,84.29759216308585,235.58000183105477,21.36000061035157,68.47000122070315,51.26014755000487,89.66784423569206,4333.58872127024,13.079999923706055,4.288000106811523
2023-12-05,163.81901921443668,87.2932200993183,143.3830700350459,20.510427474975618,187.14999389648406,171.8676917811803,84.9502188047833,139.3530850910988,75.98951855869042,140.07728581958875,55.7371786156448,94.21178341361565,343.0999623397243,29.118482933353423,138.52569580078116,419.916558506189,86.10878753662101,238.7200012207032,21.36000061035157,67.58000183105472,51.73520730365444,87.92578619551232,4331.123473841074,12.850000381469727,4.171000003814697
2023-12-06,162.8873683311052,87.51798112083694,141.07925657134967,20.011457443237337,187.83999633789034,170.59500313331935,85.30154802448739,137.65678596999507,75.95677681590692,138.60531757102277,55.68017156559191,94.56224429761996,339.6737712550865,28.4537665505095,138.42185974121088,418.22430898220927,87.25557708740226,239.36999511718759,20.239999771118168,64.76000213623048,51.173774825103656,86.76148778165684,4314.205227161995,12.970000267028809,4.120999813079834
2023-12-07,164.53893719602996,87.54494079002933,143.38307003504588,20.046470642089876,188.14999389648412,179.66135542522815,85.17544113230855,136.58448397933498,76.08777278127852,139.03095516231323,55.813200922290086,94.57101634174269,341.6539411258118,29.13723641773893,138.28030395507804,421.41553300497264,86.75498962402335,242.63999938964855,20.28000068664551,65.11000061035158,50.83699190884515,86.15745554236112,4348.581630081086,13.0600004196167,4.129000186920166
2023-12-08,165.75855266043044,87.10442771375459,143.91020710333376,20.13401031494144,185.63999938964818,177.11595794347895,84.62598551534141,135.72312452754502,75.96497493658174,140.56498134895233,55.68966564198461,94.06285064429288,344.6749317627271,29.706273511404095,137.00605773925776,423.2272800613846,86.04508972167962,243.83999633789074,20.07999992370606,66.52999877929689,50.30348045181814,87.14666807372295,4366.391236884346,12.350000381469727,4.244999885559082
2023-12-11,163.61574779406303,87.11339932990866,142.41663469842754,20.06397819519046,183.5899963378904,174.8854423012486,84.6349702303058,136.28566663494163,75.90768957168955,141.07930764908505,56.098243916499406,94.03655666355128,341.9763402401584,29.156622417507172,137.63845825195307,424.87346208497684,85.86306762695305,239.74000549316415,19.239999771118168,66.80000305175783,50.43018961819591,87.20795642162314,4383.527114346991,12.630000114440918,4.238999843597412
2023-12-12,164.91160799563588,87.37415139774733,143.9687762336428,19.757591247558626,183.4900054931638,173.8751720080094,84.81514958480358,136.29443978028917,76.1123091548278,142.3384571020058,56.459309217354,94.57101634174269,344.8130864736639,29.80070209092039,137.75170898437491,426.8139722930063,86.11791229248038,237.00999450683605,18.079999923706055,64.25000000000001,50.4702018054698,85.83357080604513,4403.68852274543,12.069999694824219,4.205999851226807
2023-12-13,167.6642140652827,88.4709296050529,145.29639780417128,19.98519325256351,187.63000488281222,173.94077659666482,86.07622596897977,136.92728173210435,77.2418304195444,142.8172851815508,56.94389431062436,96.15684390419595,344.8038799718175,30.07021331522861,140.24359130859366,432.6997831501938,88.13842010498038,239.28999328613295,18.399999618530273,65.3300018310547,51.36716315691695,86.59516664467026,4463.801849520243,12.1899995803833,4.0329999923706055
2023-12-14,167.79125380632564,89.18498359750585,143.91020710333376,20.31784248352054,188.7299957275388,173.1141587796063,86.79172717786778,137.87648731900788,77.618356837275,145.4154195570728,56.09824391649939,97.17945159329109,337.0304473352165,30.234041959908836,136.54353332519523,434.0884099154909,90.43114471435538,251.05000305175795,19.04000091552734,67.16000366210939,50.740289929584215,88.92374905668134,4475.61781193524,12.479999542236328,3.930000066757202
2023-12-15,167.3339159617077,88.97759807904663,146.39949941001285,20.35285758972171,186.99999999999974,173.98011916383084,86.71943156443335,136.37355577566967,77.46281724979474,146.51494070260287,55.6801715655919,97.03876661292884,341.4513123103299,30.571712087120535,135.88284301757804,433.3737411256944,90.53160095214834,253.5000000000001,19.319999694824215,67.15000152587892,50.930361492505156,88.32846714719285,4475.276548344838,12.279999732971191,3.927999973297119
2023-12-18,165.91098990340868,88.79728428160522,150.4018921302032,20.498884201049837,187.85000610351537,178.17875227969702,86.52972274065856,136.61963390154426,77.52621315025623,147.40169989511472,56.079240275824276,96.6342852955896,343.21967545534767,31.313965308485937,137.96881103515616,435.81152553338217,89.81024169921865,252.08000183105477,19.559999465942383,68.08999633789064,51.673934979381485,88.98501578103178,4495.5421416928575,12.5600004196167,3.9539999961853027
2023-12-19,166.80032032207578,88.90548899433777,150.12854469625054,20.65501403808597,189.13000488281224,179.29396972875765,86.69232070939543,137.51617194595312,77.78137693805009,149.37023112286283,55.898709561383185,96.75739665220432,343.78155798418226,31.018186794415396,137.96881103515616,438.4616084406563,90.2941894531249,257.22000122070324,19.600000381469727,69.36000061035158,51.86066242667008,90.15806452469445,4521.914825263127,12.529999732971191,3.921999931335449
2023-12-20,165.01323717690192,89.23004337156195,148.49830602212106,20.416229248046907,188.10000610351537,181.5113644532569,87.11693057772939,134.71239224157043,77.75665935051595,147.6854440786516,54.73949522414654,97.01238402568096,341.3500979732612,30.08459170264598,135.83563232421866,432.38573656992753,90.90593719482412,247.13999938964852,18.799999237060547,68.79000091552737,51.253799199651425,88.65237350705863,4455.513821020125,13.670000076293945,3.877000093460083
2023-12-21,164.88618437801736,89.22103440479941,150.17735727001016,20.452964782714876,189.429992675781,184.2404951552959,86.9814434640304,136.0922560515617,78.11061375429306,148.52786602207075,55.10056439697356,96.97722201043479,344.03939721912167,30.6342427965429,136.16596984863273,436.4855993291225,90.33070373535146,254.5000000000001,19.959999084472656,69.0299987792969,51.61724518739444,89.0550544587392,4501.4121532742865,13.649999618530273,3.8940000534057617
2023-12-22,163.97148257309823,89.10382819542599,149.76735846234044,20.416229248046907,190.27000427246068,185.64441316649499,86.90011089891667,136.63725186826332,78.03651173160637,148.4391631025717,55.41412059614039,96.81013229119804,344.9972736938324,30.53419318409701,137.1287536621093,437.36279287044357,89.91983795166006,252.53999328613293,20.159999847412113,68.69000244140626,52.23412122792442,89.21263247376848,4508.884760902362,13.029999732971191,3.9010000228881836
2023-12-26,163.50564407359087,89.28413452274569,149.75760190579098,20.618278503418,191.72000122070287,185.68377591968823,86.95432514660465,137.2349008922548,78.19291389765455,149.31705484526503,55.64216041226924,97.01238402568093,345.07095430022395,30.81495840851694,137.75170898437491,439.20954659434057,90.17549896240224,256.60998535156267,19.719999313354496,70.20999908447268,52.154100760053794,89.41396934568378,4527.964961046275,12.989999771118164,3.885999917984009
2023-12-27,163.59032417644457,89.85214016596602,149.68926132342625,20.52643775939945,192.58999633789037,184.1748905666404,87.63190250046856,137.41946665426318,78.52212896821932,150.2126672769387,55.78468384536012,97.91806066197512,344.5275991415647,30.901257375227193,137.86497497558585,440.0036970237122,91.7733688354491,261.4400024414064,19.79999923706055,68.91999816894534,52.64426372752886,88.993766110839,4534.442023600587,12.430000305175781,3.7890000343322754
2023-12-28,163.95452043684432,89.65379349475613,149.72831734063644,20.351940155029332,191.47000122070287,183.9911977184052,87.2976248369884,137.621621712581,78.24229108424768,151.01072354995156,55.82269887065518,97.66305113687193,345.6419861476636,30.966917245656234,137.55348205566395,440.16984115773107,91.10682678222643,253.1799926757814,20.559999465942386,67.18000030517581,52.540896957066096,87.70692704043279,4536.120558899372,12.470000267028809,3.8499999046325684
2023-12-29,163.06521613386047,89.48250360432067,148.32259863119387,20.241731643676793,191.16999816894506,183.2826479748992,87.08082008295139,137.76225007182774,77.97067306662903,150.833346132267,55.99372389278629,97.30254079827922,346.34199479581423,30.966917245656234,138.31805419921864,438.8956447893741,90.2850646972655,248.4799957275392,20.28000068664551,66.65000152587893,52.56756784190488,87.523083620282,4523.2993274819855,12.449999809265137,3.865999937057495
2024-01-02,157.2296667174669,89.05876095124817,146.36044339280267,20.07641792297367,190.72000122070287,181.28830885182845,86.75556444637486,140.60115102801007,77.73197800577874,152.5890869856834,56.83938203085611,96.64310164296549,341.58031770266155,30.1202321543253,140.39463806152335,436.4393870534353,89.7646026611327,248.41999816894545,20.760000228881836,65.76999664306643,53.11442060136699,89.60656309564179,4497.694834273284,13.199999809265137,3.946000099182129
2024-01-03,156.05239783341406,89.10382819542598,144.93521157026117,20.333570480346715,189.13000488281227,182.27237768166,86.96335463589611,141.48007110569986,77.4768069694255,151.92405667060555,56.972403643609425,96.42326890085953,341.3316277863272,29.745670865771814,139.54512023925773,432.8751349932783,90.13896942138659,238.4499969482423,21.76000022888184,68.19000244140626,53.11774909029077,90.35942302015955,4461.63989605541,14.039999961853027,3.9070000648498535
2024-01-04,154.07050474923105,88.74319313042147,141.1280691451093,20.22336387634281,189.32000732421852,178.95282586774937,86.43936814864117,141.18125376130652,77.1722732435979,152.93223171447914,56.78237110883079,95.8868820311563,338.8816689968515,30.01393138041757,140.30966186523426,431.48080408117016,88.76934814453114,237.92999267578136,23.07999992370606,67.56999969482423,52.60424763357784,89.57154736071304,4446.3436932802315,14.130000114440918,3.990999937057495
2024-01-05,153.4522420645871,88.53583002232736,141.78211592607096,20.324386596679723,189.35000610351543,178.0869058555794,86.12318677568317,141.6206851297418,77.27104936246236,153.69950770494876,56.696850853820386,95.54397485181326,338.7067454617706,30.701153376634405,139.1486816406249,432.07174789978114,87.92018127441393,237.49000549316415,23.360000610351566,69.02999877929689,52.25413122823851,89.8429084946359,4454.46132150726,13.350000381469727,4.041999816894531
2024-01-08,157.16190957734236,88.86942324680084,145.55021722951886,20.030496597290075,187.86999511718733,182.16741033981128,86.4122647559911,141.9722703630635,77.68258632206683,153.4764856577495,57.11493094867273,96.27377495699692,345.09865958062494,32.67465388148296,140.34742736816392,438.2399864117647,88.78759765624987,240.44999694824227,24.04000091552735,66.40000152587892,52.767632684951444,88.34598222250715,4517.334391835384,13.079999923706055,4.001999855041504
2024-01-09,156.8061747983072,88.85139784315406,147.76616210224526,20.177440643310582,187.92999267578108,184.93590379504352,86.37613187404958,142.06017383899632,77.81429264625905,152.26310873025432,57.01040705298722,96.44084990848262,346.1117750664139,33.229307814029745,140.92320251464832,437.57517823520976,88.22150421142565,234.96000671386727,25.920000076293952,67.38999938964845,53.12108539256884,87.25171527850917,4510.6582202663185,12.760000228881836,4.019000053405762
2024-01-10,157.69547910129106,88.6800855423535,150.0699755659415,20.039680480957067,187.49999999999983,186.68096566725086,86.24063729796276,142.27110204266162,77.97887843586327,152.5842837836983,57.200451203683144,96.31774593574343,352.5404580094124,33.98593942281253,141.52728271484366,440.0498513892796,87.81064605712878,233.94000244140634,24.60000038146973,66.55999755859376,53.78130601597362,86.39382256490501,4536.215482964544,12.6899995803833,4.03000020980835
2024-01-11,157.1873331949609,89.18498359750582,151.48545083193352,20.186626434326207,187.8699951171873,186.41850694057456,86.70137258585041,141.63828876125606,78.17645241927038,151.94189104483996,56.82988408249099,96.89808901644214,354.2536107349726,34.28108780835083,142.06530761718741,439.8559393527644,88.30367279052722,227.22000122070318,25.15999984741211,67.65000152587892,53.72128382838565,86.37630748959072,4533.171430259937,12.4399995803833,3.9769999980926514
2024-01-12,157.4668232368237,89.34725705105706,150.93878575504056,20.260099411010778,189.71000671386696,187.16637906521927,86.93625870563388,142.72815137781595,78.29166102228145,150.82662449161924,57.3809780461518,97.10909802729671,357.79030843338745,34.211052840953656,142.1502838134765,440.1606044936055,88.13018798828112,218.8899993896485,27.28000068664551,68.01999664306643,53.79131492280781,87.49682542301036,4536.575731367981,12.699999809265137,3.950000047683716
2024-01-16,155.52727673298835,88.6800855423535,149.51355393249904,20.085603713989293,187.91000366210915,186.95646456754915,86.23158542150777,141.084591475231,77.7649154596659,149.88090528420807,57.0009091046221,96.1243031647609,359.4481649646282,35.2565840606634,141.38569641113276,438.5447094627257,86.57796478271472,219.9100036621094,23.120000839233402,67.25000000000003,53.96137257873753,85.51842198383648,4519.648223804495,13.84000015258789,4.065999984741211
2024-01-17,154.7226655906998,88.43664921660073,148.098078666507,20.05805015563968,185.8399963378904,185.61819151706004,85.95152946810346,141.00546114464566,77.46857985451311,149.07793212395606,57.0009091046221,95.92208834965562,358.7113303090921,35.050854255440015,141.5272827148437,436.10695401009787,86.44098663330065,215.5500030517578,23.28000068664551,67.94000244140628,53.70795424598199,84.89688187707638,4494.261824423579,14.789999961853027,4.105999946594238
2024-01-18,159.7620914618526,88.35550875476426,149.84545560125463,20.186626434326207,187.36999511718724,188.25541523689958,85.76182064432865,141.69101364456998,77.60029342726473,149.37236272137682,57.1624400503605,95.73741023892029,362.763849435489,35.709937671101834,140.71133422851557,439.98519474040125,85.637481689453,211.8800048828125,22.239999771118168,69.05999755859378,54.431525545898516,84.73931827774696,4533.834972627704,14.130000114440918,4.144000053405762
2024-01-19,162.2436689710012,88.37354162853275,151.64164510976184,20.149890899658235,187.92999267578102,192.0604006348059,85.77085013362012,142.10409690655308,77.68258632206684,151.95080112662876,56.84887997922124,95.83414639216262,367.1848001854643,37.20069050159347,140.16996765136713,445.47012279251885,85.91139984130847,212.19000244140622,20.79999923706055,68.81999969482425,54.14476372374807,84.87061647195486,4589.662362098919,13.300000190734863,4.145999908447266
2024-01-22,164.2170744581364,88.53583002232736,151.09498003286888,20.232547760009798,187.22000122070287,191.54870502932076,86.03284710844152,142.79847989264417,77.81429264625906,151.77237212034393,56.601828778472424,96.09791319363747,365.19539522127195,37.30261856538356,140.4454193115234,446.41200193777826,86.42274475097643,208.8000030517578,19.680000305175785,69.69000244140628,54.14809611934899,84.75681172951148,4599.733573891623,13.1899995803833,4.093999862670898
2024-01-23,165.30966323933555,88.31942806698392,152.30546334277915,20.342756271362333,187.94999694824193,192.92636101903045,85.81601250485312,140.4605226687633,77.76491545966593,150.77312136891595,56.867879747923915,95.7462044346696,367.39657831955134,37.43956411287224,140.53149613186181,447.7139372535716,85.73792266845692,209.1399993896484,20.120000839233406,69.6600036621094,54.28481419256094,85.71100852594456,4613.171117166299,12.550000190734863,4.142000198364258
2024-01-24,164.73372101935598,88.12110380613912,153.13521751466803,20.51725387573245,186.39999389648412,195.1043526182819,85.57208943339033,139.71344346976795,77.723743642307,152.12033426178152,55.97472799605603,95.56154847556081,370.76753039311103,38.370657785316716,138.83392245512363,448.20330672186225,85.23575592041003,207.8300018310547,21.05999946594239,70.54000091552737,53.51789049641533,87.1904413463088,4616.916681864744,13.140000343322754,4.177999973297119
2024-01-25,164.45423097749318,88.5177896784372,153.99427114721766,20.673383712768587,187.13999938964815,199.2636633530094,85.94248505403631,140.24077831413604,78.29988813719386,154.29730740289259,56.21226188857758,96.19461981137769,372.8951472514815,38.53011371987932,142.0282539357805,450.64112008461,85.79270935058582,182.63000488281247,20.100000381469734,72.23000335693362,54.298143774964615,89.40521180802659,4641.203351222318,13.449999809265137,4.131999969482422
2024-01-26,162.97206149180062,88.41862381295394,155.33164927429553,20.76522445678714,187.00999450683565,199.68351253437694,85.7889016498152,140.18805343082212,78.20113376400758,153.70843199739426,56.41180398763863,95.92208834965562,372.0293357952344,38.16367727043087,142.50284032719236,450.06862063919,85.62835693359364,183.24999999999997,20.13999938964844,73.09999847412112,54.774977160035995,90.16681485450165,4638.178283330744,13.260000228881836,4.159999847412109
2024-01-29,162.38763167477327,88.77023497095252,157.42069932985433,20.590724945068388,188.3300018310544,201.41543330282596,86.30385118539084,140.06501436788483,78.4233745950331,154.1099398935054,56.753857903873275,96.31774593574343,377.36213051068864,39.06038358770899,142.52109364993896,453.632872699347,86.61447906494129,190.92999267578125,19.129999160766605,72.05000305175784,55.03172788839245,90.28062680479496,4673.227952546229,13.600000381469727,4.091000080108643
2024-01-30,159.26236786336216,88.94153980163138,155.2145110136774,20.72848892211917,188.58999633789034,198.7257057260348,86.42130917005827,139.54645266886425,78.29988813719388,157.2683578331236,56.91539659355654,96.6254837159648,376.32133833611937,39.253603909457205,143.7349322819369,453.28199528281857,87.3997344970702,191.58999633789062,19.39999961853028,72.80999755859378,55.21512294008013,91.78633223813064,4670.420978482442,13.3100004196167,4.059000015258789
2024-01-31,156.17942451661546,89.34725705105707,151.50497884053857,20.508069992065458,188.4499969482419,183.82064597392835,87.144056357543,139.66067558083958,78.08589616675894,155.56423008506133,56.52583357563414,96.8717064291942,366.18083401828056,38.47383655876928,143.4155064645229,445.8856279028657,88.25802612304675,187.2899932861328,19.62999916076661,70.91999816894534,55.10174335610603,90.00047930181522,4595.200370974355,14.350000381469727,3.9670000076293945
2024-02-01,158.2629728977477,89.85636825484464,155.4878435521239,20.26009941101077,190.4100036621091,185.21142288136912,87.68378848314917,139.18607995499022,78.4848858700521,155.00214176755657,57.941581574095025,97.6208670560023,371.89120967591833,39.411811521207824,145.27731606207038,451.7214623265718,89.989288330078,188.8600006103516,18.909999847412116,69.06999969482425,56.122093198361455,89.63282129291333,4652.6113716791815,13.880000114440918,3.86299991607666
2024-02-02,157.4075275780637,89.03347458931518,167.71952678187571,20.030496597290067,188.61000061035125,186.81213447250724,86.54272968267097,137.64799848944273,78.1785979928511,155.89432943095093,57.523501479242675,96.72964804798445,378.7436204368147,41.370931251788505,144.28253196433522,456.4768965981963,88.00151062011707,187.91000366210938,19.36000061035157,67.5100021362305,56.5422367914458,89.2651488683116,4702.321946999519,13.850000381469727,4.0329999923706055
2024-02-05,158.957480319564,88.30103662737416,166.25523894212404,20.113151550292997,187.57000732421844,188.51781340549408,85.70044250431027,136.93606921265666,77.80613076838125,155.6891417579861,57.04841820630986,95.80309719558342,373.6135403117043,43.354432660235794,144.3920665621183,454.8147603365692,86.22447967529286,181.05999755859378,19.250000000000007,68.18000030517581,56.23880127125933,88.8974908594097,4687.3387621173,13.670000076293945,4.164000034332275
2024-02-06,160.32954608478434,88.76219712001017,165.12285277112795,20.1866264343262,188.5500030517575,189.06891213622706,86.16233446231378,138.92241253280616,78.12066025761344,156.2244571981541,56.95340000293433,96.3413669535453,373.4661219156799,42.66095234200562,145.0765441731611,456.1352558457933,87.0672149658202,185.10000610351562,18.540000915527347,68.80999755859378,56.62225725931643,89.51025901281281,4698.168440342942,13.0600004196167,4.090000152587891
2024-02-07,160.4227137846858,88.58134547380683,166.47000235026147,20.27846717834475,188.49999999999972,190.95826373142185,86.00836301392476,138.85208401797797,78.23653572808878,156.51887358491808,57.0009091046221,96.05900016962502,381.3500897576786,43.83404162618404,145.22254143252715,459.93966117321276,86.64583587646474,187.5800018310547,18.239999771118168,69.41999816894536,56.478878301579776,89.48400081554122,4736.888198048954,12.829999923706055,4.110000133514404
2024-02-08,159.49952438271887,88.3100829447452,165.7964275606947,20.388677597045927,188.3300018310544,191.44375787349938,85.72762052083878,137.46340405702475,78.25311318342325,155.95679947807008,56.84887997922125,95.56484906792012,381.40535736037737,43.54764343458201,144.78449100921534,460.14278091879345,86.14202117919912,189.55999755859372,17.42000007629395,71.51999664306643,56.47554199930172,91.0159644461485,4739.590987163161,12.789999961853027,4.170000076293945
2024-02-09,160.15252092605076,88.28295146275384,170.29667278401843,20.44378089904788,187.60000610351534,195.49804070829634,85.57367145961331,137.77981069772753,78.42691914057686,156.1441527768005,56.592330830107315,95.44131683040054,387.33677483718975,45.10594174739839,143.67105298297548,462.80212944525294,85.96798706054676,193.57000732421872,17.149999618530277,71.66999816894534,56.44553090550773,89.09007019366788,4766.807337302916,12.930000305175781,4.186999797821045
2024-02-12,158.71083074935532,88.30103662737416,168.23690729361414,20.45296478271487,187.11000061035128,193.56926580182645,85.65516819725963,138.73784677079783,78.24481358291693,156.84007705967562,56.725356314833064,95.45013317777641,382.4645625386394,45.17785277928926,143.3881191497513,462.5989807446123,86.06874084472643,188.1300048828125,16.170000076293945,72.1100006103516,56.78564621736715,90.3156425397237,4762.283858314277,13.930000305175781,4.171999931335449
2024-02-13,156.92147553974098,87.48719674933741,164.62500026799458,20.333570480346705,184.5299987792966,190.43342702217834,84.71331037789402,137.52494509130062,77.61576185301196,155.47500137126212,56.39279647499112,94.40007223948236,374.2306332599964,45.10281019954122,142.62147959439366,456.22759353198813,84.59394073486317,184.0200042724609,15.520000457763674,72.65000152587895,56.398853927032,89.53812456061738,4697.163171340553,15.850000381469727,4.315999984741211
2024-02-14,156.16671923672695,87.87601658349209,166.9092857230857,20.140705108642603,184.41999816894506,191.48308025463808,85.0302827639635,136.8833013237283,77.9385619485129,157.05418902508603,56.33578168099337,94.84128095367886,377.8476734124121,46.21088167607534,142.0373732665021,460.37361065675054,85.02449798583973,188.71000671386716,14.890000343322756,71.55000305175786,56.2187873642681,89.09634102310142,4742.160882586128,14.380000114440918,4.267000198364258
2024-02-15,155.92077478996532,88.08401465193016,165.7573864389907,20.186626434326197,185.6600036621091,187.32385026401968,85.26576587477452,138.7993734698689,78.15377167692604,160.48026468478818,56.44030944865131,95.18542124023446,375.14407835623126,45.43423393899209,143.29685253601826,463.55009655399704,85.46419525146473,200.44999694824213,14.810000419616701,72.83999633789067,56.44886720778578,91.64980835272816,4769.766189870979,14.010000228881836,4.239999771118164
2024-02-16,154.60630716409543,87.80369086525413,165.47428244848857,20.23254776000979,186.33999633789037,184.3716841465795,84.89442253087232,138.63995165710813,77.9716806163849,159.73080885789625,56.430803756341334,94.84128095367886,372.83724921968377,45.406083424184565,143.75317094338013,461.241567533946,84.96952819824209,199.94999694824216,14.989999771118168,73.41000366210942,56.80564840432695,91.64980835272816,4746.854761847857,14.239999771118164,4.295000076293945
2024-02-20,153.97029887270074,87.88507037098479,163.10214329793382,20.122337341308622,187.47000122070287,185.1589190244175,85.03934210280634,139.80007111247215,78.10411904507593,160.35533880120667,57.67553834858839,95.15895004648026,371.6654216477173,43.42946091888085,144.66585174201407,458.70229564111776,85.04280853271474,193.7599945068359,14.770000457763677,72.41999816894536,58.639598921203714,90.78390771785891,4718.348370510196,15.420000076293945,4.275000095367432
2024-02-21,154.61480781898481,87.62283174892909,164.57618769423496,20.204994201660185,187.4799957275388,187.0351698879085,84.76765894856321,140.52627825325516,77.97994397409425,161.3992252255194,58.18863277484385,94.92070191881697,371.102567003781,42.19134427965613,146.3907834109171,459.11782970652456,84.43824005126943,194.77000427246088,16.620000839233406,73.19999694824222,57.91936001688811,92.63935965303637,4724.313306156798,15.34000015258789,4.324999809265137
2024-02-22,156.3532766198373,87.69517240741042,170.42358249669218,20.26009941101077,187.5599975585935,189.05577103246873,84.77672574979388,142.09378989429027,78.34416233797354,163.33529931322653,58.103112519833445,95.07070535009075,379.84076669566724,42.39335437377656,146.53679533158657,468.61946158564797,84.85043334960928,197.41000366210932,16.280000686645515,73.59999847412112,58.489551265588084,92.5598282369796,4824.104429129536,14.539999961853027,4.327000141143799
2024-02-23,154.7844161236828,88.02068296021135,170.82382474781247,19.966207504272486,188.61999511718724,188.8851991019646,85.16612060989115,143.32475393185584,78.38554436355491,164.15613526902646,58.150617749548786,95.35304998238445,378.6320273414534,42.54395031292028,146.96575574678363,468.9426579648599,85.98632049560537,191.9700012207031,15.210000038146978,71.91999816894536,58.53956454634188,91.74697016969797,4825.78296442832,13.75,4.260000228881836
2024-02-26,153.63108226330473,87.83081487712376,170.5700053224649,20.149890899658228,188.19999694824193,180.50111434604506,85.03934210280634,142.39487220104454,78.1455083192167,163.59403274086492,57.6850324249811,95.05306527146347,376.04843131710226,42.69239523470962,146.2264888448942,467.22515962859984,85.72981262207021,199.39999389648435,15.61999988555909,72.79000091552739,59.619928762830995,92.10922949900711,4807.508924272044,13.739999771118164,4.298999786376953
2024-02-27,154.87768828631718,87.71326504215243,169.40833458631425,20.306018829345728,187.99999999999977,182.219914196763,84.84917061098521,142.56312449997208,78.20345330301376,163.67435137287524,57.33346894446405,94.92070191881697,375.99304934792093,42.48133592843802,145.3868506598535,468.09311650579536,85.12525939941395,199.729995727539,16.170000076293956,73.84999847412112,59.609919855996814,91.91485541011797,4815.712215679838,13.430000305175781,4.315000057220459
2024-02-28,153.85156391892303,87.88507037098478,169.03739179585472,20.2233638763428,188.33999633789037,178.93974532207292,85.15707619582402,143.06793873757394,78.22000901267006,164.50411162112079,57.39047986648937,94.91186341981452,376.21449144978453,41.92104535629793,146.07134293219968,467.47443373974795,85.66569519042959,202.03999328613278,16.729999542236335,73.62000274658206,59.6399309497908,92.17108005920133,4807.727018099831,13.84000015258789,4.27400016784668
2024-02-29,153.28337805686095,88.02973674770406,172.551673673955,20.19581031799319,189.3099975585935,181.66883565205734,85.32915139712303,142.9173760813896,78.31932877348909,166.00298064293438,57.02941456563478,95.00013765170614,381.6770349397071,42.70318740798762,145.0582761891111,469.1549854195062,86.27030181884756,201.88000488281247,16.54000091552735,73.36000061035159,58.629601734400964,92.34778050007787,4832.867077955518,13.399999618530273,4.251999855041504
2024-03-01,152.35900039130735,88.45237382276589,173.97692039200268,20.296834945678736,192.88999938964818,179.93691488360832,85.71870296736503,143.57272430476618,78.58486524977603,165.31598065250483,56.56382924106709,95.57843539888464,383.39327556029644,44.41267754495606,144.97617289000988,473.5595422746021,86.80783081054678,202.63999938964838,16.420000076293952,74.95999908447268,58.77964548333946,93.51406107266233,4871.567850848496,13.109999656677246,4.179999828338623
2024-03-04,148.49195977144453,88.23470941685622,173.35215817619556,20.361124038696314,196.0099945068357,174.9641476216079,85.52801657078264,141.5535677007924,78.6181361373953,166.55613045733682,56.829884082491006,95.40131837668606,382.85815478838174,46.0093422888923,145.62412919425603,473.0517573881803,86.45864868164053,188.13999938964835,17.29999923706055,74.0100021362305,59.31982954492259,92.20641293952674,4865.754793706171,13.489999771118164,4.218999862670898
2024-03-05,144.26868817456526,88.71538933747773,169.9745276718123,20.20499420166018,197.190002441406,174.07196558794854,86.05466713049796,141.66869373067118,78.52657233512804,168.22456103561672,56.554327420729535,95.92386047978144,371.5362161140412,46.40394683462483,145.40510398260008,468.32397519881243,87.68998718261709,180.740005493164,17.51000022888184,73.44999694824222,60.06007454287514,93.33735342393587,4816.15766421982,14.460000038146973,4.13700008392334
2024-03-06,143.4206727667585,88.85143519376254,169.3790500211597,20.370307922363306,198.80999755859347,172.40564940815494,86.26351697909308,141.11075322402053,78.70969269110316,169.09891432477667,56.582836753714616,96.18066428663698,371.01950834581925,47.88085925033211,145.633263186281,470.697074002562,88.20454406738271,176.53999328613276,17.290000915527347,74.33999633789064,60.590253604301225,94.33574875610034,4840.918027814816,14.5,4.104000091552734
2024-03-07,143.31889994923475,89.04187847622053,172.61025769977024,20.425413131713892,199.940002441406,176.31560214790997,86.4088096704193,140.69453055218267,78.7929496443047,167.61785125588395,56.478308986056675,96.41978371161211,377.5247882405147,50.02334670830266,146.59156996112978,475.3694072521171,88.1218490600585,178.64999389648435,16.030000686645515,74.23000335693362,60.38017985442049,94.86587891012962,4890.799466452464,14.4399995803833,4.0920000076293945
2024-03-08,144.7860137435487,89.1234895557237,171.1752544251731,20.361124038696314,201.63000488281222,177.66701630215744,86.47237429007603,141.27017503678132,78.82624952616155,167.93015885950942,56.554327420729535,96.55264916779427,374.8303425029389,47.248208784048636,146.34514277339883,472.51614668914243,87.96564483642568,175.3399963378906,16.12999916076661,73.36000061035159,60.14009891742291,95.75826118561808,4858.869789193725,14.739999771118164,4.089000225067139
2024-03-11,146.49905892678265,89.02374102074833,167.86596450315457,20.53562355041506,201.99999999999972,180.6323033373287,86.36340850277529,142.78454607356286,78.82624952616155,167.9925862746583,57.23845461306095,96.57035570130127,373.26174901133896,46.301382041616364,147.44032747689207,472.10990719798104,87.9197006225585,177.77000427246094,15.689999580383306,73.62000274658206,60.6802790723289,96.32370980427288,4853.416980454835,15.220000267028809,4.104000091552734
2024-03-12,146.90609796551126,88.7970004169809,171.2142955468771,20.48051643371584,199.78999328613256,181.72131932298169,86.00925850046609,144.12180565484044,78.86785625708411,169.37549633730626,57.4854980698649,96.26038060679606,383.19030364536695,49.61525915723771,147.78714060907765,477.1885378488175,87.1845703124999,177.5399932861328,15.310000419616705,73.34999847412112,61.43053297711563,95.70524744943015,4907.783928455054,13.84000015258789,4.15500020980835
2024-03-13,145.12521729510306,88.63377825797457,172.35643827442263,20.765224456787134,201.190002441406,183.41387733823743,85.81854971672016,142.6694200436841,78.92613467461331,170.7495105288221,58.07460318684836,96.16295775313,383.0242435126847,49.061953210414984,148.12483441054167,476.4405128299534,86.76188659667959,169.47999572753903,14.909999847412115,75.08999633789065,61.30049141513694,96.77432295794522,4898.3387524482705,13.75,4.191999912261963
2024-03-14,146.7110529853531,88.07147231760649,174.49430090374108,20.829513549804712,200.35000610351534,187.75684054914564,85.18295575686763,140.99565586455145,78.53490817843132,167.70710839099664,57.94530253959806,95.45443059333151,392.3622096307546,47.47276345782135,147.39470150067723,475.4987205498739,85.42949676513662,162.49999999999997,15.569999694824226,76.30000305175784,61.24829430186156,98.4883929168717,4884.275173387675,14.399999618530273,4.297999858856201
2024-03-15,146.38881157005267,88.06240358987039,170.26738821886383,20.902986526489283,199.7100067138669,185.23766471683135,85.03765560315355,140.08349244689293,78.54324402173465,169.78592852586297,57.351485232170106,95.48099777746754,384.24218936874485,47.41500328491658,147.2851815641976,472.23363216916664,85.40191650390615,163.57000732421875,15.130000114440925,76.3300018310547,60.90701870689138,98.31168526814524,4852.610820467198,14.40999984741211,4.303999900817871
2024-03-18,147.32165071697088,87.97170884238774,170.3259573491729,21.09584999084475,200.02999877929656,193.76609975382013,84.93778646663486,138.82593660439332,78.68473590110902,171.8915215380661,57.59093187907093,95.32159467265146,385.07269017350046,47.748604648821185,147.1300356515031,475.0401882204347,85.1446304321288,173.80000305175778,15.340000152587896,77.98000335693361,61.08769861796635,99.22174119164633,4883.269904385285,14.329999923706055,4.340000152587891
2024-03-19,149.32302610083894,88.18936577817571,171.7121480500104,21.08666610717776,199.80000305175753,192.91326028732672,85.18295575686761,138.3388693503539,79.01770572543998,172.89969658193965,57.68670511706986,95.59614931626716,388.84661254837266,48.25764991096316,147.69585933404124,477.68010790166477,85.38354492187491,171.32000732421872,15.640000343322763,78.4300003051758,61.09773096486339,99.91973496254582,4910.856226857102,13.819999694824219,4.296999931335449
2024-03-20,151.51944646486515,88.3707702133844,173.9085798096379,21.031562805175806,202.17999267578094,195.15687666126084,85.38272387945638,137.94032198605436,79.28404679181968,175.16591264750667,58.184753058471316,95.7732884900923,392.37144472422153,48.78341706663782,147.84188591601412,482.09821572481945,85.35596466064445,175.66000366210935,15.369999885559091,77.25000000000001,61.47915548080738,99.83138834603253,4954.583344762023,13.039999961853027,4.2729997634887695
2024-03-21,145.328749872309,88.434228897172,173.9085798096379,21.00401115417483,201.9700012207028,193.66111222594412,85.39180560546275,137.93147716468278,79.27573269419455,177.60157658428588,57.91657637615702,95.9149629097748,396.19154256642884,49.35723185133933,147.72326131011624,483.6915258089348,85.53976440429679,172.82000732421872,15.319999694824228,76.81999969482423,61.67990399235353,100.27315025999872,4970.619029157107,12.920000076293945,4.270999908447266
2024-03-22,146.100468311577,88.71538933747773,174.61143916435918,20.85706520080569,200.3500061035153,197.82038258861706,85.80949037787731,137.47095870996293,79.16751895099885,175.42461765383158,57.93572715178438,96.24267407328908,395.6102177355585,50.897838280928966,147.54072808265016,482.77440323993653,86.35757446289054,170.8300018310547,15.109999656677257,76.6800003051758,61.09773096486337,100.27315025999872,4963.649287552337,13.0600004196167,4.2179999351501465
2024-03-25,144.88777350323087,88.55212982786293,175.4314516752048,21.031562805175803,200.99000549316372,196.90193853346824,85.58247707726944,137.46209955338654,79.09260508966003,173.81868554398434,57.84952930159913,95.9149629097748,390.1845574362626,51.2827179206149,146.19913085272935,481.4406752683132,85.92567443847648,172.63000488281244,15.039999961853036,77.76000213623048,60.79660819754414,101.29807047988193,4948.48551542418,13.1899995803833,4.252999782562256
2024-03-26,143.9210100838048,88.64283951558896,174.05501753091676,20.866249084472678,201.6399993896481,197.6891734113062,85.7096212413586,137.94920981304043,78.94277011842297,174.63058299668194,57.98361570677006,95.88840310951431,389.06802605861566,49.96505496214366,146.52769066216834,480.5514364220511,86.16458892822257,177.66999816894528,14.96000003814698,77.29000091552736,60.73638286274487,100.53821173308837,4934.630769306965,13.239999771118164,4.234000205993652
2024-03-27,146.97393345268554,88.93306121350909,175.54858993582295,20.847881317138693,203.10000610351528,197.95159176592793,86.03650367848516,139.8886483430314,79.3672964964618,178.0120229834994,58.45292586881319,96.55264916779429,388.86505414368605,48.717559673232394,148.40775358246245,484.5899434092026,87.01917266845695,179.83000183105466,14.350000381469732,77.51000213623048,60.947171534542335,101.5807983931343,4977.219724518257,12.779999732971191,4.196000099182129
2024-03-28,145.42203509278502,88.82420660018917,176.08549845616648,21.095849990844748,205.72000122070276,198.03031727231448,85.95478306920353,140.09233726826454,79.2424255637783,178.70791884506102,58.59659153377023,96.46408696475723,388.2099057483209,48.77477591071421,148.07917911172004,484.49725826228826,86.94566345214834,175.78999328613278,14.569999694824224,78.73000335693361,60.395115081128964,102.70289484568721,4982.776718206727,13.010000228881836,4.205999851226807
2024-04-01,144.19237814818493,88.17839216940776,176.66144809821395,21.196876525878924,207.82000732421838,204.0133144554995,85.17706793285855,139.72922653027064,78.84826340104168,177.49454191756584,58.117702111941,95.54039367218404,391.76244320457084,48.778554613614524,146.55504865433315,483.65437646701326,85.32491302490226,175.2200012207031,15.390000343322757,79.66999816894534,60.22448314365958,103.36555573626131,4972.743476040094,13.649999618530273,4.328999996185303
2024-04-02,143.1832028592031,88.11470938196936,176.38811555976747,21.389741897583022,210.8899993896481,202.7931094785629,84.99490358319422,139.68495941779824,78.69765283394945,177.4231759993146,57.6100826546983,95.3981580779617,388.8743178287737,48.28679578404268,146.54592932361157,480.57929118972726,84.85472106933585,166.63000488281244,15.479999542236333,80.79000091552736,59.38133236314686,105.388871288309,4936.745492261323,14.609999656677246,4.364999771118164
2024-04-03,143.87012367504292,88.16929356118489,178.06716680765658,21.6468963623047,212.7400054931637,203.2654423308548,85.09507867761452,136.61195023176282,78.73948427021325,176.92352930761547,57.30359667718444,95.46040414863059,387.9608155492976,48.02336621042096,142.5119449966106,481.1071708877575,84.83625793457023,168.38000488281244,15.46000003814698,81.25000000000001,59.652342463066454,105.40653052062179,4942.132085676702,14.329999923706055,4.355000019073486
2024-04-04,143.166279896474,88.37850178933734,175.71454077020073,21.70200157165529,211.52000427246057,197.50548056307096,85.3865147724812,135.0532834120993,78.63069064226605,175.5773964246637,56.7959733479693,95.56707161445291,385.58942653334304,46.3720936465993,141.87309336178262,475.23476622332896,85.4447479248046,171.1100006103515,14.89999961853028,82.26999664306643,59.72260795811703,105.77761946608729,4881.174166243963,16.350000381469727,4.309000015258789
2024-04-05,143.81077578491647,87.94187317634331,180.66384081840434,21.81221008300783,215.13999938964807,200.09026098404073,84.82188812102686,134.95587569537332,78.58885195744286,177.19275019994313,56.99711457164299,95.14924025016599,392.6390337017996,47.50731571934711,142.46636300430598,480.1994876683044,84.25547027587882,164.89999389648435,14.869999885559091,82.40000152587895,60.073915899984236,107.2354647759304,4935.351266113836,16.030000686645508,4.377999782562256
2024-04-08,142.85247384685493,87.86000064258086,180.78097907902247,21.80302619934084,216.47999572753872,203.1736160927645,84.63062712058047,134.24740120294797,78.79806712723702,178.11708236892974,56.767247184528266,95.14036483178592,391.78091339150484,47.03498197753107,142.41157371345935,480.4681327145621,84.24623107910148,172.979995727539,15.409999847412118,82.19999694824223,60.00365821828794,106.51095332516208,4933.502330541962,15.1899995803833,4.423999786376953
2024-04-09,143.88708581129688,88.16018748284033,181.2495470170013,21.68363380432131,217.66999816894494,205.46975650967755,84.96759124368451,134.86731280001896,79.01563263745328,176.92352930761547,57.19824417939938,95.62931030124626,393.34030038125843,46.07465986759768,142.97744137990767,481.0238092701486,85.0298843383788,176.88000488281247,15.850000381469734,81.15000152587893,60.01369056518497,107.06759395121027,4940.633674579635,14.979999542236328,4.366000175476074
2024-04-10,142.28428798479288,87.10505520397687,181.52287955544782,21.79384231567385,215.6100006103512,204.86619429404752,83.83831555361226,133.01642283017756,78.27922974292053,175.41589231058063,56.43201955568364,94.26915612643862,390.5536466671158,46.984239395726874,143.506773078256,476.2072798220202,83.17680358886709,171.7599945068359,15.670000076293952,82.08999633789065,60.84679727876925,107.96879863500521,4893.910197524802,15.800000190734863,4.559999942779541
2024-04-11,148.44104724699952,87.12323748017923,184.54908038247038,21.757104873657248,219.80000305175744,209.15665364800407,83.71995462001568,131.76774047945915,78.20388096801804,175.3799677702901,56.55653444501332,94.0735498799275,394.8628041803853,48.91511949127999,142.22905514729666,479.80123977369055,82.7988052368163,174.6000061035156,14.850000381469732,81.55000305175786,60.31481333250422,107.60655372139593,4930.344368959146,14.90999984741211,4.576000213623047
2024-04-12,149.7216167160447,87.2869750775824,181.6986018418812,21.78465652465822,216.88999938964807,206.9523394691813,84.0660004691261,130.6430289799911,78.19553787615534,175.6662560807406,55.81904760065589,94.28692173094981,389.2987604371876,47.60339861523214,141.76358808660638,473.1784936856015,83.24132537841788,171.05000305175778,14.89000034332276,81.52999877929692,60.36500241372932,106.35192653229818,4858.604464855461,17.309999465942383,4.499000072479248
2024-04-15,146.44817251802084,86.75936785248136,179.24835065690615,21.812210083007834,220.94999694824182,203.18673701049553,83.52868615718144,130.70501440561625,77.72689676564354,175.7623585650424,55.68496506745739,93.24679948911131,381.6770349397071,46.423924099249376,141.87309336178265,467.2504373959405,81.9506301879882,161.47999572753903,14.14000034332276,81.65000152587895,60.154213741931855,105.742279377912,4800.197456032652,19.229999542236328,4.627999782562256
2024-04-16,143.64116748021848,86.5137950719242,178.95550500536075,21.775472640991232,221.22000122070273,202.58317479486547,83.20084853441084,127.92424270496353,77.46745632780713,173.7538242521989,55.60833873311339,92.93564297452224,382.5443903434688,47.187209722943614,142.3294410917513,466.3982320713601,81.40670013427726,157.11000061035156,14.479999542236335,81.33000183105473,60.06387573973294,104.86757075043614,4790.325816298922,18.399999618530273,4.658999919891357
2024-04-17,142.47085842574484,86.91402178190505,176.96406520181503,21.435661315917987,219.58999633789026,203.9870928060646,83.72903634602204,128.20767837458908,77.56787786965407,173.0618863652258,56.03933959995694,93.44236881624482,380.0160905134371,45.36265664040767,143.25121189850003,463.6380041160192,82.31017303466788,155.4499969482422,14.380000114440925,78.91000366210942,59.87316738843809,104.81456422209816,4762.634845833305,18.209999084472656,4.585000038146973
2024-04-18,141.65671505907954,86.66841912086113,174.9531122851704,21.426477432250994,220.33999633789028,204.69562236354332,83.43763756309458,129.0666725175844,77.66832840573859,174.1862778224926,56.42244803984237,93.25569705911794,373.03107181600836,45.70597878963598,144.47933064002018,462.683905935459,81.89528656005852,149.92999267578125,14.420000076293952,78.77999877929692,59.48170271224279,104.71735915802878,4752.1181855006225,18.0,4.646999835968018
2024-04-19,139.92673385527485,86.75936785248136,170.47239507045174,21.527503967285174,221.02999877929656,202.17642634520178,83.54692423307263,130.98845007524184,77.8273110589311,178.55893324916084,57.62924117427049,93.35346695493364,368.279001507391,41.13327851784824,145.2601183531694,458.64545685842745,82.19033813476554,147.0500030517578,14.520000457763679,78.84999847412114,59.75271671883954,105.91897981878854,4710.496529665651,18.709999084472656,4.614999771118164
2024-04-22,140.63906523089156,86.81395203169689,173.01048505538427,21.527503967285174,215.57000732421844,205.0498669562554,83.556005959079,132.05999230004667,78.22901172343768,182.02825575964988,57.993194966556146,93.58460441046714,369.97685771590835,42.92435072681272,147.464621256644,462.86921831916766,82.05205535888663,142.0500030517578,15.039999961853033,78.77999877929692,60.36500241372932,106.51979014916843,4751.625043405945,16.940000534057617,4.623000144958496
2024-04-23,141.53800622098504,86.99587937542412,175.26548594532085,21.61934471130373,215.0399932861325,207.64776829495622,83.66530009144488,132.44963750215533,78.53026910041912,184.65186119015397,58.07939281674141,93.74463514470274,376.07605082264143,44.49249182682752,148.34645467290136,468.3619063273531,82.07968902587882,144.67999267578122,15.439999580383306,79.98000335693364,59.311070774773405,106.93505600681554,4808.476223648364,15.6899995803833,4.5980000495910645
2024-04-24,143.33584902764716,86.76847393082592,172.38572283957714,21.59179115295412,214.6399993896481,208.78928813756085,83.4102953740335,131.53745974929203,78.39638820840864,185.55522454259108,58.950966066269764,93.3801448972025,377.4509360843994,43.0101853848427,149.3568530587692,468.1396183320826,81.49888610839837,162.13000488281247,14.359999656677251,79.63999938964848,60.093992313809714,106.95274407052801,4809.500477463787,15.970000267028809,4.6519999504089355
2024-04-25,144.07366931009045,86.52287873990369,169.53524429898795,21.711183547973654,215.91999816894497,204.6825014458122,83.09156186443278,130.0231173829201,78.1787864553954,185.83392935613082,59.13295264234366,93.1045491271379,368.20523512613755,44.60530897841392,149.31091919518272,466.36114063955836,80.92729187011712,170.17999267578122,14.369999885559087,80.44000244140629,60.43526009542563,107.20011747990523,4787.490133493474,15.369999885559082,4.705999851226807
2024-04-26,143.57331893520265,86.71390469185378,175.34358308423504,21.72955322265627,216.61999511718716,204.96329067078608,83.31921693039524,129.42092409900192,78.43823414179123,185.94926755542195,59.13295264234366,93.4601418046315,374.9226648459883,47.35994630623496,148.15355590392372,470.7794801031928,81.35135650634759,168.28999328613278,14.060000419616705,80.38999938964848,60.38507101420053,104.22258350787467,4836.366303128734,15.029999732971191,4.669000148773193
2024-04-29,147.13509333386062,86.97769709922177,176.65169154166455,21.711183547973654,216.1799926757809,198.04970883870203,83.65617359111144,130.0231173829201,78.68087966751133,185.74744472932366,59.420280100285304,93.8513026105251,371.16718406642946,47.37182635035884,148.49341957829256,472.44668350031196,82.03359222412104,194.05000305175776,14.909999847412115,79.50000000000004,60.46537276282527,105.70693928973671,4851.73844515605,14.670000076293945,4.613999843597412
2024-04-30,144.44678407631116,86.62294849011187,170.83358130436184,21.435661315917994,211.86999511718716,194.03274383330358,83.26459971376367,128.0482135562139,78.18715854149568,184.2674664710757,59.16167880578469,93.33570135042244,359.2455361491465,46.640385673244324,149.90798611528953,464.962582288697,81.3329238891601,183.27999877929685,14.439999580383304,78.379997253418,59.572044621118856,104.49648180497064,4775.418107624621,15.649999618530273,4.685999870300293
2024-05-01,143.57331893520265,86.92862586981616,174.738348877033,21.12340354919436,213.78999328613247,195.32004758425182,83.59433278304671,128.04033223595476,78.53140712424398,184.38280467036682,59.314927602500276,93.72393814160846,364.4220204745571,44.82608494928633,150.09170690833196,463.4527785974904,81.9324340820312,179.99000549316403,14.140000343322757,75.93000030517581,59.0701772489306,102.51734316510456,4759.012450897475,15.390000343322754,4.59499979019165
2024-05-02,146.73650271865495,87.32094919104516,180.32216769759324,21.19687652587893,213.13000488281216,198.60997462158454,83.98708571767386,126.9731999127225,78.98593528961531,184.19056926550527,59.37239541727207,94.304081857668,367.09793884195767,46.32459407371829,150.49586039815773,467.7876116682161,82.28400421142572,180.0099945068359,14.859999656677251,75.93000030517581,59.93338881656024,102.70289484568724,4802.454796606879,14.680000305175781,4.571000099182129
2024-05-03,155.5137226933952,87.76805838477539,181.7766989807955,21.22443008422854,212.96000671386687,199.34902444156307,84.45292527884693,126.42266826786535,79.34786310872603,183.08536786884096,59.54478724567015,94.96455475555511,375.2364292909014,47.92889863791318,151.06536406785196,473.58603615446094,83.11664581298821,181.1900024414062,15.670000076293952,75.12999725341801,60.04379932590748,102.49083990093557,4862.757971512038,13.489999771118164,4.5
2024-05-06,154.09749530784313,87.8319428654995,184.2074072616593,21.463214874267607,215.19999694824187,200.3741397241184,84.52599698061717,125.83830162289593,79.43206237464881,184.5173329302604,59.71718681801308,95.23230884981304,381.58474118827843,49.73779709414784,151.04699345467807,478.4766326459529,83.44047546386712,184.75999450683588,16.05999946594239,75.66000366210942,60.093992313809736,103.15349358365975,4912.971412855681,13.489999771118164,4.488999843597412
2024-05-07,154.68266942184238,88.01442299823206,184.2659763919684,21.44484710693362,214.21000671386687,204.12889792241876,84.7452195483157,125.95687492758427,79.46571018735659,184.2770691104414,59.9757881125137,95.27692960960567,377.70926137688974,48.88166334204594,152.2594832467622,479.004599209163,83.94929504394523,177.8099975585937,16.170000076293952,75.50000000000004,60.84679727876927,102.64105149334294,4919.571645172608,13.229999542236328,4.4629998207092285
2024-05-08,154.97097350679329,87.8319428654995,183.5240759155431,21.33463668823245,213.58000183105437,201.89988332021204,84.50775144233815,126.15165923941363,79.2973551468674,188.02505078008335,60.196068495897464,95.0359346802474,378.8165862526904,48.805013775362525,151.62568976161097,479.05095626015014,83.44047546386712,174.72000122070307,15.949999809265144,76.11000061035162,60.52559809762455,102.62337784533034,4919.542936430947,13.0,4.492000102996826
2024-05-09,156.522897982377,87.99618843117786,184.9883637552948,21.417293548584013,216.9499969482419,202.59125250664357,84.76350239853397,126.91390640563766,79.3226308734749,189.80298478498935,60.224810147228204,95.1876880900204,380.4590319004057,47.906234661957114,152.51668649250018,481.811184215491,83.8475265502929,171.97000122070307,16.920000076293952,76.51999664306646,60.87611298403222,104.64668618952811,4944.588072221461,12.6899995803833,4.448999881744385
2024-05-10,155.44442472796038,87.81367841795851,183.01645196035417,21.38055992126468,218.71000671386687,201.02973009668446,84.48946859211992,126.96474116269448,79.13743742951304,191.02347872655798,60.58876393951386,94.88421818985198,382.6920088808377,48.516752725538744,153.26070365669474,482.4318938357352,83.37569427490227,168.47000122070307,16.52000045776368,75.30000305175787,60.91640645206022,104.22258350787467,4952.743670074558,12.550000190734863,4.504000186920166
2024-05-13,158.1873027056063,87.85931339138504,182.1281286581562,21.518320083618192,216.25999450683562,201.61379951893002,84.58994218205399,128.07422207399267,79.14586750408847,190.98503773283727,60.895249917027726,94.91992661188694,381.75085850420186,48.79799618426194,152.36051428856692,482.49660839473347,83.58847045898432,171.8899993896484,17.30999946594239,76.12999725341803,60.84589092967264,104.17841380354298,4951.548552941824,13.600000381469727,4.480999946594238
2024-05-14,159.163872564083,88.0965345758887,182.61622460474007,21.42647743225101,218.0899963378903,203.04418184792968,84.83655917552854,128.20972658821853,79.26369283704082,193.65670201455674,60.435519014770705,95.19661519552913,384.37139490242106,49.31458649003583,152.2594832467622,484.7103385484935,84.06031799316399,177.5500030517578,17.170000076293952,75.20999908447271,60.29192411113753,104.8108161401379,4975.5032195934045,13.420000076293945,4.445000171661377
2024-05-15,161.10852468398863,88.68050386916835,181.56193557265814,21.49995040893558,220.88999938964812,205.6308195404441,85.47595149079373,129.3022762899792,79.70140434461767,194.23331692036763,60.464249050184165,96.04451300584658,391.09171237595655,51.08191509364415,152.94838857143506,490.71257770175794,85.20751190185541,173.99000549316406,17.600000381469734,75.87999725341803,60.26171768348652,105.6213749032939,5033.795856493786,12.449999809265137,4.355999946594238
2024-05-16,161.21044113777012,88.58014278421413,179.2581221089619,21.555053710937536,220.0299987792966,207.62143097491577,85.31153269942287,130.6658624391544,79.54146488158513,194.57928586385415,60.646231754285644,95.89277436382461,389.1597479776317,50.935625309932085,154.18844161393173,489.7029147611451,85.1242599487304,174.83999633789065,18.170000076293952,76.25000000000007,60.34555159222913,104.98895815099912,5023.317165787172,12.420000076293945,4.376999855041504
2024-05-17,161.23590392891347,88.29726421591887,180.30263968898822,21.775472640991246,223.6600036621091,209.86240241291964,85.04664778050578,130.97074759616262,79.5330493041285,196.8088634996563,60.368475812185245,95.66964841323484,388.4387530799306,49.92078603601711,153.98636486901884,490.4068701787585,84.5506515502929,177.46000671386722,19.10000038146973,76.9700012207032,60.94891953156542,106.56553837263336,5029.168192555566,11.989999771118164,4.420000076293945
2024-05-20,162.22944898148577,88.21514516814055,179.17025351799214,21.96833992004398,224.5599975585935,210.88749935676975,84.91875737763219,129.15219859701776,79.58356451454652,187.95781708639444,59.927899557528015,95.62501288569115,393.1808163213237,51.162891419373736,153.6832424209978,490.97178339847034,84.30085754394524,174.9499969482422,19.819999694824222,76.73000335693366,60.50581491626116,105.70152619444409,5033.776871680751,12.149999618530273,4.436999797821045
2024-05-21,163.34191179761834,88.37939073381892,178.78953927547695,21.876497268676797,224.22999572753884,211.9960374093271,85.13800233249427,129.12660299523108,79.54146488158514,191.744270186015,60.25354018264167,95.78568601709738,396.6011461237302,51.49001088615491,154.63854362864734,492.1759664318574,84.73567962646477,186.60000610351565,19.489999771118168,76.16000366210943,61.420293649427215,104.97116196953782,5046.3707483859425,11.859999656677246,4.414000034332275
2024-05-22,162.1105703914503,88.26990863027675,178.77002616237803,21.56423759460453,220.11000061035134,210.24382914259039,85.02837985506324,131.056102827402,79.37310984109595,190.5814072987696,60.33974190479937,95.6428597128331,397.9691979881549,51.25465579765841,154.14250775034526,490.75884788756514,84.83743286132804,180.1100006103516,20.549999237060547,74.8700027465821,61.514561891043215,102.86015571531986,5032.714648239259,12.289999961853027,4.434000015258789
2024-05-23,158.6968196853057,88.02355895706344,176.7395452371283,21.454030990600625,215.72000122070287,206.8704793352556,84.72695908526103,127.811740342976,79.07852113875715,189.2455599397809,59.46816865527101,95.2233891281798,394.71535719274027,56.031401905340076,152.01148729956626,487.1742114652002,84.29160308837882,173.74000549316412,20.1200008392334,74.44999694824224,61.12803650392066,101.10542627497446,4995.569240882452,12.770000457763672,4.474999904632568
2024-05-24,161.32930666996396,88.12392751213937,176.44668469007675,21.600976943969766,215.91999816894509,208.58696380424246,84.83655917552854,125.48089544261785,79.35630043186086,192.88788214014215,59.381963061140894,95.48223088468004,397.63642011551576,57.47268655084442,151.86450773287166,490.3976045595729,84.54139709472648,179.24000549316412,19.020000457763672,75.34999847412116,61.6371252317137,101.02526056812442,5030.543433890019,11.930000305175781,4.4670000076293945
2024-05-28,161.33780732485337,87.71331733300433,177.8133473823092,21.986709594726605,218.19000244140602,210.26765112065866,84.36158565163419,123.26959722012793,79.06168998384388,191.72501925289674,59.20956348879796,94.91099212250268,397.78432456909104,61.48453171145463,149.82532568665874,490.74025873907425,83.32942199707023,176.75000000000006,19.360000610351566,77.66000366210945,61.31658761372235,102.30790466987513,5031.795042417636,12.920000076293945,4.541999816894531
2024-05-29,161.5925527568615,87.37572759342474,177.68645256514156,21.757104873657266,216.16000366210915,209.67167987873154,83.95058717872801,123.32082955214557,78.80077808845043,190.38920233016597,59.094635603199244,94.40225048276199,396.7212595220425,61.983312252849956,148.48421227975052,487.3038722236763,82.32099914550774,176.1900024414063,18.219999313354496,76.56999969482429,61.20345475385589,101.21231148149121,4994.725574312966,14.279999732971191,4.624000072479248
2024-05-30,162.44174337041335,87.7863228323164,175.05073743268977,21.47239875793461,216.5700073242185,205.15401320497395,84.37074946390685,124.03801365298511,79.07852113875717,191.56166785677706,59.35323689769986,94.98239419882151,383.3175935404602,59.64864252021774,149.33849710689873,484.07132933035786,83.1166458129882,178.78999328613287,17.559999465942383,75.52999877929696,61.175170624728665,101.53298151674127,4964.8819112669225,14.470000267028809,4.553999900817871
2024-05-31,163.25698359577405,88.0691715201249,172.23930001380458,21.371374130249063,215.30000305175756,205.618881043352,84.763502398534,125.22477491097405,79.41522397117616,194.73304983873706,60.27269483024146,95.40189431897693,383.74280812263135,59.180635537447856,151.1388465205476,488.4802004893871,83.68098449707023,178.08000183105474,17.590000152587894,74.8199996948243,61.99535917642419,104.44563763160969,5004.739368622345,12.920000076293945,4.513999938964844
2024-06-03,164.76853322509353,88.60190324870779,174.0940586526209,21.068298339843786,217.2200012207029,206.41751331655902,85.31865927981409,126.13830620452332,79.63615281295132,193.95461210682785,60.27269483024146,96.0603735704725,382.254585676653,62.077775704634846,151.23987756235232,488.878506294121,85.0344924926757,176.28999328613284,18.92000007629395,71.83000183105476,62.05192012139378,101.94270453779717,5010.325071052477,13.109999656677246,4.4019999504089355
2024-06-04,165.04027996688043,88.92225194741842,175.0702505457887,20.857065200805703,215.27000427246068,207.15654479783237,85.78587938273833,126.18953853654092,79.60228029490233,191.39831646065738,61.24005293368604,96.43667801881145,384.611764657149,62.8534770664301,153.40766856208595,489.42511991594176,86.02780914306632,174.77000427246097,18.020000457763675,71.0899963378907,62.78728553884702,100.35722982935724,5017.854633119656,13.15999984741211,4.335999965667725
2024-06-05,166.33106066806621,89.19681627026864,176.9640652018152,20.930538177490273,217.8200073242185,209.08759211778073,86.09736691374233,124.62713748800275,79.86468539353096,189.57233882266496,61.22089441411382,96.75921308558328,391.9514338170073,66.09394350356831,152.52587912973883,495.24184400007783,86.65906524658196,175.0,18.94000053405762,71.88999938964852,63.249221862619954,100.75805836360743,5077.304417526702,12.630000114440918,4.289000034332275
2024-06-06,165.1506579020265,89.22430631810128,180.59550023603987,21.206060409545938,219.42999267578097,210.6610163474214,86.06073405181523,125.0113045759871,79.74618594455494,189.23597251854412,61.44118254144244,96.69648706300535,392.42279527489274,65.31554306827283,154.74876730769077,495.23263629101234,86.52909851074212,177.94000244140625,19.29999923706055,73.26000213623055,63.305790120874384,101.51515650388025,5076.289887639906,12.579999923706055,4.281000137329102
2024-06-07,167.19722647571362,88.43711983426749,179.91216888992366,20.902986526489297,211.60000610351534,207.95517707103943,85.15374797084549,125.57484651869943,79.50917254948409,192.15750325944833,61.211319026300146,95.82745660093768,391.8035007718113,65.25616345126794,153.4536170869758,494.6305447743189,84.94167327880854,177.47999572753906,20.180000305175785,73.01999664306649,62.108488379648215,100.42848663370174,5070.628709001856,12.220000267028809,4.429999828338623
2024-06-10,163.99575710065497,88.36388276118292,182.6064531526845,21.206060409545938,213.53999328613256,208.85021591753753,84.97054634927082,125.61752413431914,79.58534766015751,191.83075481282214,60.90483304878628,95.63035142769513,395.51955370650643,65.74306394853939,153.71999830864902,496.15879283871647,84.37536621093744,173.7899932861328,20.19000053405762,75.45999908447276,63.126658521949466,100.72241554573534,5083.715264757505,12.739999771118164,4.468999862670898
2024-06-11,164.18480015044955,88.66595207210916,182.77240398706226,21.178508758544965,214.14999389648406,210.77150704631396,85.41942390287406,125.30161655425977,79.72079424099712,186.7853515597833,60.86651600964185,96.04248244007742,399.9658366323696,65.27339219371746,153.83937064102082,497.353768163038,85.24800872802729,170.66000366210938,21.53000068664551,75.51000213623057,62.90984156623266,99.91186399042924,5097.494071622584,12.850000381469727,4.4039998054504395
2024-06-12,168.87695677813858,89.08699054112854,182.4405023183067,21.251979827880902,214.7200012207028,212.16774270621187,85.89580781807096,124.14900561445545,80.00012472581118,184.0656436449774,60.22481014722821,96.63377580817848,407.7123359623269,67.58935796510156,151.7267061421123,501.4385163809368,85.88854980468743,177.2899932861328,20.829999923706055,75.9800033569337,62.513878385021236,98.8073691073897,5140.841493266816,12.039999961853027,4.295000076293945
2024-06-13,169.80427799406075,89.53549664761549,179.45335750849426,21.27034759521489,212.9700012207028,209.02923835780132,86.46381493121874,124.18314222315865,80.01704286343718,186.11263416967057,60.33016264501326,97.0906826417394,408.1929896969207,69.9700891383223,152.856550166869,502.4480635013098,87.15108489990227,182.47000122070312,20.110000610351562,75.73999786376963,62.881553780463015,98.0146353570947,5152.894997366852,11.9399995803833,4.23799991607666
2024-06-14,168.41724491470958,89.62702057860612,179.28740667411648,21.18769264221196,215.72999572753875,210.97438814205648,86.66538148927793,124.25999757592578,79.6954025374393,186.2279419327038,60.373594559734656,97.171321946339,409.108150290394,71.19556740477297,153.20559181717306,502.753886844549,87.88446044921868,178.00999450683594,19.860000610351562,76.08000183105477,63.18321946691906,97.18626599677754,5150.865474549041,12.65999984741211,4.2129998207092285
2024-06-17,171.7302659521117,89.3066718798955,179.67787747318113,21.261163711547898,214.61000061035125,211.51140044673224,86.26228568509875,124.61002805520694,79.78004396548513,187.38115652619666,60.44116047859786,96.71440772890257,414.4695938097304,70.70970120894971,153.85777057680153,506.7552444897788,87.01181793212884,187.44000244140625,19.15999984741211,77.79000091552743,63.56032899980728,96.51823525801036,5190.343698687993,12.75,4.2789998054504395
2024-06-18,169.8438751267299,89.62702057860612,178.45763760672142,21.435661315918015,215.47000122070284,208.94568721686284,86.63789005245998,124.3539075235631,80.05090813292678,189.32247236348024,60.450813305860095,97.16237268920369,412.5930685638282,73.1930136580705,154.8314277363216,508.0427022755949,87.81018066406241,184.86000061035156,19.940000534057617,78.6699981689454,63.73003377457062,97.42676311732765,5203.430254443641,12.300000190734863,4.2170000076293945
2024-06-20,166.1900433112544,89.47141794372733,181.66931727672687,21.48158264160161,218.1600036621091,210.38967686512862,86.41801079463114,126.17247023218934,79.96626670488097,190.92739146038508,60.01646705483902,96.83985239018291,412.00150793276845,70.601730027495,154.01391345812797,506.66258829792446,87.22532653808585,181.57000732421875,19.030000686645508,79.41000366210946,64.1165628183356,99.52886046904007,5190.28674424889,13.279999732971191,4.254000186920166
2024-06-21,164.45430196476568,89.48057631292374,184.57836494762515,21.30708503723149,214.7799987792966,214.3635642519879,86.43633095678862,127.0006462944992,80.05090813292679,188.64975497336752,60.58593739964166,96.86670754546437,415.7730000198862,68.32895355283735,154.55585387740967,505.983476321752,87.22532653808585,183.0099945068359,18.959999084472656,78.65000152587898,64.02228726343475,98.65596101189502,5182.1788399504885,13.199999809265137,4.256999969482422
2024-06-24,164.969479063891,89.55378350552154,181.15193676498845,21.48158264160161,215.63000488281224,213.87426925826955,86.5096265301942,127.31655387455856,80.02552367792838,191.1292295046123,61.74419148771624,96.96525274821012,413.82256543462734,63.76181625696609,154.73039669451683,504.33865518597764,87.57810211181632,182.58000183105466,19.700000762939453,79.69999694824226,64.95560867499675,101.58642772392461,5166.29457101546,13.329999923706055,4.248000144958496
2024-06-25,165.70660241818345,89.54463260644681,181.9035937979632,21.279533386230515,214.5599975585935,219.61433900523585,86.58289225404837,125.66875646633675,80.10171328572058,190.35077655457417,61.618708605279636,96.92941880029126,416.8545352538688,68.06982601392437,153.26070365669474,506.2807289672447,87.72661590576163,187.3500061035156,18.98999977111816,78.90000152587898,63.5603289998073,101.87144773345265,5186.616655758362,12.84000015258789,4.23799991607666
2024-06-26,169.0195990806193,89.14192581606366,189.00051303203472,21.316268920898484,212.58000183105443,219.43533490367727,86.06073405181526,125.35283517679598,79.89008434564815,189.73570543691358,61.821402489896826,96.40082191926605,417.97303945334,68.23718505382978,153.81183671321511,506.9125862855714,86.4733886718749,196.36999511718747,18.309999465942383,78.75000000000009,64.3805285214301,101.9070761356249,5194.772253611459,12.550000190734863,4.315999984741211
2024-06-27,169.69331096021875,89.28836261162435,193.13957202144834,21.426477432251023,214.9900054931638,221.26117307183364,86.25310694805043,124.48199520834781,80.00012472581116,191.40790388189416,61.68627839611527,96.5889778353733,418.6108613265967,66.93614509154156,153.04943427454322,507.711803850435,86.81684875488271,197.4199981689453,17.979999542236325,79.9199981689454,63.99399216438027,102.34353307204734,5199.485580730443,12.239999771118164,4.288000106811523
2024-06-28,166.93510071706046,88.84900740421213,188.64908335467405,21.334636688232468,215.00999450683568,217.37081848720769,85.79503573262316,124.78934807200926,79.79696935167053,194.37746303775586,61.43532424715934,95.97081454423974,413.1569525061077,66.69320787290702,151.48787350954822,505.7138468034558,85.20159149169912,197.8800048828125,17.430000305175778,79.58999633789071,63.83372152706339,102.53949288791966,5178.252688006104,12.4399995803833,4.3429999351501465
2024-07-01,171.79367742680472,88.372488341374,192.50503835358555,21.610160827636765,215.57000732421847,218.373267130123,85.15638219375452,125.0284140087829,79.72377339890812,197.4431398960483,61.078192870291275,95.40079412152386,422.1975371778918,67.10348764855536,149.46706207650917,506.75466538857955,83.73109436035146,209.86000061035153,16.56999969482422,81.54000091552741,63.61690457134658,102.39697207138074,5192.10743412332,12.220000267028809,4.479000091552734
2024-07-02,174.5835751260848,88.66629569770707,195.23837863355658,21.63771247863774,215.55999755859347,221.0583103147964,85.47801110983877,124.67832869157613,80.00469131822949,200.69143430170763,60.95271773179952,96.01214947942412,424.5547447500085,66.22353199736219,150.5509722376794,510.16493443989856,84.3830108642577,231.25999450683597,16.40999984741211,81.11000061035163,64.17312376330521,101.70221462509694,5224.274190022881,12.029999732971191,4.435999870300293
2024-07-03,175.5980855962745,89.14373358551353,192.88575259610076,21.757104873657276,217.99000549316378,221.75048640425717,86.04774203457855,124.38807155122909,80.19195785017807,200.55687560555612,61.12646087857486,96.72240446609528,425.93200311627965,69.25209438003405,150.48666776091906,512.4416708041194,85.49122619628896,246.38999938964847,16.350000381469727,81.26999664306648,64.33338708733726,102.21882285266959,5250.836721723495,12.09000015258789,4.355000019073486
2024-07-05,179.39458408919697,89.59365154500058,195.23837863355658,21.83976364135747,220.92999267578097,227.45474065994756,86.5256035025686,125.0625506174861,80.5239781132284,197.89940983814444,61.54148985915419,97.22589617033826,432.2086644123307,67.92946595046698,151.75426939252483,515.3966504927142,86.19898223876942,251.520004272461,15.600000381469727,81.30999755859382,66.03035438883728,100.98073767914644,5279.447298010737,12.479999542236328,4.271999835968018
2024-07-08,180.56764152734394,89.6211864135634,194.54527583538476,21.545871734619187,218.19000244140597,225.5811485034233,86.55316210087716,124.20876524390813,80.43883653458438,198.26660807151237,60.76932950170679,97.21690999382534,430.98845981823985,69.20890096258469,152.95756654737028,515.9913295140594,86.38524627685536,252.94000244140634,15.859999656677246,80.41999816894538,65.69094483931063,99.92078730863463,5284.814906613082,12.369999885559082,4.269000053405762
2024-07-09,181.24922652104132,89.5385519273882,194.59408840914435,21.398923873901413,218.5599975585935,225.52145601796352,86.43368180910394,125.54920978846849,80.38776318509301,200.64386243061855,60.508718653516205,97.0370904731849,424.7950859131157,70.92564357185906,152.16763018089264,516.4931786131905,86.00340270996081,262.3299865722657,15.729999542236326,79.76999664306648,65.8983642240052,98.81628521774516,5288.731334628837,12.510000228881836,4.300000190734863
2024-07-10,184.65739523919078,89.63035225288151,195.0333717819686,21.398923873901413,219.3600006103513,228.14684339458753,86.51640237835672,127.58121541311887,80.54100497924532,200.808142132604,60.64385436321504,97.27084920452951,430.9977806865687,72.83132132614902,153.21478445441164,521.6039783356363,86.27348327636707,263.26000976562506,15.510000228881832,80.48000335693368,66.37916882267103,99.68917746704028,5342.719049412586,12.850000381469727,4.28000020980835
2024-07-11,180.36948523923436,90.08944352180835,190.40623174147728,21.47239875793462,223.24999999999972,221.45211567048423,87.06775344183627,127.81174034297602,80.83044720441426,200.46990399862267,60.90445746746078,97.79231326179836,420.32098334036897,68.77703684038036,152.05739184054585,517.1064467830264,87.1116485595702,241.02999877929696,15.220000267028805,80.94000244140634,65.80408866910436,100.87384526477977,5295.90064829258,12.920000076293945,4.192999839782715
2024-07-12,182.72344885465995,90.33732456996884,189.85956666458432,21.389741897583054,223.11000061035128,220.85542921905392,87.25152220488711,127.96542362954747,81.07731139170177,198.04436251636687,61.48358063952564,98.15193753532817,419.2579468849411,69.77036594075159,153.04025629860791,520.3680605565393,87.48415374755848,248.22999572753918,15.499999999999998,80.25000000000009,65.2761426363457,100.89166306979087,5325.118275552705,12.460000038146973,4.189000129699707
2024-07-15,185.78286055573932,90.02516312463446,188.13170284293562,21.23361206054692,223.8300018310544,222.5977162462718,86.97586906031087,127.41899111963096,81.07731139170177,202.98241708781188,61.20367188075544,97.61251589278451,419.6369288165359,69.33848121493277,151.17560240819873,521.7991354397295,86.47835540771472,252.63999938964855,14.479999542236325,80.12000274658213,65.62495707017943,102.61965138691978,5340.1681388026545,13.119999885559082,4.229000091552734
2024-07-16,186.11577384474847,90.39243912782463,188.42456338998718,21.17850875854497,228.28999328613253,219.48305221463474,87.36180137244845,128.93018725511433,81.40082184602333,206.43229082950637,62.033749201776224,98.17892560036906,415.53265885677894,68.21558010365926,153.35255672256417,524.8936206071851,87.69833374023426,256.55999755859386,14.609999656677244,79.05999755859384,65.98321295474445,103.35895334573131,5374.288478267889,13.1899995803833,4.166999816894531
2024-07-17,181.40777348899852,90.45671952499852,183.45573533317847,21.17850875854497,227.22999572753878,216.02231847697246,87.43532081748933,133.68580071294937,81.30717045865056,209.5729474091219,62.941037524977595,98.2238564829337,409.98625614351664,63.697026130792004,155.63976403857987,517.5338813780746,87.71697998046864,248.5000000000001,13.739999771118162,80.62000274658212,66.96368311368411,104.78410384832107,5299.437843091865,14.479999542236328,4.145999908447266
2024-07-18,177.68259614731645,90.20880859635125,179.3752603695801,21.02237892150884,225.7799987792966,212.04843109011324,87.18720388405812,132.69540035715158,81.1198821810238,202.9147725046414,62.92174735834284,97.80130682218682,407.0744569058288,65.37056708117123,154.72118939597473,513.5566722528469,87.0464630126952,249.22999572753915,14.109999656677244,79.90000152587899,66.76569055315115,105.81732751131626,5258.015296271646,15.930000305175781,4.189000129699707
2024-07-19,177.785641317128,90.02516312463447,178.77002616237803,20.73767280578618,221.72999572753878,212.01263393754257,86.91154327709403,132.07215362291217,81.05177471695609,202.72151748514042,63.01826014307547,97.44166039703043,404.0609572735214,63.66464136951225,155.20817925007225,510.14634529140784,86.53424835205067,239.19999694824227,14.300000190734862,78.00000000000009,66.69970278401995,103.38566563754809,5220.471670885333,16.520000457763672,4.238999843597412
2024-07-22,177.50825420123078,89.98845494663186,178.20383307688,20.792776107788132,221.80000305175753,216.79800902996138,86.82884509500481,131.6879316970022,81.33272163051504,203.2046778610863,62.516344101218756,97.38774333795284,409.45013466487944,66.69320787290701,155.4761732151207,515.4059161118997,86.28280639648426,251.50999450683605,15.010000228881836,77.62000274658212,66.35087372361653,102.67309038625321,5276.81118726426,14.90999984741211,4.260000228881836
2024-07-23,178.34046429885498,89.97926669694867,181.97193438032787,20.599910736084034,222.58000183105443,216.94119764024407,86.89313356628244,130.074284606965,81.36676811398951,203.2529954204938,62.69974007525633,97.31581700647178,411.215724422695,66.18034682135863,153.96994420919856,514.5974329278506,86.16172790527332,246.38000488281264,14.859999656677246,76.6200027465821,66.60541991583428,101.01635166561887,5268.589374087653,14.720000267028809,4.238999843597412
2024-07-24,173.21238577479457,89.70379848937351,176.52478182899088,20.590724945068406,221.80000305175753,206.01002728678444,86.70017860379544,133.42966647182413,81.07731139170177,201.5715443531133,63.52016456901488,96.72240446609528,396.47168326546824,61.677987289492705,155.24515505727464,502.9353771603434,85.23046112060536,215.99000549316418,14.3100004196167,76.80999755859382,66.55828579502628,102.44150937605855,5146.626304711697,18.040000915527344,4.285999774932861
2024-07-25,172.38018786465352,89.95170941802078,175.5681179444282,20.636646270752,218.3300018310544,199.62551710002003,86.89313356628247,136.29837545621947,81.11136512373562,201.6488524481653,63.771130333888095,97.10903895629255,386.7655714400264,60.614478157392796,154.22867223049127,500.3149442344628,85.9289093017577,220.25000000000009,13.75,77.45999908447273,66.01147880065957,104.59705293495429,5120.1591601204755,18.459999084472656,4.25600004196167
2024-07-26,172.75271047381497,90.27306658316006,178.15502050312034,20.425413131713913,220.63000488281222,199.2913858910868,87.30666178866782,137.15216082979745,81.33272163051504,205.09874140798868,64.71702222219355,97.64846059883622,393.116142075434,61.03555834776492,156.2709038278137,505.9182695267343,86.59943389892567,219.8000030517579,13.510000228881836,76.11000061035163,65.78522039421148,104.50798553344863,5176.944125039383,16.389999389648438,4.199999809265137
2024-07-29,172.97463235401585,90.41996652626572,178.83835184923655,20.333570480346726,220.32000732421844,202.3105786233986,87.45368575397391,135.37627573679092,81.25608261204039,203.7555284745895,64.50466002242442,97.85524603289097,394.46578093616614,60.241981290024675,157.0286293106975,506.2156379924669,87.06508636474598,232.1000061035157,13.590000152587889,75.19000244140632,65.63438389434104,103.41239234506472,5181.154586135063,16.600000381469727,4.177999973297119
2024-07-30,173.41848830190082,90.5118042023675,177.38383546154049,20.269281387329148,222.52000427246065,203.2175376282834,87.63747690418826,137.74128466481508,81.27310222949791,207.9494774130303,65.32510774801754,97.9361659247605,390.943836514002,55.99874929707173,157.12486972337473,503.65097251205856,87.40034484863268,222.61999511718756,14.010000228881834,74.45999908447273,65.2290085155377,105.25617477121591,5155.455168861189,17.690000534057617,4.14300012588501
2024-07-31,176.01816376458495,90.99842286973545,182.52835601377024,20.73767280578618,226.5500030517575,204.70922624880137,88.28074219874463,134.7701110163845,81.58808837797193,205.63989807335253,64.41780393692646,98.50257563234504,386.71933878945015,63.17336878524272,156.21146113691844,511.8376103433492,88.29438018798817,232.07000732421884,13.539999961853026,77.7399978637696,64.7104819936558,105.63028380579942,5236.877327612478,16.360000610351562,4.109000205993652
2024-08-01,173.0697312848307,91.37970535110121,179.6876489252367,20.48970031738286,225.77000427246065,203.77842692714307,88.65769725830563,137.2546254938327,81.39549415486862,200.96277354083685,65.5953636795255,98.82921613390835,385.5731007179573,58.957135768737814,161.00198831092135,504.58952182542316,89.05587768554675,216.86000061035165,13.090000152587889,76.29000091552741,65.7946691582276,104.16949769318748,5165.166132250454,18.59000015258789,3.9760000705718994
2024-08-02,174.25862026355543,92.40198403475598,179.93366736434334,20.11315155029301,225.33999633789034,198.88566037701227,90.03102288043402,140.14040278257963,81.13870668977046,192.43949518884062,66.91768872725108,99.79468739419737,377.6048447783093,57.90982107763924,165.26778385887357,495.1948788928316,91.83100128173814,207.6699981689454,13.050000190734862,73.3899993896485,64.54080647203183,104.10714979134852,5070.220767043722,23.389999389648438,3.7920000553131104
2024-08-05,165.86511282369128,92.32831369461317,172.56057737339077,20.076417922973675,222.47999572753878,190.0428284180905,90.1231908326975,137.67295660948307,80.62512451101475,188.34216615108588,65.73047228541735,99.54204809313745,365.2734503456219,54.228045821407406,163.30492743727513,480.77291367564294,92.31687164306625,198.88000488281259,12.939999580383299,73.22000122070318,63.72059232383937,102.22773896302508,4918.272343090294,38.56999969482422,3.7850000858306885
2024-08-06,164.24821162514252,91.77571144232517,173.5357861680343,19.91110420227055,220.69999694824187,188.8971911648925,89.32132740928876,135.7263336350349,80.94181407094639,193.5991166146203,65.68223525291317,98.89237780514222,369.3962476755541,56.279481786155195,163.33406549031415,485.2054411186551,90.25189971923814,200.63999938964855,13.319999694824219,72.44999694824224,63.86202393940275,101.68439682008588,4969.196557312181,27.709999084472656,3.888000011444092
2024-08-07,166.3010225325795,91.49942152136371,174.4360028012305,20.094785690307663,220.5500030517575,189.67288171788135,88.9987358451726,135.66656029610078,81.06167624908852,193.65711290403823,66.07795857896804,98.44121562673911,368.30547734810455,53.396677613941144,165.2094615019177,481.9623875385731,89.61649322509751,191.75999450683605,13.859999656677246,74.69000244140632,63.07953902771119,103.03828331048125,4930.761571801686,27.850000381469727,3.9679999351501465
2024-08-08,169.06716682725136,91.36127656088297,177.68316666238286,20.278467178344773,224.00999450683562,193.36039188417521,88.73142565020615,136.79356192463698,81.37838755469835,197.19397347079513,66.33856555518621,98.48635325781844,372.2434012589729,56.668168973801755,166.03539426141984,493.10409192363835,89.06523132324205,198.83999633789074,14.180000305175783,75.36000061035163,63.786602032825094,105.00676874816028,5044.3791951941985,23.790000915527344,3.996999979019165
2024-08-09,171.3894429865551,91.6836272522075,178.90487171556487,20.3978595733643,224.55999755859344,195.31749850422753,89.09090379743608,137.13509252544586,81.3612737059687,198.87543975630456,66.2903130347923,98.99163185993828,375.32157513717,56.54940561906907,165.71475234231644,495.27844319586023,89.94351959228503,200.0000000000001,14.279999732971193,76.2200012207032,64.05998724679634,105.861872023844,5067.944904700681,20.3700008392334,3.941999912261963
2024-08-12,172.61144535692716,91.84018606266308,178.75483833543416,20.682567596435593,228.41000366210903,193.67066443762974,89.3397296577125,136.50327736532714,81.38695535190226,199.252301501554,65.79803820428056,99.19917783317203,376.05189090319993,58.854566855006475,162.09028688344884,495.53863336461126,90.27058410644517,197.49000549316418,14.399999618530277,78.62999725341804,64.76705756519509,105.99547673002746,5068.162998528467,20.709999084472656,3.9089999198913574
2024-08-13,175.57917062246634,92.20859752435065,182.43066432484227,20.48970031738286,228.0599975585934,195.90224645856588,89.73608692566839,135.231133457136,81.78926489539795,200.94343129894492,66.07795857896804,99.89394144899344,382.7074483559839,62.69830300414328,162.55669615254368,503.68809289892033,90.89660644531234,207.8300018310548,14.329999923706058,77.63999938964851,64.22969202155967,104.98006366419344,5153.549278850209,18.1200008392334,3.8519999980926514
2024-08-14,175.93625169050998,92.37435952473282,182.29135812698578,20.36112403869633,226.19999694824187,191.37942660864417,89.85589556250672,135.30797510042171,81.9775679713399,203.1660542498182,66.19378476216998,100.33606576375496,385.3419946483171,63.74561769524185,164.02398983504898,505.27720449934225,91.46657562255847,201.38000488281264,14.73999977111817,76.58999633789068,64.72935026854869,105.95093942534967,5173.255051735819,16.190000534057617,3.819999933242798
2024-08-15,178.31674745669605,91.98753421307038,190.31816849259613,20.526437759399457,226.91000366210906,192.48923003186107,89.29366433755034,135.8287982990701,82.05461290914062,204.43197430629428,66.26135842497804,100.02928788735173,389.89824094716505,66.32610915253936,163.16887277163,513.9377787519678,90.72843170166003,214.1399993896486,14.569999694824224,77.41000366210945,64.81939938516834,106.6063996738501,5256.716457233549,15.229999542236328,3.9260001182556152
2024-08-16,179.3721225577998,92.20859752435065,189.7501838140719,20.3978595733643,231.99000549316378,194.4702136460973,89.46879911786546,136.08490512123254,82.32854321720603,206.77054418161657,66.77291567817971,100.32705743561544,387.5275095384853,67.25464400601363,163.13975013555026,515.0899584976765,91.04611206054676,216.11999511718764,14.069999694824224,76.31999969482428,65.24397968869918,106.10357285533138,5267.176163127128,14.800000190734863,3.8919999599456787
2024-08-19,179.24515335861625,92.30990731475998,190.99332687939022,20.287651062011758,231.61000061035125,198.8975988741042,89.5885928299281,136.289834449303,82.4569441983145,208.20071350382028,66.57986687687989,100.5616283932677,390.36125365182346,70.18064159567705,163.65475366029537,520.0149825554544,91.46657562255848,222.72000122070327,14.689999580383306,74.37999725341803,65.48382303533059,106.42681609300415,5318.3851495445315,14.649999618530273,3.867000102996826
2024-08-20,179.73712548987388,92.58619723572144,191.70063410818298,20.2049942016602,232.46000671386687,199.50618714521607,89.94805605238236,136.74232959261937,82.40557365788796,207.30202211697,66.96594899158981,100.82331294184473,393.3894493771403,68.6960563939279,165.58844119493622,519.1693789845438,92.19540405273428,221.10000610351577,14.649999618530279,73.83000183105473,66.21220995008322,102.88015749885778,5307.830519585779,15.880000114440918,3.818000078201294
2024-08-21,179.64985092322448,92.76116989615188,193.01878568736066,20.103969573974652,232.14999389648406,197.91902722537282,90.1323994192972,137.82665360553585,82.54252069052215,207.37933021202193,67.14934109365497,101.04889033910851,392.7782463027002,69.37086185548965,165.34550075060355,520.953531868819,92.25147247314442,223.2700042724611,14.560000419616705,72.59999847412114,66.8339914238519,102.2246900425074,5330.3340056507695,16.270000457763672,3.7780001163482666
2024-08-22,178.16601266542116,92.38357765490278,188.75353700729198,20.0856037139893,229.36999511718716,195.4726439503074,89.71763244052971,138.6121246332632,82.47405079848475,209.34102312396584,66.91768872725109,100.63382054426762,384.82339983313284,66.80117493363882,165.3357880662572,516.8648457627664,91.33577728271473,210.66000366210952,13.810000419616705,73.58000183105473,67.1360184147569,103.01484338252975,5282.7191684717545,17.549999237060547,3.861999988555908
2024-08-23,179.99898575227138,92.80723066651495,189.7287458019355,20.443780899047894,232.0200042724606,197.64455182448896,90.1323994192972,140.13186177566308,82.91059528799914,210.96449312005734,67.36168006158954,101.21130606513844,385.97172509293245,69.84053361031158,164.38352874241556,522.3566361640933,91.93377685546864,220.32000732421892,13.720000267028814,75.55000305175784,67.24260324237814,104.4424878011931,5343.382591780349,15.859999656677246,3.806999921798706
2024-08-26,180.26879225366562,92.72433472608047,188.07837862049783,20.65501403808598,232.75999450683562,198.28895558687668,90.02180683144641,140.54169301284117,82.76507320960162,211.79555514186612,68.37514561270305,101.0849753387952,382.9157383123527,68.26956569438663,165.53014967189895,521.1115106759306,91.7001724243163,213.21000671386736,13.329999923706058,77.83000183105473,67.53574587394107,106.67822589833855,5326.531023469001,16.149999618530273,3.818000078201294
2024-08-27,180.94327194470185,92.75195923610362,185.52779480586395,20.55398941040043,233.38999938964812,196.5227915654749,89.98493517310831,140.18036592088075,82.79932265273912,212.7715546237684,69.01218574834132,101.00376747578024,383.23988151555835,69.26289891548075,164.46126105110486,521.8269902074059,91.5413360595702,209.2100067138674,13.07999992370606,76.48999786376957,67.62455511175723,105.66361290384606,5335.0278849125,15.430000305175781,3.8329999446868896
2024-08-28,179.7212695743298,92.66908570603424,183.04152502763924,20.306018829345742,231.7499999999997,194.33894519420136,89.93884746578264,141.01484834463778,82.80785420714606,213.8442196607435,69.25348707003502,100.79624365417307,380.23941966226323,67.81069847501138,164.27662754676874,518.797653924848,91.42919921874989,205.7500000000002,13.199999809265142,75.48000335693362,67.58016767065143,104.62206417418913,5303.145901208457,17.110000610351562,3.8410000801086426
2024-08-29,182.3398478233389,92.54933965528497,184.45612313281268,20.535623550415078,232.94999694824185,193.06202115040222,89.78217463299404,141.28151146748354,82.8592392446914,214.73327797197018,69.54304091212259,100.62479744837708,382.5730963305924,63.481087888605515,165.2191896032233,518.8440399308952,91.13018798828114,206.27999877929705,13.430000305175785,76.76999664306643,67.8821740481937,106.06765613916217,5302.937068265077,15.649999618530273,3.867000102996826
2024-08-30,181.71297244138418,92.32831369461316,191.2933936396516,20.30601882934574,231.28999328613247,194.97144713690753,89.46879911786546,142.6837446447448,82.87636034198044,217.23612754927794,69.94843642530184,100.34506670801893,386.29586829613817,64.44202810697406,166.68646786876934,523.7969766664692,90.15846252441396,214.11000061035173,13.369999885559087,74.33999633789067,68.60168347472518,105.89706795502084,5356.459886651591,15.0,3.9110000133514404
2024-09-03,176.7694245993009,92.71816440556154,188.88213237528623,19.90192031860355,230.2899932861325,187.78738774167553,90.05858147874257,143.80210929999467,82.56393293497257,212.88754720260425,70.469658121683,100.64845538555657,379.16517529154413,58.30391877445496,169.58217366247607,513.017818587094,91.63302612304676,210.6000061035158,13.890000343322761,71.08999633789065,68.54837731867273,103.679284612035,5243.165005080665,20.719999313354492,3.8440001010894775
2024-09-04,175.2458917089634,93.12466601776507,185.75285305226595,19.75497436523441,230.4299926757809,186.70140629652693,90.58549322203243,143.97414958216993,82.91680730339996,211.9501713319701,70.0353079986895,101.27333061954161,378.6651078465352,57.33758040908596,170.92307911280471,511.96767647266483,92.81417846679676,219.41000366210957,13.460000038146978,69.6100006103516,68.6105472207045,102.41325460435816,5234.762604658119,21.31999969482422,3.7679998874664307
2024-09-05,176.45997221530502,93.36489019118956,190.63967326499386,19.80089378356937,232.3500061035153,187.64418079268765,90.7981339636524,141.9353303452603,83.1578001575782,210.3073743121156,68.69366955249463,101.77140255914983,378.19283145678907,57.87743631635948,170.5052795163194,510.72249307438227,93.33912658691395,230.16999816894554,14.180000305175785,69.88999938964848,68.36184012809377,101.61412749118094,5218.963998903856,19.899999618530273,3.7309999465942383
2024-09-06,175.22210174190582,93.48497986753672,183.6738073901606,19.534557342529332,230.63000488281222,180.1021315330437,90.92755415603406,141.41055881596668,83.04591864332906,205.31133866938166,68.66471494268035,101.72613201831108,371.9975133214614,55.51289134269427,170.62187797935331,502.1270097965344,93.3297653198241,210.72999572753926,14.319999694824224,68.93000030517582,68.07759559811474,101.13825082352643,5128.883376276165,22.3799991607666,3.7100000381469727
2024-09-09,175.29350820552804,93.6235356847106,187.97120491222788,19.589660644531286,231.60000610351534,177.70031131163952,91.05696688602788,143.32896767767943,83.22664697470412,209.51495111970394,69.35001534265734,101.95254379350908,375.7202281037658,57.47794459326622,171.0785745641018,507.7488663271769,93.7328414916991,216.27000427246116,13.479999542236332,69.26999664306643,68.69938394300432,103.26624598001425,5188.276206244107,19.450000762939453,3.697000026702881
2024-09-10,174.65869877205972,93.90995509068865,192.41865216683786,19.304954528808626,232.61999511718716,177.64054547135888,91.44523492556067,143.99134127185417,83.04591864332907,198.64351547114865,69.06044601268006,102.23326397318746,383.573259812231,58.357900244459394,172.75962438702294,509.9605117166202,94.3890457153319,226.16999816894557,14.069999694824224,66.9599990844727,70.005151148178,99.50410150455258,5211.481667347154,19.079999923706055,3.6459999084472656
2024-09-11,176.68215003265155,93.88223346908352,197.74486169009566,19.479450225830114,232.24999999999966,180.62790221142546,91.38052856056377,141.7890775976114,83.18361227758088,200.25730673722973,68.6068057230518,102.27857143340384,391.7596126341276,63.11398916823783,168.9991196794695,515.192169859316,94.31404876708973,228.13000488281273,14.250000000000005,67.84999847412114,70.03179735508331,98.51640982952463,5267.062254248921,17.690000534057617,3.6530001163482666
2024-09-12,176.76942459930092,93.79908354451148,200.40260286058742,19.855998992919957,236.33000183105432,184.84609782909746,91.23263895826777,141.63421529563897,83.27829296038765,199.64850548869543,68.75158651606803,102.2061060790095,395.4267738975268,64.32335952886807,168.5618638803729,519.531838425054,93.87345886230457,229.809997558594,14.829999923706062,69.88999938964848,70.76019114095686,99.8722280236995,5306.540478387873,17.06999969482422,3.680000066757202
2024-09-13,176.55516864598488,93.99309007501734,199.8560561941996,19.89273643493656,238.67999267578085,188.15605073251993,91.40824386901707,142.39126656840983,83.52789710312618,197.4452247797141,69.3978419460842,102.52305155200953,398.7513217707864,64.30176694086629,169.15461513076656,522.2452750035085,94.12656402587879,230.28999328613304,14.48999977111817,69.83999633789067,71.59516975445163,99.80039459136113,5335.23671785588,16.559999465942383,3.6500000953674316
2024-09-16,171.65131543643577,94.21482569725005,198.14137497635275,20.039680480957063,238.660003662109,188.87303909013036,91.64861484386604,143.65585655234574,83.70000689738153,200.86610798576405,70.06839787505655,102.975852950779,399.4458980110153,63.049207283509574,172.22521091054446,523.0164640703362,94.98898315429675,226.7799987792971,14.859999656677253,70.87999725341801,71.55963918820426,101.20110327486003,5341.941135122387,17.139999389648438,3.621000051498413
2024-09-17,172.0242524200234,94.12242776202126,200.2740074925931,20.177440643310582,237.33999633789026,190.37868346531346,91.48219613255293,143.7246781490084,83.75166013162445,202.2093361372921,69.77685383914114,102.98492034992272,402.9741611813411,62.40672477238408,170.90368457803064,523.2302103229201,94.52964782714832,227.86999511718776,14.640000343322763,71.72000122070318,69.81861395759904,102.52100475286572,5343.354346082908,17.610000610351562,3.6419999599456787
2024-09-18,175.118934697263,93.82679769599491,199.79174215779045,20.048864364624055,235.50999450683557,190.9642016452706,91.08470458164471,142.93321607790622,83.84631182019363,200.5472120936746,69.72826058517363,102.55928422920671,398.95506565947335,61.20815482647762,168.9991196794695,521.6783928397195,93.3578643798827,227.19999694824244,14.43999958038331,70.66000366210943,70.20057269809905,102.8801574988578,5327.877556061792,18.229999542236328,3.684999942779541
2024-09-19,181.60981758422452,93.83603076640827,203.47829532947273,20.407045364379915,239.16999816894497,193.74840220901652,91.01074485572103,141.7890775976114,84.02706189724687,203.3979480987162,68.63011499706651,102.6498400786353,406.2524192207831,63.63769184173903,166.68646786876937,530.5805102024854,93.04853057861315,243.91999816894557,14.609999656677253,72.75000000000006,69.32117915901482,104.1551612796895,5418.3281510215475,16.329999923706055,3.740000009536743
2024-09-20,181.07816300791583,93.7528957820796,205.33229909758808,20.407045364379915,242.21000671386685,195.48107975470418,90.98301462249206,141.2212994251443,84.121749828613,203.98745275974542,69.62135542644508,102.74041069581493,403.08523962753094,62.62808588590845,169.2906543794524,529.6633876334871,92.69230651855456,238.25000000000023,15.3400001525879,72.91999816894537,70.22721890500436,103.49970103118903,5407.811027644644,16.149999618530273,3.7279999256134033
2024-09-23,179.70541365878574,93.7159410900611,207.77570920395198,20.416229248046907,242.67999267578088,193.40187403536112,90.9275541560341,140.41265937383932,83.96682636868124,204.32564523933996,69.70882328358663,102.59551690640389,401.4554314761389,62.76845831153452,168.85339858035584,530.9868655138866,92.49544525146472,250.00000000000028,16.090000152587898,72.25000000000006,71.35534015006206,105.3763007980423,5423.003045470243,15.890000343322754,3.739000082015991
2024-09-24,180.41953923242363,93.84526383682162,207.86144490008553,20.75603866577152,246.07000732421835,193.92764471374284,91.02923665279894,140.0341405921946,84.00985381724509,204.4705979175624,69.32009273973617,102.76757597386839,397.4363359542711,65.25738730596953,168.3383642216922,532.5062533299382,92.4766921997069,254.27000427246125,15.810000419616706,73.2900009155274,71.65733965648342,105.09795525754346,5436.6211759908565,15.390000343322754,3.7360000610351562
2024-09-25,179.62603658120057,93.4849798675367,206.32894590436797,20.581542968750032,245.72999572753866,192.9717030272411,90.65946787273187,138.15877950209955,83.91518763155712,203.11772147228177,69.43670880531337,102.16082815429523,400.15897302979886,66.6827123916779,167.38608948089126,531.3317202779446,91.7080154418944,257.01998901367216,15.850000381469732,71.48000335693365,72.30578795052014,103.05076009869896,5426.502270643458,15.40999984741211,3.7809998989105225
2024-09-26,180.53859875505984,93.5034534784851,204.86076094505955,20.39785957336429,246.97999572753864,194.45343373082977,90.59475404534713,138.83835849543993,83.94960379156069,202.7215174851404,69.38811555134585,102.16082815429523,399.4180783641317,66.9688553899305,168.3092107516939,533.438258799753,91.92360687255847,254.22000122070347,15.470000267028812,69.01000213623053,70.99113638600438,101.28191048035328,5448.418153592819,15.369999885559082,3.7909998893737793
2024-09-27,180.75281814592654,93.77136939302797,201.44212569164011,20.498884201049837,245.02000427246054,195.91126910152937,90.9552843892631,138.84695434028205,84.16478452573628,203.41727512247923,69.7671429322925,102.56833686059935,396.37132667701894,65.54353030422212,168.63959618906216,532.6646375078892,92.40169525146473,260.45999145507847,16.370000839233406,70.26999664306648,70.86678283969901,103.993546868703,5441.590103519477,16.959999084472656,3.749000072479248
2024-09-30,184.8870074212427,93.5588892515737,199.68458480193252,20.452964782714876,243.05999755859338,198.18165582269071,90.7056824406509,139.41474622223052,84.16478452573628,203.7651767683421,69.83516574390217,102.3147745750989,398.48273208648595,65.5651228922239,168.29949806734754,534.7991466176137,91.96112060546864,261.63000488281284,16.329999923706062,69.91999816894538,71.72840766009908,105.25058868752515,5464.643686118248,16.729999542236328,3.802000045776367
2024-10-01,179.49909175698332,93.80629221194579,198.39858206475338,20.8111438751221,245.61000061035116,199.54389152312856,91.03575131738691,139.35452047040997,84.12845474605265,200.07368479335227,69.68939372594447,102.80649638175633,389.58333283742644,63.16798300041097,168.14403344996902,530.0081844874251,92.62506866455068,258.01998901367216,16.370000839233406,72.11000061035165,72.19031876355683,107.68387232752615,5413.690763154701,19.260000228881836,3.743000030517578
2024-10-02,179.95139363067304,93.61170301194782,198.00205242608425,20.98564338684085,245.66000366210898,198.1936126584879,90.77614230667567,138.64911281409897,84.11978546901722,200.31528780851866,69.00911140223376,102.57927238025064,386.28660461105045,64.16679266224067,167.05571946048224,530.2318912806335,91.84449768066395,249.02000427246125,16.409999847412116,72.76000213623054,71.44414938787821,109.11150953833956,5414.439968703234,18.899999618530273,3.7850000858306885
2024-10-03,179.07059203783433,93.23177262260862,195.0013848234703,21.28871726989749,245.49000549316366,198.1936126584879,90.31259369857075,138.07272508730836,83.97267595611237,198.32460436093027,68.53292074518662,101.91575732564756,385.7402187406032,66.3263811202508,165.30663459625893,529.2624758733573,90.97928619384753,240.6600036621097,16.68000030517579,75.73000335693368,71.44414938787821,110.06326287364854,5405.336056286851,20.489999771118164,3.8499999046325684
2024-10-04,179.9672495462171,92.62944924032765,199.87747785392398,21.34382247924807,244.9999999999996,199.62751601888792,89.44106888463656,137.89206154132813,83.89479743398131,205.3638868686364,68.19278345530368,101.36132426416323,385.29570481449946,67.44397061970479,164.10175297765682,534.0722008823964,89.86014556884753,250.080001831055,15.93999958038331,76.34999847412118,71.89718987423574,112.08352229732864,5453.823268777012,19.209999084472656,3.9809999465942383
2024-10-07,175.91244953596924,92.31437444753273,193.75824175815194,21.637712478637724,244.16999816894494,194.75213456129654,89.11657441162014,137.23825637303273,83.48809526349275,205.08189493924405,67.06546642692635,100.84326417351102,379.25781214242045,68.95568254031188,162.39151885081884,529.2438288147466,89.18302154541003,240.830001831055,15.380000114440925,79.19999694824227,70.26275634237265,112.56837273813798,5401.54279803371,22.639999389648438,4.026000022888184
2024-10-08,179.14994474045326,92.4718969036868,195.81584940812093,21.132587432861357,242.36999511718716,196.42508294411397,89.19072069723993,137.37589956635807,83.66116186758816,204.9069016744797,67.23069123436078,101.04320475495486,384.0455362019769,71.74694485327792,163.40210053161633,534.2491742088381,89.33348083496081,244.5000000000003,15.250000000000005,75.79000091552743,70.80459919542542,109.5784124328392,5453.880223216116,21.420000076293945,4.0329999923706055
2024-10-09,182.14145997305008,92.23097800894477,198.44144173661417,20.948904037475614,241.0500030517575,193.41381253245305,88.85696540090886,138.20177243579155,83.57462856554045,207.50287098281564,67.60968763952802,100.84326417351102,386.5921346692188,71.61737284237563,164.48070183675674,537.9496887811408,88.82564544677722,241.05000305175813,14.859999656677251,75.25000000000007,71.41751005209385,109.62330292216323,5492.675920174266,20.860000610351562,4.066999912261963
2024-10-10,181.74470864743856,92.17537789317893,200.02751123405469,21.36219024658206,242.82000732421844,193.67675288775953,88.8476971152064,138.08132093215045,83.5659737856238,206.93893277841778,67.29869855808074,100.7341969481433,385.0919323341918,72.78355390627944,164.16974176808114,537.0082439617809,88.47768402099597,238.77000427246125,15.130000114440922,77.76999664306649,70.71578308648834,110.56608969216728,5481.3054062992505,20.93000030517578,4.0960001945495605
2024-10-11,180.5623765346344,92.20316674587932,202.35305315469853,21.38055992126468,245.47000122070278,195.06284724367606,88.87551689708951,138.8985842472604,83.7563499495525,216.1269390028294,67.60968763952803,100.71599569497621,385.53647485191624,72.77815575927899,166.24919665271347,540.2239929203257,88.12030029296862,217.8000030517581,14.800000190734867,77.4899978637696,71.15103424079896,110.98809488949294,5514.4774312012005,20.459999084472656,4.072999954223633
2024-10-14,183.53803585168714,92.11976283716967,200.98129836897388,21.04993247985843,245.0700073242184,197.11815763013,88.71789634104469,139.01902204142007,83.8082568833742,215.33941604793873,68.35798503090355,100.725092629622,388.1479477063923,74.54362179613602,167.62902992522393,544.6420138783005,88.18614196777331,219.16000366210966,13.989999771118168,75.93000030517585,71.3198095838147,111.41010729466853,5556.981186275946,19.700000762939453,4.0980000495910645
2024-10-15,185.56148711227894,92.49043774573045,201.14205893137873,20.645830154418974,245.91999816894497,197.71561430717918,89.17223636254987,141.16969693712866,83.8082568833742,216.2241676286733,68.35798503090355,101.21589883571444,387.77751466936905,71.05048499287089,168.6590215577548,540.4104055963126,89.25825500488268,219.57000732421903,14.01000022888184,72.76000213623054,72.52785570734649,108.06097261982791,5514.6955250289875,20.639999389648438,4.038000106811523
2024-10-16,183.91889469930524,92.61090839828398,200.28471832245532,20.590724945068388,247.14999389648406,197.35712929772657,89.31127557286268,141.32453182013828,83.9813234874696,217.4395330607867,68.58151399915415,101.53401834492281,385.35122974178404,73.27485121488637,167.50270336088442,542.7592400598202,89.63443756103503,221.330001831055,13.439999580383303,72.40000152587899,72.1459038379674,108.33931816032673,5540.499590296663,19.579999923706055,4.015999794006348
2024-10-17,184.21251554272334,92.15683705113527,200.97058753911165,20.618278503418,248.6300048828122,194.69240539842633,88.8476971152064,141.48798996695285,83.773645012267,218.1978980806145,67.93039537176881,100.77962993424362,385.90690788893954,73.92813414073566,167.40553026654322,542.8058577063468,88.21435546874989,220.88999938964878,13.310000419616703,72.62000274658212,71.8527749486463,108.06097261982791,5539.551275733377,19.110000610351562,4.0960001945495605
2024-10-18,186.47401272368882,92.22169264767957,202.5352353768278,20.50806999206546,251.27000427246062,195.2779419170887,88.94968556987283,142.04715858509635,84.01593535857681,219.1215624170672,68.45517928278346,100.66147315810564,387.24044966725074,74.50582652568711,167.4123599795042,544.8936912594248,88.28018951416003,220.69999694824253,13.029999732971193,71.37999725341805,72.22584245868332,107.75570575986451,5561.551895775064,18.030000686645508,4.072999954223633
2024-10-21,187.64839859749628,91.5823174617981,202.62097107296137,20.57235908508304,251.22000122070284,196.05465943756937,88.26360109386655,140.07714723536802,83.67844968174327,216.81727898626306,67.49307157395083,99.63440560819389,387.8145980013402,77.588638225352,165.71165353350122,543.9989219967114,86.73785400390612,218.85000610351594,13.250000000000004,72.26000213623054,71.78170694503062,107.81854379549827,5551.414468658851,18.3700008392334,4.182000160217285
2024-10-22,187.1564142787555,91.60084336359836,203.29611310734347,20.930538177490266,253.92999267578097,197.33325230354262,88.18016413538076,140.6104871905409,83.53135466595721,217.90621220308276,67.49307157395083,99.62533082517466,395.8990788788933,77.52385221990086,165.86804316843651,543.7100084084856,86.82247924804676,217.97000122070344,13.500000000000004,73.98000335693366,72.85651516291497,108.37522766864599,5548.778357912374,18.200000762939453,4.203999996185303
2024-10-23,183.10953613253812,91.36917247951311,197.94848192436135,20.811143875122102,250.86999511718722,194.51316289369998,87.97617976366004,142.6837446447447,83.25444519998082,217.21590265590706,66.09364781124509,99.28901744667469,393.2042328586285,75.3480610794436,165.75073552527576,538.7418992214954,86.58737945556629,213.64999389648466,13.81999969482422,73.55000305175788,73.96686768928853,107.98914639533945,5497.777741394129,19.239999771118164,4.242000102996826
2024-10-24,182.95877696629697,91.5452507179542,199.7381716560675,20.80195999145511,252.80000305175756,194.4414585563274,88.17088092490259,140.79974658136328,83.51403785756453,218.7423570799599,65.40364683674088,99.58896523821805,393.3246321731473,75.80697774749365,165.78984835096887,539.9071087441836,87.1422424316405,214.00848747023923,14.319999694824224,73.05999755859382,73.76256865114632,107.37857663616303,5509.574718996092,19.079999923706055,4.199999809265137
2024-10-25,183.6253226058196,91.35990205849127,201.29209231150944,20.948904037475614,253.3200073242185,197.4885811366746,87.97617976366004,138.39962767145605,83.38423065593359,216.14638777162403,65.03435359447744,99.35263691819104,396.49172599153746,76.41705901444779,164.4214698792034,539.7206381580768,86.65319824218737,221.1645532663122,14.44999980926514,74.23000335693368,73.29178005946741,107.288788449665,5507.92489243897,20.329999923706055,4.23199987411499
2024-10-28,185.20439385675218,91.21165002335904,201.89222583203224,20.388677597045923,253.3300018310544,199.22127702106746,87.77221031671502,139.0190220414201,83.62653549936218,219.24794897797406,64.79139894055712,99.27083834513414,395.0470771754157,75.86637384739016,165.4770844980575,541.3890866227739,86.4180984497069,215.67631974143242,13.340000152587892,70.43000030517585,73.5049703280726,106.7590475195316,5522.528844104718,19.799999237060547,4.2779998779296875
2024-10-29,185.41864981006822,91.31358730399062,204.50710733066327,20.35194015502932,256.08999633789034,202.7582630949945,87.80929092191273,137.72002125915282,83.65248534199333,216.72001992416125,63.712671294174875,99.38900250514766,400.01078266001684,76.26048802709747,163.3951783168997,542.2653246471165,86.54974365234361,213.21974038163003,13.40999984741211,69.66000366210945,72.57227063293594,105.30445295000402,5531.442908390755,19.34000015258789,4.27400016784668
2024-10-30,182.58582779522618,91.22090550413746,206.5432769684959,20.609094619750998,257.4999999999997,208.4701462520524,87.67951253491456,138.1673616374602,83.48809526349277,218.18817369621723,64.06253497879617,99.26174879436388,400.54787625375576,75.2292853625422,162.40799958028907,540.6246730399756,86.8036727905272,211.60120166934732,13.22999954223633,71.36000061035162,72.29691046229898,104.77470481202072,5513.187853047514,20.350000381469727,4.265999794006348
2024-10-31,179.2610336491265,91.20237960233719,199.7595933157919,20.746854782104517,253.50999450683565,204.46704530779297,87.63313379446296,137.52215231400695,83.33232372211188,215.76721287077456,63.46972051222699,99.06178606129349,376.303697306184,71.67676070082638,161.45009764935097,530.0268315460355,86.94475555419908,205.27495256996866,12.710000038146973,73.08000183105476,72.79433838976229,104.85550480966401,5410.561510313547,23.15999984741211,4.283999919891357
2024-11-01,176.88051350797417,90.83983218617911,212.11596639788007,20.52643775939944,252.47000122070284,204.68212164250042,87.11419934377854,137.75441834800273,83.30709148686073,216.75891746175034,63.178176476311585,98.51907121026605,380.0264406801091,73.10209402798054,161.37191824884258,532.263841567999,85.7189788818358,204.56015835623558,12.479999542236328,72.01999664306646,73.00753552948838,103.21237450968539,5432.704284930881,21.8799991607666,4.361000061035156
2024-11-04,176.16635137188692,91.22097273523269,209.81187884178465,20.87543296813967,252.8300018310544,202.23251075531797,87.57919565512523,136.12852869106916,83.5159297315664,213.68652940859218,63.27536298424663,99.24877532506791,378.25764866078174,73.45303127313008,161.35238496143495,531.1173370140413,87.04949188232406,199.51557939806048,13.0600004196167,74.29000091552741,73.23847390341497,106.49864952534249,5417.427066968738,21.979999542236328,4.309000015258789
2024-11-05,177.30900103964,91.43479002847015,213.79849877372828,21.004011154174826,253.3999938964841,202.83000410977758,87.62571618094587,136.22317895070245,83.72475347915328,215.349140432336,63.52803628896046,99.72307856936382,381.0358106635941,75.53702919024238,162.01701007599146,537.5395114018256,87.51186370849594,206.58128202713786,12.529999732971191,74.73000335693366,74.3310645822253,106.8129117820105,5483.875301722216,20.489999771118164,4.289000034332275
2024-11-06,176.72974215424986,90.7189805574192,221.93248284760853,20.77440834045412,245.69999694824187,210.91975713923486,86.72360303923837,135.81883150608715,83.91619518131293,215.70067397607625,61.90508742997655,98.68325168254627,389.1110278560596,78.61445098435263,157.41336728237945,550.9057461780138,85.11505889892564,237.05415396265582,12.869999885559082,74.54000091552741,74.11787431362009,108.64460664383986,5622.595015344346,16.270000457763672,4.426000118255615
2024-11-07,180.50683817403927,91.40688165382265,225.10463819490153,20.985643386840838,249.64999389648403,215.98633793734973,87.42109004387055,134.8295141993205,84.28164580028921,206.3762877386862,61.866216698774956,99.85077531267902,393.97288998793795,80.37991702120965,159.7200989807161,555.1654987782775,86.1813583374022,243.9391051847212,12.65999984741211,74.66000366210946,74.48207120655688,108.77929252751184,5664.377810568001,15.199999809265137,4.341000080108643
2024-11-08,180.29235065854385,91.56488966788682,223.10060104665553,20.664199829101577,247.96000671386685,213.11847620043403,87.60711244805033,133.74557405188338,84.46437473405706,206.90014962278502,62.11889000348877,100.19739658141076,391.29657133784843,79.70502502446699,163.92297791784705,557.5702744176173,87.27595520019517,263.91202283095447,12.529999732971191,73.12999725341804,75.35258038629902,108.74338301919256,5685.657933802816,14.9399995803833,4.306000232696533
2024-11-11,178.12369772401533,91.36041002676644,221.6645649293457,20.333570480346697,242.13999938964812,215.50835792474624,87.36530869473529,133.37566482456222,84.4121561121814,208.91691196996317,61.57466879088711,100.00585146643792,387.10155157417734,78.42547463210805,162.2809175849448,558.101541857662,86.85132598876939,287.55746105414283,13.800000190734863,70.94000244140634,74.80185317390419,108.16872276833544,5691.1676969808095,14.970000267028809,4.308000087738037
2024-11-12,178.12369772401533,90.83055429503561,223.8829331417196,20.22336387634279,240.0500030517575,217.02592245831605,86.81659931655257,131.31103063416342,84.00319239116187,209.15263956878164,61.41918199410833,99.10282564145692,391.7503489490398,80.06135217517118,162.09518947649983,556.3678286878275,85.54911804199206,269.8849930671345,13.65999984741211,70.69000244140632,75.49470265128853,108.06097261982787,5674.7050858145585,14.710000038146973,4.432000160217285
2024-11-13,178.83069362002576,90.81194622189673,229.44491174124164,20.159074783325213,237.6300048828122,213.75180338487468,86.76080304264161,131.82720631861488,84.06411653286995,210.54956815206373,61.2248167221831,98.72885449778362,393.75991100578403,78.97077813505683,162.81849153807568,556.6381531275625,84.73760986328112,271.3227803724052,14.109999656677246,70.73000335693368,75.94773626652514,109.06661904901544,5676.022909665687,14.020000457763672,4.451000213623047
2024-11-14,181.29327208505052,90.77476742622741,226.63712083820715,20.140705108642596,237.00999450683562,209.80846828089594,86.75148998261207,130.64864333050727,83.89007862181573,211.16944291206394,60.78749292436513,98.701489855091,395.3249305448038,79.23532854530767,163.30719373028927,553.0589023463491,85.22828674316393,255.66322464198407,13.149999618530275,71.29000091552743,75.03280529007262,109.13902910934773,5641.684476372665,14.3100004196167,4.418000221252441
2024-11-15,178.73536312703158,90.78406025761431,217.13139833101422,20.03968048095705,236.5899963378903,206.11608001901607,86.78869744840317,132.48099777742888,83.84658001689128,214.1728175015316,60.00032092981559,98.7471074380794,384.3140972946566,76.65460220680478,165.7116535335012,545.9749311082451,85.00182342529284,263.50122645801997,13.369999885559082,69.75000000000009,74.83736999790975,108.00745433414531,5567.194552644296,16.139999389648438,4.427999973297119
2024-11-18,181.13440824253203,90.86771815046154,216.15617318395869,20.49888420104982,241.0899963378903,209.47389694303763,86.9840030630611,133.14341250004782,83.98580309717524,213.9283440671628,60.11693312342035,98.92954085065539,385.0179086283524,75.66659295969889,166.8943501476995,548.2119990403284,85.15279388427722,278.3063187122915,13.75,72.06999969482432,74.68637711582,108.91272424529714,5589.005787599857,15.579999923706055,4.414000034332275
2024-11-19,181.34092514406447,90.99785514048668,219.27474167711674,20.563173294067397,243.24999999999974,212.8436156867407,87.17000308007734,131.62072781914546,84.12500443178104,212.23459002452213,60.82636365556672,99.13931675429744,386.8978362771109,79.3702987032104,166.90409366596444,550.216036649898,85.58686065673814,284.2710900706669,13.869999885559082,72.30999755859385,76.9248371450094,107.39186070357218,5611.158286145819,16.350000381469727,4.379000186920166
2024-11-20,181.91289591454657,90.90490441625255,217.42075426141344,20.553989410400405,244.61999511718722,210.28644829349935,87.03979933697204,131.71536436929733,84.07281480414295,210.21778668123986,61.21509419941717,98.90216882408725,384.7678177226067,78.76561558325673,167.03117566130865,550.402449325885,85.31323242187487,281.0093658666462,14.75,72.0199966430665,77.44003379115686,108.92177009695124,5611.281455908433,17.15999984741211,4.406000137329102
2024-11-21,181.53161050501913,90.85841037883124,212.5982317326827,20.700937271118175,246.6600036621091,200.30867054651722,86.99330119831494,133.77140271485402,84.09890961796198,213.69260280297635,61.963391590792696,98.78357639929337,383.10690188795735,79.18673698085787,168.84918975047245,553.3571973740002,85.2471771240233,279.04577224199016,15.149999618530277,73.19999694824229,78.51484888016213,110.37925501429817,5641.248288717091,16.8700008392334,4.432000160217285
2024-11-22,182.6039871450805,90.92349754914804,211.24791495909443,20.71930313110353,249.83999633789037,196.87916762382824,87.04909747222587,133.48750677387977,84.09890961796198,217.00156235272098,62.11889000348875,98.87481156527016,386.93915116893703,76.63841600724926,172.29947440339572,555.0722055751042,85.29434204101548,289.6607364777257,14.310000419616701,74.2500000000001,80.33581960260418,110.25251218124197,5660.811907027052,15.239999771118164,4.409999847412109
2024-11-25,184.98712759510445,91.74154310569833,215.88825526569588,20.42541313171388,242.47999572753878,200.33254754070117,87.98841061733661,134.01226459369195,84.43826542311923,218.5207003224514,62.56592083618294,100.10616879930949,388.6001241868276,73.43682859068298,173.38439666184092,556.9550952138243,87.50241851806626,278.18308481501526,14.789999961853031,72.0999984741212,79.50083411798849,108.6049346378605,5677.910277907849,14.600000381469727,4.264999866485596
2024-11-26,186.72684206109156,91.60210581416459,222.75767461453339,20.42541313171388,242.94999694824193,202.08912041927795,87.80241060032039,133.9949358091936,84.28164580028921,218.2412982073533,62.73114177164494,99.85077531267905,397.13692450291944,73.92273599373527,175.26102603018685,559.8632256154127,87.16271972656234,277.8873234615524,15.079999923706058,71.61000061035166,81.10861457182534,106.79438760770691,5710.399312584777,14.100000381469727,4.302000045776367
2024-11-27,186.62355314161752,91.85308696282794,220.48573590043654,20.315204620361342,243.4900054931638,202.22059059693117,88.15582182623301,134.7580192537835,84.52528437864635,218.08414647480768,62.61452183409533,100.21564213783103,392.4973622215239,73.0696886630863,175.30991320806342,558.1667486526795,87.76663970947251,273.5000212073745,13.810000419616703,71.72000122070322,81.61494060087254,106.51377159448217,5688.6927256230165,14.100000381469727,4.242000102996826
2024-11-29,188.5300655016367,92.21564184910771,222.78982345653196,20.33357048034669,245.58999633789037,201.88598258166252,88.5278218602655,134.4198337664379,84.71671158368719,218.02304861426757,62.74671097277669,100.83586553023582,392.93347021115926,74.64080492503568,175.21216968622883,561.6341170822288,88.6725158691405,283.5809551728994,14.430000305175785,71.61000061035166,82.1656815555092,106.7853345482029,5720.593694140094,13.510000228881836,4.177999973297119
2024-12-02,190.32536707815134,92.22683209140479,225.81194542369428,20.186626434326186,243.440002441406,204.92114832621257,88.52035201003348,134.23774443439137,84.67646033337132,214.993491179621,62.3256610750723,100.99422012472745,399.9114267782897,74.84595923539,175.64224118230095,562.6408266067264,88.8855819702147,293.3825506135914,13.880000114440922,71.04000091552743,82.29002823069365,106.68576530935859,5734.600318761586,13.34000015258789,4.196000099182129
2024-12-03,192.7561727746724,92.04964080483133,228.73760451244888,20.41622924804689,243.929992675781,204.74190582148626,88.26846657074096,132.12185049301215,84.69396560430825,213.74502315480635,62.19836223756711,100.63726143026187,400.11551376642433,75.7259973010412,171.45888011561837,562.901885427276,88.11859130859362,288.7241337854059,13.210000038146976,73.04000091552743,83.06283007103575,106.52281744613624,5737.189198997586,13.300000190734863,4.2230000495910645
2024-12-04,193.0421520661719,92.34804228600602,233.79589611744387,20.306018829345714,244.66999816894503,208.36258974599352,88.60431879805623,130.48290940977918,84.87767309359431,212.50524630406989,60.91562036396983,101.1223746683252,405.8871326754748,78.36069686810272,171.1558751979312,566.3971086245016,89.06549072265611,294.0726855113588,13.260000228881836,71.87999725341805,83.89781555565145,103.45396001557395,5771.907328551298,13.449999809265137,4.179999828338623
2024-12-05,193.06596640819578,92.36671012011846,236.3571907619399,20.278467178344737,242.8600006103513,206.2953408624476,88.594990813251,129.6590929625567,84.80769550120291,214.3212097331589,61.61084462927901,101.09490665137523,410.7122545748296,78.32290159765381,172.05510018185,565.4651610648066,89.2453994750975,303.5702956477626,13.319999694824219,71.47000122070321,84.6528486773094,103.906584159375,5761.115156907504,13.539999961853027,4.179999828338623
2024-12-06,192.90710256567732,92.62779087331165,243.30161862463683,20.122337341308604,242.94999694824193,208.76888375992962,88.87485274457137,129.47697621154737,84.95642144285267,215.96259808544175,61.22896360465314,101.32372556999415,411.59379142242926,76.9082739085967,169.89501460018377,566.5370194742017,89.37797546386703,319.7803295500451,13.369999885559082,70.23999786376962,85.00816121090409,102.81122162218865,5775.491753861059,12.770000457763672,4.151000022888184
2024-12-09,196.013119202222,92.3573724680014,242.2942446355827,20.31520462036134,245.3600006103513,209.79770346093747,88.56700685883531,129.72844922899426,84.83394978332863,212.86319695470468,61.2975013885957,101.0674460183008,413.8671397712062,74.9483015093618,166.93343213947406,563.619507633188,88.55414581298814,320.2486434327154,13.770000457763672,71.1699981689454,83.34708147213571,102.20469546681936,5740.00589699,14.1899995803833,4.198999881744385
2024-12-10,196.82339183022341,92.24547004503047,241.16898610839647,20.361124038696303,248.5899963378904,221.52158268582122,88.40841619237075,129.407592526147,84.83394978332863,212.033791106433,61.60105241100937,100.91185299325522,411.3710626976368,72.928949493122,168.38977978089062,561.8671474047427,88.13752746582017,329.4504671426355,13.810000419616697,71.40000152587899,83.98663853570943,101.9964678903771,5722.9931892899685,14.180000305175781,4.2210001945495605
2024-12-11,195.80660230068955,92.0309879109623,246.76311354991702,20.61827850341798,250.9600067138669,233.7598809305615,88.14722515543654,127.16162302517901,84.85143330858737,212.61875085107198,61.33667026167421,100.6372614302619,416.62305749315993,75.21826654950468,166.77704250453874,566.2107538586346,87.30423736572251,348.9879416364789,14.560000419616697,73.33000183105477,84.3508354286462,101.31751725897571,5769.7259272292085,13.579999923706055,4.270999908447266
2024-12-12,196.97433380871138,91.65798232443312,245.3806642867422,20.53562355041505,247.2799987792966,229.64456544911974,87.81136546573345,126.81477314558425,84.62397351479807,210.87259012196932,62.51170160627798,100.06976629297529,417.15194529177495,74.15459258848873,166.9920782525748,563.2933578378608,86.24372100830064,343.5079320624245,15.039999961853024,73.20999908447276,83.57802671718322,101.22700107963543,5738.488501079899,13.920000076293945,4.323999881744385
2024-12-13,197.1093711217229,91.31293740340325,243.7624459473031,20.526437759399425,244.28999328613253,227.0844271856343,87.4008968223642,127.14428053119927,84.36151767625367,209.4844210396056,61.80668125072675,99.51144192908971,415.0270160457448,72.48620254173588,167.19733964842737,563.1814175760767,85.36309814453112,358.4034125567125,14.229999542236325,74.20999908447276,83.90564863349366,100.33983728749162,5738.336622575624,13.8100004196167,4.39900016784668
2024-12-16,199.4210076082596,91.39687169075314,249.6244749546745,20.416229248046882,244.8800048828122,235.26724914403434,87.42888077677989,124.74222858441364,84.50149460671466,209.1701039091463,61.24854029724754,99.63958170493639,419.03561844283735,71.27135574037005,167.27553446589505,565.5863090356563,85.6187591552733,380.4138641659674,13.949999809265133,73.69999694824229,84.45759203429031,98.19435588708919,5760.138596646778,14.6899995803833,4.396999835968018
2024-12-17,201.35929273678244,91.39687169075314,247.7169006848362,20.278467178344734,243.94000244140594,233.78379460215584,87.42888077677989,126.9621774896713,84.3527759136243,208.10497046205617,62.08085561833153,99.6487450944619,421.6987277641907,70.40205627859913,166.4838273559943,563.2560058105196,85.82707977294908,394.24948299763855,14.460000038146967,73.30000305175791,84.94723498175779,97.77792956560437,5737.881450107016,15.869999885559082,4.385000228881836
2024-12-18,197.04581339723237,90.70080575133854,236.32504191994136,20.094785690307624,239.25999450683562,225.38565790588066,86.75313917032565,125.52268194194605,83.47793278322214,201.12911437730014,61.542299101391585,98.41330457725769,405.8593130285912,69.60295745217141,165.2620487500214,546.4690202513087,84.75388336181626,361.60761925099735,14.53999996185302,72.94000244140635,83.2824791933003,96.33854355941554,5568.654994115294,27.6200008392334,4.49399995803833
2024-12-19,198.4280202332665,90.46694612159703,239.2935606805567,20.094785690307624,239.6000061035153,225.5172747931756,86.36002804108197,124.50811177042787,83.36356501310078,203.39039115495123,61.15062585849609,97.88053580656131,405.5252485330232,70.55862726594945,165.3695666240394,546.3012546339324,83.47058868408189,358.354118997802,15.399999618530266,72.61000061035166,83.14894582945355,95.51476559949968,5563.83748204673,24.09000015258789,4.570000171661377
2024-12-20,202.16161912578713,90.71018075406408,241.04039074040213,20.223363876342784,242.10000610351528,228.98657270617113,86.67827649547283,125.27987331674831,83.90014687081423,207.44143485114438,61.24854029724754,98.26632853494881,405.12625246697974,72.72916860543071,164.265080244268,552.8628765904575,83.94589233398422,345.9398395697509,15.869999885559077,73.0999984741212,82.1162507116524,95.84066132594438,5624.311520269199,18.360000610351562,4.52400016784668
2024-12-23,202.7812429552832,90.42954322227692,241.1904241205328,20.238842010498058,240.96000671386682,232.83872776784386,86.29451573819792,125.97361420438203,83.73301683686266,208.13116697260313,61.08208033060868,97.98157675923422,403.8735677918409,75.4126492901955,164.3139520051853,556.1735981456532,83.1759185791014,353.77784138578676,15.630000114440914,73.05999755859385,80.43368497778529,96.22992846891715,5665.297416389624,16.780000686645508,4.598999977111816
2024-12-24,205.1087597323302,90.53241426812022,245.46639998287569,20.354934692382823,241.44000244140588,234.60925640108573,86.34132729714447,126.47658765823866,83.95292363176323,211.55359007324572,61.532510755094386,98.28468484950193,407.65938428089976,75.7096215482322,165.12520781945298,562.3553876256954,83.52763366699203,379.8058935573911,16.139999389648434,73.65000152587902,82.50795957272967,96.32045185610737,5727.85793186901,14.270000457763672,4.591000080108643
2024-12-26,205.76013195536376,90.59792723537356,243.32305663677315,20.296886444091808,243.0700073242184,233.99916435614662,86.40683213764069,126.24242971580868,84.15525267013292,212.2782372100656,61.26812860575922,98.37653287714723,406.527384836486,75.55303407799028,166.31764795191623,562.3928554732763,83.48009490966781,373.1099176931631,15.369999885559078,73.12999725341807,82.60588678799898,96.40192218379357,5725.534375971272,14.729999542236328,4.578999996185303
2024-12-27,203.03542510331278,90.41080815706924,239.78653684522155,20.393630981445323,241.39999389648403,230.60160745793416,86.18220680114297,125.78284677060493,83.93533862667296,210.55830032224603,61.15062585849609,97.96321306080556,399.4938175672091,73.9764207716908,165.701894598277,556.4727618251028,82.79568481445297,354.64872769056626,15.760000228881832,73.84999847412121,81.59991345943318,96.39286912428955,5662.234378871982,15.949999809265137,4.61899995803833
2024-12-30,200.34247883228235,90.76632618871359,237.16094451672836,20.577445983886726,240.6300048828122,228.78321480409318,86.68763432982942,124.29997442370822,83.99690064160771,208.94312214587816,60.7393643070889,98.38575533767693,394.2047108480941,74.23558951783278,163.31698349943196,550.1225697163652,83.46110534667953,342.94103106193336,18.030000686645504,74.81999969482433,80.62953940832391,95.74107767140022,5601.637170886898,17.399999618530273,4.545000076293945
