Date,AAPL,AGG,AMZN,DBC,GLD,GOOGL,IEF,JNJ,JNK,JPM,KO,LQD,MSFT,NVDA,PG,SPY,TLT,TSLA,UNG,USO,WMT,XOM,^GSPC,^TNX,^VIX
2022-10-03,139.96951293945312,85.83728790283203,115.87999725341797,21.274871826171875,158.42999267578125,97.8314208984375,86.41193389892578,147.2345428466797,70.3832778930664,98.72132110595703,51.04714584350586,89.8135986328125,233.92388916015625,12.495613098144531,117.46292114257812,349.8432312011719,90.95914459228516,242.39999389648438,89.83999633789062,67.88999938964844,42.34306716918945,81.70366668701172,3678.429931640625,3.6510000228881836,30.100000381469727
2022-10-04,143.55596923828125,86.06757354736328,121.08999633789062,21.849164962768555,160.6999969482422,100.80683898925781,86.5902099609375,149.41781616210938,71.89830017089844,103.33985137939453,51.16428756713867,90.22815704345703,241.8334503173828,13.14975643157959,118.91622924804688,360.68365478515625,90.70510864257812,249.44000244140625,93.95999908447266,70.27999877929688,42.892608642578125,84.68132019042969,3790.929931640625,3.617000102996826,29.06999969482422
2022-10-05,143.85073852539062,85.61583709716797,120.94999694824219,22.240726470947266,159.80999755859375,100.59854888916016,85.77013397216797,148.95770263671875,71.65110778808594,102.06394958496094,50.677696228027344,89.54588317871094,242.1443634033203,13.19170093536377,118.0936050415039,359.8439025878906,89.83782958984375,240.80999755859375,95.76000213623047,71.94000244140625,42.467674255371094,88.1034164428711,3783.280029296875,3.759000062942505,28.549999237060547
2022-10-06,142.8976287841797,85.27925872802734,120.30000305175781,22.379947662353516,159.6300048828125,100.58863830566406,85.29772186279297,146.07078552246094,71.41986846923828,99.98363494873047,49.58735656738281,89.338623046875,239.8026123046875,13.112804412841797,115.60743713378906,356.1318359375,89.3384780883789,238.1300048828125,95.36000061035156,72.98999786376953,42.07149887084961,90.71666717529297,3744.52001953125,3.8259999752044678,30.520000457763672
2022-10-07,137.65060424804688,84.8275146484375,114.55999755859375,22.614883422851562,157.8800048828125,97.87110900878906,84.87873840332031,144.52804565429688,70.62249755859375,97.9865493774414,49.118797302246094,88.44913482666016,227.60794067382812,12.060184478759766,113.5873794555664,346.1979064941406,88.47119903564453,223.07000732421875,91.76000213623047,75.0999984741211,41.07465362548828,89.8011245727539,3639.659912109375,3.882999897003174,31.360000610351562
2022-10-10,137.974853515625,84.4466552734375,113.66999816894531,22.362546920776367,155.47999572753906,97.05782318115234,84.37955474853516,144.71751403808594,69.72946166992188,97.07122802734375,49.01066207885742,87.65463256835938,222.75921630859375,11.654715538024902,113.12122344970703,343.5545959472656,87.09579467773438,222.9600067138672,89.80000305175781,73.77999877929688,41.31748580932617,87.85453796386719,3612.389892578125,3.888000011444092,32.45000076293945
2022-10-11,136.55992126464844,84.49978637695312,112.20999908447266,22.04059410095215,155.16000366210938,96.38339233398438,84.59349822998047,146.81053161621094,69.94473266601562,94.26976013183594,49.09176254272461,87.4732666015625,219.02796936035156,11.57082462310791,113.55083465576172,341.37884521484375,87.48126983642578,216.5,90.4800033569336,71.75,42.387794494628906,87.10791015625,3588.840087890625,3.938999891281128,33.630001068115234
2022-10-12,135.9311065673828,84.5706558227539,112.9000015258789,22.04059410095215,155.99000549316406,96.76028442382812,84.86981964111328,146.77447509765625,70.08030700683594,95.79531860351562,49.686485290527344,87.36964416503906,219.35833740234375,11.484939575195312,113.73365020751953,340.2527770996094,87.91056823730469,217.24000549316406,88.44000244140625,70.93000030517578,41.90855407714844,87.49011993408203,3577.030029296875,3.9019999504089355,33.56999969482422
2022-10-13,140.5001220703125,84.304931640625,112.52999877929688,22.345142364501953,154.91000366210938,98.24797821044922,84.51326751708984,148.99380493164062,70.2158432006836,101.12088012695312,50.34429168701172,87.52507019042969,227.60794067382812,11.944337844848633,115.45204162597656,349.2324523925781,87.06951904296875,221.72000122070312,92.16000366210938,72.5199966430664,42.26319885253906,90.54779815673828,3669.909912109375,3.9519999027252197,31.940000534057617
2022-10-14,135.97039794921875,83.84436798095703,106.9000015258789,21.9013729095459,152.97999572753906,95.76847839355469,84.04082489013672,148.37132263183594,69.96068572998047,102.8036117553711,49.54231262207031,86.68739318847656,222.08872985839844,11.212294578552246,114.3277816772461,341.27386474609375,86.35118865966797,204.99000549316406,89.44000244140625,70.16999816894531,41.672122955322266,88.1656494140625,3583.070068359375,4.010000228881836,32.02000045776367
2022-10-17,139.9302215576172,84.02149963378906,113.79000091552734,21.849164962768555,153.4199981689453,99.15052795410156,84.12996673583984,150.29293823242188,70.81385040283203,107.1213607788086,50.18208312988281,87.10192108154297,230.8048095703125,11.872430801391602,116.39349365234375,350.0436096191406,85.93069458007812,219.35000610351562,83.36000061035156,70.12999725341797,41.97245407104492,89.43671417236328,3677.949951171875,4.014999866485596,31.3700008392334
2022-10-18,141.24691772460938,84.1632308959961,116.36000061035156,21.614227294921875,153.75,99.94396209716797,84.34388732910156,149.76966857910156,71.31620788574219,109.87660217285156,50.857913970947266,87.6200942993164,231.747314453125,11.95132827758789,117.33495330810547,354.15643310546875,86.13217163085938,220.19000244140625,80.16000366210938,68.69999694824219,42.85747146606445,89.5967025756836,3719.97998046875,3.997999906539917,30.5
2022-10-19,141.35494995117188,83.43690490722656,115.06999969482422,21.605525970458984,151.69000244140625,98.81331634521484,83.4614486694336,148.57882690429688,70.6863021850586,107.72234344482422,50.425392150878906,86.4197006225586,229.78451538085938,12.03521728515625,118.42265319824219,351.6467590332031,84.56404113769531,222.0399932861328,76.27999877929688,70.04000091552734,42.736045837402344,92.25436401367188,3695.159912109375,4.126999855041504,30.760000228881836
2022-10-20,140.89315795898438,82.93205261230469,115.25,21.622928619384766,151.4499969482422,99.15052795410156,82.83744812011719,148.95770263671875,70.25570678710938,107.37098693847656,49.63243103027344,85.66835021972656,229.46385192871094,12.178028106689453,116.89735412597656,348.6980895996094,83.11857604980469,207.27999877929688,75.31999969482422,70.18000030517578,42.841487884521484,92.37882232666016,3665.780029296875,4.22599983215332,29.979999542236328
2022-10-21,144.7056121826172,83.05602264404297,119.31999969482422,21.649032592773438,154.14999389648438,100.3010025024414,83.02462768554688,152.20556640625,70.78196716308594,113.01091003417969,50.425392150878906,85.91014862060547,235.26483154296875,12.449674606323242,118.36097717285156,357.1719665527344,81.62055969238281,214.44000244140625,71.27999877929688,70.56999969482422,43.70732498168945,94.09430694580078,3752.75,4.2129998207092285,29.690000534057617
2022-10-24,146.8476104736328,82.94091033935547,119.81999969482422,21.709943771362305,153.64999389648438,101.67961883544922,82.91765594482422,154.2534637451172,70.97334289550781,113.14960479736328,51.876155853271484,85.8669662475586,240.2495574951172,12.582498550415039,119.08818817138672,361.5424499511719,80.9460220336914,211.25,74.31999969482422,70.37999725341797,44.541229248046875,94.75208282470703,3797.340087890625,4.234000205993652,29.850000381469727
2022-10-25,149.68728637695312,83.75577545166016,120.5999984741211,21.831762313842773,154.0,103.6235580444336,83.95166778564453,154.0098876953125,71.60326385498047,113.4454574584961,53.11966323852539,87.01559448242188,243.5630340576172,13.243632316589355,120.45979309082031,367.3157653808594,83.30256652832031,222.4199981689453,80.0,70.61000061035156,44.75208282470703,94.11207580566406,3859.110107421875,4.107999801635742,28.459999084472656
2022-10-26,146.74937438964844,84.1278076171875,115.66000366210938,22.240726470947266,154.97999572753906,94.15184020996094,84.37955474853516,155.36314392089844,71.7787094116211,114.7491226196289,53.516143798828125,87.41281127929688,224.77061462402344,12.879109382629395,121.30667114257812,364.5484619140625,84.50275421142578,224.63999938964844,79.31999969482422,72.97000122070312,45.09394836425781,95.23204803466797,3830.60009765625,4.014999866485596,27.280000686645508
2022-10-27,142.2786102294922,84.55292510986328,110.95999908447266,22.275531768798828,154.74000549316406,91.46405029296875,84.97681427001953,155.453369140625,72.3607406616211,115.20217895507812,53.64230728149414,87.81869506835938,220.3300018310547,13.158743858337402,121.39872741699219,362.6017761230469,85.38754272460938,225.08999633789062,75.63999938964844,73.62000274658203,44.962955474853516,95.59648895263672,3807.300048828125,3.937000036239624,27.389999389648438
2022-10-28,153.02809143066406,84.34039306640625,103.41000366210938,22.01449203491211,153.16000366210938,95.50069427490234,84.54000854492188,157.76292419433594,72.91094970703125,116.5705337524414,54.75065994262695,88.00006103515625,229.19178771972656,13.81588077545166,124.47328186035156,371.2283020019531,84.80062103271484,228.52000427246094,74.76000213623047,72.81999969482422,45.53166580200195,98.39637756347656,3901.06005859375,4.010000228881836,25.75
2022-10-31,150.66989135742188,84.05693817138672,102.44000244140625,21.857866287231445,151.91000366210938,93.73528289794922,84.15670776367188,156.95095825195312,71.80260467529297,116.38560485839844,53.93065643310547,87.52507019042969,225.5576934814453,13.479324340820312,123.96697235107422,368.5467224121094,84.19612884521484,227.5399932861328,81.5199966430664,71.52999877929688,45.474151611328125,98.49414825439453,3871.97998046875,4.077000141143799,25.8799991607666
2022-11-01,148.02674865722656,84.21318817138672,96.79000091552734,22.188518524169922,153.4600067138672,89.7283935546875,84.14152526855469,156.1570587158203,72.2602310180664,118.48441314697266,53.74142837524414,88.15483856201172,221.7097625732422,13.525263786315918,124.16028594970703,366.9340515136719,84.98299407958984,227.82000732421875,75.36000061035156,73.12000274658203,45.269676208496094,99.47189331054688,3856.10009765625,4.052000045776367,25.809999465942383
2022-11-02,142.5045928955078,84.07112884521484,92.12000274658203,22.388648986816406,152.38999938964844,86.25708770751953,83.99856567382812,153.75726318359375,71.58699798583984,117.39340209960938,52.99351501464844,87.73038482666016,213.86830139160156,13.201689720153809,122.37447357177734,357.7254333496094,84.61416625976562,214.97999572753906,79.63999938964844,74.08000183105469,44.9693603515625,97.42752075195312,3759.68994140625,4.059000015258789,25.860000610351562
2022-11-03,136.46168518066406,83.76042175292969,89.30000305175781,22.371244430541992,151.80999755859375,82.74610900878906,83.63236236572266,154.01893615722656,71.16222381591797,117.6060562133789,52.966487884521484,87.41854095458984,208.18389892578125,13.403422355651855,121.53678894042969,354.0419616699219,84.15748596191406,215.30999755859375,76.4000015258789,73.29000091552734,44.95975875854492,98.75190734863281,3719.889892578125,4.124000072479248,25.299999237060547
2022-11-04,136.19595336914062,83.75155639648438,90.9800033569336,23.128267288208008,156.47000122070312,85.87028503417969,83.45367431640625,154.7045440673828,71.59503173828125,120.82357025146484,53.39900207519531,87.591796875,215.12176513671875,14.137460708618164,123.75525665283203,359.1376647949219,82.74359130859375,207.47000122070312,83.27999877929688,76.81999969482422,45.039642333984375,99.82743072509766,3770.550048828125,4.156000137329102,24.549999237060547
2022-11-07,136.72740173339844,83.48519897460938,90.52999877929688,22.928136825561523,155.85000610351562,87.76463317871094,83.15888214111328,156.05776977539062,71.59503173828125,121.46154022216797,53.60627365112305,87.27129364013672,221.4182891845703,14.282269477844238,125.65153503417969,362.5730895996094,81.91809844970703,197.0800018310547,86.80000305175781,76.55999755859375,45.51249313354492,101.00961303710938,3806.800048828125,4.214000225067139,24.350000381469727
2022-11-08,137.29827880859375,83.8403091430664,89.9800033569336,22.64969253540039,159.4499969482422,88.17127227783203,83.71272277832031,156.83370971679688,71.45074462890625,121.53551483154297,53.70537567138672,87.63508605957031,222.3899688720703,14.582876205444336,125.9368896484375,364.529296875,82.81387329101562,191.3000030517578,80.80000305175781,74.47000122070312,45.621124267578125,101.32960510253906,3828.110107421875,4.125999927520752,25.540000915527344
2022-11-09,132.7413330078125,83.93797302246094,86.13999938964844,22.127609252929688,158.64999389648438,86.60421752929688,83.99856567382812,155.5796661376953,70.60118865966797,119.9544906616211,52.95746994018555,87.40990447998047,218.15342712402344,13.757960319519043,125.63312530517578,357.019287109375,83.08609771728516,177.58999633789062,76.63999938964844,71.66999816894531,44.560394287109375,96.79643249511719,3748.570068359375,4.151000022888184,26.09000015258789
2022-11-10,144.5519561767578,85.7401351928711,96.62999725341797,22.327739715576172,163.47999572753906,93.16996002197266,85.88349151611328,157.40203857421875,72.80521392822266,124.89171600341797,54.85878372192383,90.33768463134766,236.10044860839844,15.729374885559082,129.9595947265625,376.6389465332031,86.28271484375,190.72000122070312,79.5199966430664,72.23999786376953,45.48373794555664,98.21861267089844,3956.3701171875,3.8289999961853027,23.530000686645508
2022-11-11,147.33731079101562,85.6780014038086,100.79000091552734,22.754108428955078,164.55999755859375,95.61972045898438,85.704833984375,152.69271850585938,73.06172180175781,125.09513854980469,55.25526428222656,90.58023834228516,240.113525390625,16.305620193481445,129.7662811279297,380.28424072265625,85.96656799316406,195.97000122070312,76.63999938964844,74.37999725341797,45.55402374267578,101.28515625,3992.929931640625,3.812999963760376,22.520000457763672
2022-11-14,145.93968200683594,85.43830871582031,98.48999786376953,22.414752960205078,164.9199981689453,94.91551208496094,85.49935913085938,155.09249877929688,72.49268341064453,123.80996704101562,54.7236213684082,90.12114715576172,234.71096801757812,16.273656845092773,129.77548217773438,377.04925537109375,85.75581359863281,190.9499969482422,78.08000183105469,71.91000366210938,44.215328216552734,101.5808334350586,3957.25,3.865000009536743,23.729999542236328
2022-11-15,147.67189025878906,86.06858825683594,98.94000244140625,22.67579460144043,165.5,97.63306427001953,86.13362121582031,155.52554321289062,73.29412078857422,122.9131088256836,54.633514404296875,91.37716674804688,235.11907958984375,16.6441707611084,129.32444763183594,380.26513671875,87.14335632324219,194.4199981689453,79.08000183105469,73.25,47.106788635253906,102.26179504394531,3991.72998046875,3.7990000247955322,24.540000915527344
2022-11-16,146.44163513183594,86.60127258300781,97.12000274658203,22.42345428466797,165.1199951171875,98.03970336914062,86.76786804199219,156.49087524414062,73.09378814697266,123.07952117919922,54.534393310546875,92.15675354003906,235.54783630371094,15.889163970947266,130.47506713867188,377.36419677734375,89.0490493774414,186.9199981689453,80.36000061035156,72.04000091552734,47.445457458496094,101.16868591308594,3958.7900390625,3.691999912261963,24.110000610351562
2022-11-17,148.34120178222656,86.23725891113281,94.8499984741211,22.04929542541504,163.9199981689453,97.55371856689453,86.17829895019531,157.75390625,72.75714111328125,122.54328155517578,54.70560073852539,91.6629867553711,235.4990997314453,15.656468391418457,129.67422485351562,376.2095947265625,88.1093978881836,183.1699981689453,82.4000015258789,70.13999938964844,47.28570556640625,101.30308532714844,3946.56005859375,3.7750000953674316,23.93000030517578
2022-11-18,148.9021759033203,86.11300659179688,94.13999938964844,21.892671585083008,162.7899932861328,96.63133239746094,85.87454223632812,158.9628143310547,72.9494857788086,123.74524688720703,55.09306716918945,91.65433502197266,235.05084228515625,15.38882064819336,131.23910522460938,377.917724609375,87.50341033935547,180.19000244140625,82.23999786376953,69.02999877929688,47.99818420410156,100.42498016357422,3965.340087890625,3.818000078201294,23.1200008392334
2022-11-21,145.6739501953125,86.05972290039062,92.45999908447266,21.814359664916992,161.8800048828125,94.81634521484375,85.82095336914062,159.77999877929688,72.88539123535156,123.01483154296875,55.94009780883789,91.51575469970703,235.8596649169922,15.296939849853516,132.9052734375,376.54351806640625,87.87224578857422,167.8699951171875,87.16000366210938,69.02999877929688,48.2921257019043,99.43041229248047,3949.93994140625,3.825000047683716,22.360000610351562
2022-11-22,147.8096923828125,86.50361633300781,93.19999694824219,22.04059410095215,162.07000732421875,96.25445556640625,86.31229400634766,160.55181884765625,73.4544448852539,124.85469818115234,56.18339920043945,92.3299789428711,238.763427734375,16.01699447631836,134.04672241210938,381.61065673828125,89.11933135986328,169.91000366210938,91.4000015258789,69.9800033569336,48.464656829833984,102.30661010742188,4003.580078125,3.757999897003174,21.290000915527344
2022-11-23,148.68568420410156,87.01850891113281,94.12999725341797,21.736047744750977,163.0800018310547,97.65290069580078,86.77680206298828,160.7243194580078,73.8631820678711,126.18609619140625,56.435707092285156,93.2568359375,241.2482147216797,16.497365951538086,134.81077575683594,384.0154724121094,90.67369842529297,183.1999969482422,94.04000091552734,67.41000366210938,48.6978874206543,101.79588317871094,4027.260009765625,3.7060000896453857,20.350000381469727
2022-11-25,145.7723846435547,87.0362548828125,93.41000366210938,21.54461669921875,163.22000122070312,96.66109466552734,86.74998474121094,160.93316650390625,73.68685150146484,126.42652130126953,56.489768981933594,93.3521499633789,241.1605224609375,16.24869155883789,135.05929565429688,383.9295349121094,90.36634063720703,182.86000061035156,90.80000305175781,66.95999908447266,48.90555953979492,101.43748474121094,4026.1201171875,3.690999984741211,20.5
2022-11-28,141.9438018798828,86.89421844482422,93.94999694824219,21.414094924926758,161.92999267578125,95.26265716552734,86.78572845458984,161.014892578125,72.92545318603516,124.21678924560547,56.49878692626953,92.67646026611328,235.57704162597656,15.806272506713867,134.94883728027344,377.8031311035156,90.62100982666016,182.9199981689453,89.44000244140625,66.87999725341797,49.046142578125,98.39104461669922,3963.93994140625,3.703000068664551,22.209999084472656
2022-11-29,138.94190979003906,86.58349609375,92.41999816894531,21.69253921508789,162.72999572753906,94.40971374511719,86.41947937011719,159.88897705078125,73.26206970214844,126.26009368896484,56.30054473876953,92.21736145019531,234.1836395263672,15.618517875671387,133.91783142089844,377.1542663574219,89.55841827392578,180.8300018310547,88.55999755859375,68.33999633789062,48.87361145019531,99.04512023925781,3957.6298828125,3.747999906539917,21.889999389648438
2022-11-30,145.69366455078125,87.2582015991211,96.54000091552734,22.1798152923584,164.80999755859375,100.16215515136719,87.19668579101562,161.62326049804688,74.40016174316406,127.75790405273438,57.72529220581055,93.34345245361328,248.6148681640625,16.905160903930664,137.3053741455078,389.0348205566406,90.21705627441406,194.6999969482422,84.87999725341797,70.2300033569336,48.6978874206543,99.7619400024414,4080.110107421875,3.703000068664551,20.579999923706055
2022-12-01,145.96922302246094,87.98426055908203,95.5,22.06669807434082,167.83999633789062,100.16215515136719,88.14906311035156,162.29515075683594,74.59845733642578,125.9642333984375,57.888641357421875,94.51139831542969,248.17636108398438,17.11693572998047,137.38819885253906,388.74859619140625,93.09912109375,194.6999969482422,83.4800033569336,70.44999694824219,49.00141143798828,99.27809143066406,4076.570068359375,3.5290000438690186,19.84000015258789
2022-12-02,145.4771270751953,88.34912872314453,94.12999725341797,21.831762313842773,167.25999450683594,99.6166763305664,88.32805633544922,162.4222869873047,74.59845733642578,124.9656982421875,58.39683532714844,95.08492279052734,248.4979248046875,16.85820770263672,138.64013671875,388.30010986328125,94.2698745727539,194.86000061035156,76.31999969482422,69.83999633789062,48.953487396240234,98.43584442138672,4071.699951171875,3.50600004196167,19.059999465942383
2022-12-05,144.31573486328125,87.65504455566406,91.01000213623047,21.266172409057617,164.38999938964844,98.6645278930664,87.43296813964844,162.33148193359375,73.9133071899414,121.46154022216797,57.59824752807617,94.2767333984375,243.8011932373047,16.592493057250977,137.24095153808594,381.31488037109375,92.94943237304688,182.4499969482422,68.4000015258789,67.72000122070312,48.451881408691406,95.73886108398438,3998.840087890625,3.5989999771118164,20.75
2022-12-06,140.65443420410156,87.91309356689453,88.25,20.926816940307617,164.83999633789062,96.18502807617188,87.97003173828125,159.8980712890625,73.56671905517578,121.66493225097656,57.57101821899414,94.56352996826172,238.8511199951172,15.970148086547852,137.4158477783203,375.8182373046875,94.14664459228516,179.82000732421875,65.55999755859375,65.2300033569336,47.88956069946289,93.07767486572266,3941.260009765625,3.513000011444092,22.170000076293945
2022-12-07,138.71556091308594,88.69613647460938,88.45999908447266,20.82240104675293,166.3300018310547,94.1617660522461,88.73979949951172,160.8695831298828,73.92945098876953,121.58171081542969,57.661773681640625,95.6150131225586,238.12026977539062,16.103008270263672,138.29954528808594,375.17889404296875,96.36497497558594,174.0399932861328,70.95999908447266,63.650001525878906,47.640350341796875,92.87161254882812,3933.919921875,3.4079999923706055,22.68000030517578
2022-12-08,140.39857482910156,88.4291763305664,90.3499984741211,20.787595748901367,166.47000122070312,92.94182586669922,88.23855590820312,160.8968505859375,74.01002502441406,122.857666015625,57.906803131103516,95.31083679199219,241.07281494140625,17.150901794433594,139.29373168945312,378.1180419921875,96.10088348388672,173.44000244140625,73.0,62.709999084472656,47.714115142822266,93.5615234375,3963.510009765625,3.490999937057495,22.290000915527344
2022-12-09,139.9163055419922,87.90421295166016,89.08999633789062,20.81369972229004,167.05999755859375,92.06905364990234,87.58514404296875,159.57119750976562,74.05032348632812,122.19195556640625,57.29877471923828,94.59830474853516,239.14344787597656,16.983078002929688,138.9254913330078,375.29345703125,93.60086822509766,179.0500030517578,77.04000091552734,62.849998474121094,46.601280212402344,92.7730484008789,3934.3798828125,3.566999912261963,22.829999923706055
2022-12-12,142.20950317382812,87.92200469970703,90.55000305175781,21.039936065673828,165.67999267578125,92.54511260986328,87.4598159790039,161.4779510498047,74.30023193359375,124.08734130859375,58.051998138427734,94.47662353515625,246.05210876464844,17.516517639160156,140.352294921875,380.7041320800781,93.90015411376953,167.82000732421875,79.63999938964844,64.41000366210938,47.47037887573242,95.05786895751953,3990.56005859375,3.6110000610351562,25.0
2022-12-13,143.17404174804688,88.50927734375,92.48999786376953,21.387990951538086,168.50999450683594,94.84609985351562,88.24751281738281,162.72193908691406,75.10626220703125,123.96713256835938,58.07014465332031,95.30217742919922,250.34933471679688,18.052949905395508,140.1405792236328,383.58599853515625,94.80687713623047,160.9499969482422,85.08000183105469,65.86000061035156,47.3004035949707,96.09725189208984,4019.64990234375,3.500999927520752,22.549999237060547
2022-12-14,140.94970703125,88.70503234863281,91.58000183105469,21.55331802368164,168.10000610351562,94.29068756103516,88.48919677734375,163.22128295898438,74.71129608154297,123.34768676757812,58.07014465332031,95.38906860351562,250.64169311523438,17.65536880493164,140.6929168701172,381.1335754394531,95.21180725097656,156.8000030517578,77.87999725341797,67.36000061035156,47.03742980957031,95.389404296875,3995.320068359375,3.503000020980835,21.139999389648438
2022-12-15,134.34561157226562,88.83524322509766,88.44999694824219,21.292274475097656,165.35000610351562,90.11520385742188,88.66138458251953,161.16014099121094,74.39693450927734,120.28732299804688,57.271549224853516,95.46925354003906,242.64161682128906,16.934131622314453,139.1003875732422,371.8103942871094,95.58328247070312,157.6699981689453,83.68000030517578,66.1500015258789,46.6173095703125,94.47547912597656,3895.75,3.450000047683716,22.829999923706055
2022-12-16,132.3870391845703,88.60335540771484,87.86000061035156,21.022533416748047,166.7899932861328,89.52011108398438,88.43717956542969,159.5076141357422,74.01810455322266,119.53841400146484,56.944854736328125,95.05960845947266,238.43211364746094,16.553531646728516,138.483642578125,367.42071533203125,94.51554870605469,150.22999572753906,80.4000015258789,64.9000015258789,45.780277252197266,93.81241607666016,3852.360107421875,3.4820001125335693,22.6200008392334
2022-12-19,130.28079223632812,88.05933380126953,84.91999816894531,20.983139038085938,166.32000732421875,87.71503448486328,87.71967315673828,159.33506774902344,73.64090728759766,120.2503433227539,57.026527404785156,94.10079956054688,234.30055236816406,16.23686408996582,138.44677734375,364.30511474609375,92.92723083496094,149.8699951171875,72.0,66.06999969482422,45.79631042480469,94.2335433959961,3817.659912109375,3.5810000896453857,22.420000076293945
2022-12-20,130.21189880371094,87.46179962158203,85.19000244140625,21.07943344116211,169.0800018310547,88.29027557373047,87.08292388916016,159.5076141357422,73.41380310058594,120.83283996582031,56.981163024902344,92.99386596679688,235.61599731445312,16.06804656982422,138.50205993652344,364.8036804199219,91.27708435058594,137.8000030517578,66.44000244140625,66.22000122070312,46.19718933105469,95.59549713134766,3821.6201171875,3.684000015258789,21.479999542236328
2022-12-21,133.3122100830078,87.70260620117188,86.7699966430664,21.350807189941406,168.8000030517578,88.8456802368164,87.1905288696289,161.3327178955078,74.06266784667969,122.19195556640625,57.897708892822266,93.63011169433594,238.17874145507812,16.483604431152344,139.7723846435547,370.25830078125,91.50653076171875,137.57000732421875,67.4000015258789,68.05999755859375,46.55958938598633,96.82301330566406,3878.43994140625,3.684000015258789,20.06999969482422
2022-12-22,130.14300537109375,87.67587280273438,83.79000091552734,21.07943344116211,166.75999450683594,87.04061126708984,87.16365051269531,160.7424774169922,73.56791687011719,120.80509185791016,57.48027038574219,93.60395050048828,232.0983428955078,15.32282829284668,140.0945587158203,364.9761962890625,91.48888397216797,125.3499984741211,63.2400016784668,67.69999694824219,46.014400482177734,94.86970520019531,3822.389892578125,3.6689999103546143,21.969999313354492
2022-12-23,129.7788848876953,87.37264251708984,85.25,21.4646053314209,167.25999450683594,88.4985580444336,86.7690658569336,161.1510467529297,73.79503631591797,121.37833404541016,57.91586685180664,93.31633758544922,232.62452697753906,15.189970016479492,140.49037170410156,367.0756530761719,90.1476058959961,123.1500015258789,63.63999938964844,69.31999969482422,46.10738754272461,97.37854766845703,3844.820068359375,3.750999927520752,20.8700008392334
2022-12-27,127.97772216796875,86.73943328857422,83.04000091552734,21.65719223022461,168.6699981689453,86.67364501953125,86.0426254272461,161.10568237304688,72.98391723632812,121.80364990234375,58.26979064941406,92.11347961425781,230.8998260498047,14.10611343383789,141.71469116210938,365.62811279296875,88.36510467529297,109.0999984741211,64.4800033569336,69.52999877929688,46.12022018432617,98.73152923583984,3829.25,3.859999895095825,21.649999618530273
2022-12-28,124.05070495605469,86.58784484863281,81.81999969482422,21.41208267211914,167.91000366210938,85.31488037109375,85.83634948730469,160.40650939941406,71.92137908935547,122.46931457519531,57.68899917602539,91.82586669921875,228.5319366455078,14.021202087402344,139.8828582763672,361.0841064453125,87.84449768066406,112.70999908447266,60.20000076293945,68.58000183105469,45.31205749511719,97.10975646972656,3783.219970703125,3.88700008392334,22.139999389648438
2022-12-29,127.56439208984375,86.90888977050781,84.18000030517578,21.385820388793945,168.85000610351562,87.7249526977539,86.25784301757812,161.2237091064453,72.95147705078125,123.17201232910156,58.033843994140625,92.47957611083984,234.8462371826172,14.587605476379395,140.4627685546875,367.5837707519531,88.8416519165039,121.81999969482422,58.15999984741211,68.52999877929688,45.587852478027344,97.84446716308594,3849.280029296875,3.8350000381469727,21.440000534057617
2022-12-30,127.87931823730469,86.49864959716797,84.0,21.578407287597656,169.63999938964844,87.50676727294922,85.89913177490234,160.39743041992188,73.00015258789062,123.9856185913086,57.72529220581055,91.89559936523438,233.68666076660156,14.598594665527344,139.51461791992188,366.615478515625,87.85332489013672,123.18000030517578,56.400001525878906,70.11000061035156,45.4724006652832,98.830078125,3839.5,3.878999948501587,21.670000076293945
2023-01-03,123.09601593017578,87.00697326660156,85.81999969482422,21.06192398071289,171.05999755859375,88.38947296142578,86.57174682617188,161.79576110839844,73.14616394042969,124.92868041992188,57.12636184692383,92.53187561035156,233.45281982421875,14.299909591674805,139.52386474609375,365.0721130371094,89.5299072265625,108.0999984741211,51.119998931884766,67.63999938964844,46.052879333496094,95.43421173095703,3824.139892578125,3.7929999828338623,22.899999618530273
2023-01-04,124.36564636230469,87.48859405517578,85.13999938964844,20.68550682067871,172.6699981689453,87.35798645019531,87.23541259765625,163.55726623535156,74.04647064208984,126.09366607666016,57.09912872314453,93.20301818847656,223.24081420898438,14.733451843261719,140.13136291503906,367.8905029296875,90.75646209716797,113.63999938964844,52.91999816894531,64.30000305175781,46.10417938232422,95.71196746826172,3852.969970703125,3.7090001106262207,22.010000228881836
2023-01-05,123.04681396484375,87.41722106933594,83.12000274658203,20.580461502075195,170.52000427246094,85.493408203125,87.10985565185547,162.349609375,73.9085922241211,126.0656967163086,56.445735931396484,93.13328552246094,216.62448120117188,14.249963760375977,138.39158630371094,363.6916198730469,91.13589477539062,110.33999633789062,47.84000015258789,64.77999877929688,45.94703674316406,97.85343170166016,3808.10009765625,3.7200000286102295,22.459999084472656
2023-01-06,127.5741958618164,88.37146759033203,86.08000183105469,20.69426155090332,173.7100067138672,86.6240463256836,88.23088836669922,163.66622924804688,74.97928619384766,128.4780731201172,57.53471755981445,94.65863800048828,219.1774444580078,14.843337059020996,141.68707275390625,372.0318603515625,92.8125,113.05999755859375,47.560001373291016,64.83000183105469,47.07270812988281,99.03617095947266,3895.080078125,3.569000005722046,21.1299991607666
2023-01-09,128.09584045410156,88.59444427490234,87.36000061035156,20.939369201660156,174.10000610351562,87.29846954345703,88.45509338378906,159.42588806152344,75.30371856689453,127.9471664428711,56.81781005859375,95.03343200683594,221.3114776611328,15.611526489257812,139.9564666748047,371.8208923339844,93.30665588378906,119.7699966430664,49.720001220703125,65.87999725341797,46.48582458496094,97.19039154052734,3892.090087890625,3.5169999599456787,21.969999313354492
2023-01-10,128.66668701171875,88.25554656982422,89.87000274658203,20.939369201660156,174.74000549316406,87.69519805908203,87.8990707397461,159.04454040527344,75.20639038085938,129.09278869628906,56.3822135925293,94.71095275878906,222.9971923828125,15.892230033874512,139.81837463378906,374.428466796875,91.76244354248047,118.8499984741211,45.720001220703125,65.9000015258789,46.45695495605469,98.64192199707031,3919.25,3.621000051498413,20.579999923706055
2023-01-11,131.3831329345703,88.79956817626953,95.08999633789062,21.3157901763916,174.6199951171875,90.76978302001953,88.46408081054688,158.790283203125,75.74170684814453,130.0521240234375,56.2733154296875,95.52155303955078,229.74024963378906,15.984130859375,138.68614196777344,379.1641845703125,93.25371551513672,123.22000122070312,46.880001068115234,68.05000305175781,46.8642463684082,99.78881072998047,3969.610107421875,3.553999900817871,21.09000015258789
2023-01-12,131.30438232421875,89.44169616699219,95.2699966430664,21.49086570739746,176.63999938964844,90.38298797607422,89.25330352783203,157.9912567138672,76.14727020263672,129.9217529296875,55.54731750488281,96.6023941040039,232.41015625,16.49359703063965,137.90370178222656,380.5446472167969,95.08911895751953,123.55999755859375,47.040000915527344,68.61000061035156,46.440921783447266,101.44644927978516,3983.169921875,3.4489998817443848,18.829999923706055
2023-01-13,132.63308715820312,89.1116943359375,98.12000274658203,21.700963973999023,178.75999450683594,91.3648681640625,88.7779541015625,157.4736785888672,76.21216583251953,133.20028686523438,55.746971130371094,96.28858947753906,233.11172485351562,16.88118553161621,138.88870239257812,382.0209045410156,94.19790649414062,122.4000015258789,44.119998931884766,70.05000305175781,46.5948600769043,101.38372802734375,3999.090087890625,3.510999917984009,18.350000381469727
2023-01-17,133.7944793701172,88.95116424560547,96.05000305175781,21.849777221679688,177.58999633789062,90.54167175292969,88.49993896484375,156.50213623046875,75.9931640625,131.14187622070312,55.973854064941406,95.9399185180664,234.20310974121094,17.683340072631836,138.483642578125,381.32110595703125,93.58900451660156,131.49000549316406,46.20000076293945,70.86000061035156,46.312644958496094,101.18659973144531,3990.969970703125,3.5350000858306885,19.360000610351562
2023-01-18,133.0759735107422,89.83407592773438,95.45999908447266,21.613422393798828,177.0800018310547,90.37307739257812,89.70170593261719,154.14137268066406,76.06614685058594,127.20203399658203,54.2768440246582,97.0643310546875,229.77920532226562,17.35868263244629,134.77392578125,375.3008117675781,95.8568344116211,128.77999877929688,42.47999954223633,69.51000213623047,45.16773986816406,99.10784912109375,3928.860107421875,3.375,20.34000015258789
2023-01-19,133.13504028320312,89.62896728515625,93.68000030517578,21.832271575927734,179.88999938964844,92.28726196289062,89.53130340576172,153.93251037597656,75.56327056884766,125.50688171386719,54.19517135620117,96.86386108398438,225.99842834472656,16.74732780456543,131.92372131347656,372.5686950683594,95.25676727294922,127.16999816894531,42.040000915527344,70.58999633789062,44.52312469482422,99.7440185546875,3898.85009765625,3.3970000743865967,20.520000457763672
2023-01-20,135.69400024414062,89.26329803466797,97.25,21.963581085205078,179.2899932861328,97.21649932861328,88.93939971923828,153.2152099609375,75.74983978271484,125.81424713134766,54.52186584472656,96.35832214355469,234.07644653320312,17.82019805908203,132.4331512451172,379.50927734375,93.71255493164062,133.4199981689453,41.040000915527344,71.55000305175781,45.0715217590332,101.56291961669922,3972.610107421875,3.4839999675750732,19.850000381469727
2023-01-23,138.8828582763672,89.04035186767578,97.5199966430664,22.016101837158203,179.6300048828125,98.97200012207031,88.65240478515625,152.8247528076172,75.6524887084961,127.85401916503906,54.657981872558594,96.07939910888672,236.3760528564453,19.17276954650879,130.6546630859375,384.0628662109375,93.2713623046875,143.75,44.040000915527344,71.5,45.744998931884766,101.03428649902344,4019.81005859375,3.5250000953674316,19.809999465942383
2023-01-24,140.2804412841797,89.43275451660156,96.31999969482422,21.8935489654541,180.27999877929688,96.89913177490234,89.16358947753906,152.8247528076172,75.74983978271484,128.95310974121094,54.94837951660156,96.58492279052734,235.84986877441406,19.24468994140625,131.36790466308594,383.6506652832031,94.61263275146484,143.88999938964844,41.959999084472656,70.22000122070312,45.86686325073242,101.97509002685547,4016.949951171875,3.4690001010894775,19.200000762939453
2023-01-25,139.62100219726562,89.53978729248047,97.18000030517578,21.832271575927734,181.11000061035156,94.439453125,89.26224517822266,153.9143524169922,75.74983978271484,129.57713317871094,55.29323196411133,96.6285171508789,234.45645141601562,19.30263328552246,131.27528381347656,383.79443359375,94.84205627441406,144.42999267578125,39.2400016784668,70.51000213623047,45.64878845214844,101.43748474121094,4016.219970703125,3.4619998931884766,19.079999923706055
2023-01-26,141.6878662109375,89.3882064819336,99.22000122070312,21.928564071655273,179.47000122070312,96.72061157226562,88.93939971923828,153.3513946533203,75.9444808959961,130.37815856933594,55.184329986572266,96.59363555908203,241.65744018554688,19.781124114990234,130.7472686767578,388.0124816894531,94.40086364746094,160.27000427246094,38.47999954223633,70.93000030517578,45.60709762573242,105.51433563232422,4060.429931640625,3.493000030517578,18.729999542236328
2023-01-27,143.62677001953125,89.25439453125,102.23999786376953,21.683454513549805,179.22000122070312,98.5554428100586,88.80485534667969,152.75210571289062,75.74983978271484,130.69482421875,54.89393615722656,96.31475067138672,241.81336975097656,20.343530654907227,130.21002197265625,388.9040222167969,94.16259765625,177.89999389648438,39.2400016784668,69.5,45.9566650390625,103.58792114257812,4070.56005859375,3.5179998874664307,18.510000228881836
2023-01-30,140.74302673339844,89.01360321044922,100.55000305175781,21.403329849243164,178.75999450683594,96.1453628540039,88.52684020996094,147.09532165527344,75.35238647460938,129.58645629882812,55.03005599975586,95.94866180419922,236.50274658203125,19.141803741455078,130.61761474609375,384.0245361328125,93.81845092773438,166.66000366210938,36.47999954223633,68.0999984741211,45.587852478027344,101.75108337402344,4017.77001953125,3.5510001182556152,19.940000534057617
2023-01-31,142.01268005371094,89.37924194335938,103.12999725341797,21.770994186401367,179.41000366210938,98.02979278564453,88.97525024414062,148.3846435546875,75.9444808959961,130.35952758789062,55.647151947021484,96.63722229003906,241.47230529785156,19.516408920288086,131.88665771484375,389.6708984375,94.56849670410156,173.22000122070312,37.279998779296875,69.31999969482422,46.139461517333984,103.94631958007812,4076.60009765625,3.5290000438690186,19.399999618530273
2023-02-01,143.1346893310547,90.009521484375,105.1500015258789,21.35955810546875,181.6699981689453,99.60674285888672,89.61516571044922,149.7466583251953,76.65214538574219,130.01487731933594,55.65622329711914,97.61821746826172,246.28598022460938,20.920923233032227,132.63694763183594,393.8122253417969,95.7053451538086,181.41000366210938,34.0,67.36000061035156,46.396018981933594,102.8083724975586,4119.2099609375,3.3970000743865967,17.8700008392334
2023-02-02,148.4396209716797,90.10789489746094,112.91000366210938,21.201988220214844,177.89999389648438,106.85681915283203,89.57923126220703,150.30958557128906,77.14947509765625,129.4095001220703,54.70336151123047,97.75812530517578,257.8329772949219,21.686111450195312,131.69212341308594,399.5450134277344,95.82918548583984,188.27000427246094,33.52000045776367,66.56999969482422,46.05928039550781,99.59170532226562,4179.759765625,3.3959999084472656,18.729999542236328
2023-02-03,152.06149291992188,89.24068450927734,103.38999938964844,20.668001174926758,173.4600067138672,103.92108917236328,88.61756896972656,149.46517944335938,76.36680603027344,131.4119873046875,54.29499053955078,96.6477279663086,251.74276733398438,21.0777587890625,132.09967041015625,395.2981872558594,94.39598083496094,189.97999572753906,32.7599983215332,64.4000015258789,45.44675064086914,100.28162384033203,4136.47998046875,3.5320000648498535,18.329999923706055
2023-02-06,149.33526611328125,88.74895477294922,102.18000030517578,20.729278564453125,173.82000732421875,102.05650329589844,87.85363006591797,148.33016967773438,75.91841888427734,132.18507385253906,54.603538513183594,95.9045639038086,250.20314025878906,21.0667724609375,130.97885131835938,392.8823547363281,93.69709777832031,194.75999450683594,34.0,65.5,45.11642837524414,100.11137390136719,4111.080078125,3.634000062942505,19.43000030517578
2023-02-07,152.2091522216797,88.59696960449219,102.11000061035156,21.12320327758789,173.97999572753906,106.75765228271484,87.63790893554688,148.3665008544922,76.21190643310547,133.79638671875,54.51279067993164,95.58979034423828,260.7171936035156,22.14962387084961,129.70057678222656,398.0207214355469,92.94511413574219,196.80999755859375,35.47999954223633,67.76000213623047,45.21262741088867,102.96965026855469,4164.0,3.6740000247955322,18.65999984741211
2023-02-08,149.52224731445312,88.72215270996094,100.05000305175781,21.16697120666504,174.41000366210938,98.5554428100586,87.96146392822266,148.55718994140625,75.91841888427734,132.8556671142578,54.19517135620117,95.68598937988281,259.908447265625,22.181591033935547,128.35745239257812,393.66851806640625,93.387451171875,201.2899932861328,32.91999816894531,68.68000030517578,44.96889877319336,102.07363891601562,4117.85986328125,3.6530001163482666,19.6299991607666
2023-02-09,148.4888153076172,88.37348175048828,98.23999786376953,21.000646591186523,173.02999877929688,94.23118591308594,87.56600952148438,146.55050659179688,75.37216186523438,130.78794860839844,54.10441589355469,94.881591796875,256.8779296875,22.313453674316406,126.94947814941406,390.2557373046875,92.50275421142578,207.32000732421875,33.400001525878906,67.91999816894531,45.38580322265625,102.45894622802734,4081.5,3.683000087738037,20.709999084472656
2023-02-10,148.85353088378906,87.98905944824219,97.61000061035156,21.298280715942383,173.36000061035156,93.79479217529297,87.14359283447266,147.2315216064453,74.7851791381836,131.36538696289062,54.10441589355469,94.21711730957031,256.37127685546875,21.242582321166992,128.07029724121094,391.1664123535156,91.46766662597656,196.88999938964844,35.15999984741211,69.87000274658203,46.09136199951172,106.77771759033203,4090.4599609375,3.74399995803833,20.530000686645508
2023-02-13,151.6529998779297,88.25725555419922,99.54000091552734,21.254512786865234,172.47999572753906,93.83445739746094,87.35031127929688,147.77627563476562,74.99714660644531,132.7904510498047,54.99375534057617,94.56681823730469,264.38104248046875,21.765029907226562,129.7469024658203,395.75830078125,92.23736572265625,194.63999938964844,33.31999969482422,69.5,46.79368591308594,106.36237335205078,4137.2900390625,3.7170000076293945,20.34000015258789
2023-02-14,151.0122833251953,87.94436645507812,99.69999694824219,21.324542999267578,172.61000061035156,93.90388488769531,86.95487213134766,147.131591796875,75.00530242919922,133.3772430419922,54.07719421386719,94.33076477050781,265.20928955078125,22.94678497314453,129.01510620117188,395.5762634277344,92.02500915527344,209.25,35.400001525878906,69.4000015258789,46.659000396728516,105.1163558959961,4136.1298828125,3.760999917984009,18.90999984741211
2023-02-15,153.11184692382812,87.77450561523438,101.16000366210938,21.096940994262695,170.88999938964844,96.1453628540039,86.69424438476562,144.70726013183594,74.89115142822266,133.93609619140625,54.07719421386719,93.97232055664062,263.08953857421875,22.740001678466797,128.71868896484375,396.86083984375,91.16688537597656,214.24000549316406,33.68000030517578,69.0199966430664,47.00535202026367,104.80033111572266,4147.60009765625,3.809000015258789,18.229999542236328
2023-02-16,151.5149688720703,87.40796661376953,98.1500015258789,21.035663604736328,170.75,94.72708129882812,86.40663146972656,143.68124389648438,74.2552490234375,132.09194946289062,53.74142837524414,93.22039031982422,256.0853576660156,21.97880744934082,127.03284454345703,391.3964538574219,89.87527465820312,202.0399932861328,33.040000915527344,68.44999694824219,46.26774215698242,104.49336242675781,4090.409912109375,3.8429999351501465,20.170000076293945
2023-02-17,150.37155151367188,87.61356353759766,97.19999694824219,20.878093719482422,171.25999450683594,93.57659149169922,86.64928436279297,146.68089294433594,74.49982452392578,132.4831085205078,54.55816650390625,93.58760833740234,252.0900115966797,21.365453720092773,129.69131469726562,390.4187316894531,90.57414245605469,208.30999755859375,31.040000915527344,67.0199966430664,46.96366500854492,100.47542572021484,4079.090087890625,3.828000068664551,20.020000457763672
2023-02-21,146.3596649169922,86.79108428955078,94.58000183105469,20.904354095458984,170.6199951171875,91.03759002685547,85.70560455322266,144.49517822265625,73.32582092285156,130.0521240234375,54.26776885986328,92.25863647460938,246.82473754882812,20.633228302001953,129.5987091064453,382.5865173339844,88.81362915039062,197.3699951171875,28.84000015258789,66.69000244140625,47.24909973144531,100.37610626220703,3997.340087890625,3.9549999237060547,22.8700008392334
2023-02-22,146.7835235595703,87.02352142333984,95.79000091552734,20.632984161376953,169.66000366210938,90.89871978759766,85.8583755493164,144.29396057128906,73.8638916015625,129.0555419921875,54.43111801147461,92.52092742919922,245.69154357910156,20.73212242126465,130.14523315429688,382.059326171875,89.62754821777344,200.86000061035156,30.31999969482422,64.91999816894531,46.258121490478516,99.07592010498047,3991.050048828125,3.9230000972747803,22.290000915527344
2023-02-23,147.26654052734375,87.33643341064453,95.81999969482422,20.79055404663086,169.57000732421875,90.14495086669922,86.19091033935547,144.24826049804688,74.60578918457031,130.08938598632812,54.53094482421875,93.24662780761719,248.87611389160156,23.639057159423828,129.72836303710938,384.091552734375,90.50337982177734,202.07000732421875,32.279998779296875,66.37999725341797,45.56861114501953,99.98784637451172,4012.320068359375,3.878999948501587,21.139999389648438
2023-02-24,144.6149444580078,86.83576965332031,93.5,20.720523834228516,168.35000610351562,88.3993911743164,85.66963958740234,142.63868713378906,74.17369842529297,131.26296997070312,54.30406188964844,92.54714965820312,243.4545135498047,23.26145362854004,128.99658203125,379.9886169433594,89.32675170898438,196.8800048828125,33.959999084472656,67.0999984741211,45.69047927856445,99.99687957763672,3970.0400390625,3.9489998817443848,21.670000076293945
2023-02-27,145.8076934814453,87.0056381225586,93.76000213623047,20.73802947998047,169.00999450683594,89.1333236694336,85.93028259277344,142.32774353027344,74.64659118652344,132.40858459472656,54.28591537475586,92.5733871459961,244.3727569580078,23.476224899291992,128.88540649414062,381.2828063964844,89.5744857788086,207.6300048828125,35.84000015258789,66.25,45.36014938354492,99.8163070678711,3982.239990234375,3.921999931335449,20.950000762939453
2023-02-28,145.30494689941406,86.9967041015625,94.2300033569336,20.79930877685547,169.77999877929688,89.32174682617188,86.06511688232422,140.1603240966797,74.50797271728516,133.51698303222656,54.00459671020508,92.60836791992188,243.64987182617188,23.191524505615234,127.42189025878906,379.8736267089844,89.98141479492188,205.7100067138672,36.47999954223633,67.20999908447266,45.581443786621094,99.23844909667969,3970.14990234375,3.9159998893737793,20.700000762939453
2023-03-01,143.2349090576172,86.49840545654297,92.16999816894531,21.158218383789062,170.75999450683594,89.61930847167969,85.37704467773438,139.529296875,74.29483032226562,132.77183532714844,53.414737701416016,92.0310287475586,240.57276916503906,22.674070358276367,127.51448822021484,378.4164123535156,89.01473999023438,202.77000427246094,37.20000076293945,68.06999969482422,44.946449279785156,100.123291015625,3951.389892578125,3.99399995803833,20.579999923706055
2023-03-02,143.8263702392578,86.3191909790039,92.12999725341797,21.07943344116211,170.66000366210938,91.245849609375,85.02581024169922,139.41957092285156,74.33580780029297,131.39337158203125,54.19517135620117,92.10999298095703,245.30078125,23.289424896240234,129.61721801757812,381.3594970703125,88.22541046142578,190.89999389648438,36.68000030517578,68.30000305175781,45.05868911743164,100.58377075195312,3981.35009765625,4.072999954223633,19.59000015258789
2023-03-03,148.87322998046875,87.00031280517578,94.9000015258789,21.41208267211914,172.49000549316406,92.88233947753906,85.71023559570312,140.85536193847656,75.0982666015625,133.8057098388672,53.94106674194336,93.15410614013672,249.3840789794922,23.86481285095215,130.56202697753906,387.4756774902344,90.3627700805664,197.7899932861328,39.52000045776367,69.86000061035156,45.113216400146484,101.85686492919922,4045.639892578125,3.9639999866485596,18.489999771118164
2023-03-06,151.6332550048828,86.78521728515625,93.75,21.307035446166992,171.6199951171875,94.3501968383789,85.55714416503906,142.2637176513672,75.15565490722656,133.02333068847656,54.77596664428711,92.899658203125,250.9275665283203,23.529172897338867,130.00625610351562,387.7440185546875,89.66213989257812,193.80999755859375,34.599998474121094,70.48999786376953,45.10679626464844,102.75978088378906,4048.419921875,3.9830000400543213,18.610000610351562
2023-03-07,149.43515014648438,86.668701171875,93.55000305175781,20.869338989257812,168.6199951171875,93.09062194824219,85.56614685058594,140.91937255859375,74.67195129394531,129.11143493652344,54.458343505859375,92.63642120361328,248.27044677734375,23.267406463623047,127.42189025878906,381.8004150390625,90.21199798583984,187.7100067138672,35.08000183105469,67.8499984741211,44.65781021118164,100.77337646484375,3986.3701171875,3.9749999046325684,19.59000015258789
2023-03-08,150.68698120117188,86.57909393310547,93.91999816894531,20.755537033081055,168.5399932861328,93.47740173339844,85.53913879394531,139.885986328125,74.29483032226562,128.34768676757812,54.485565185546875,92.48725891113281,247.8308868408203,24.15961456298828,127.4404067993164,382.4235534667969,90.30068969726562,182.0,34.31999969482422,67.0999984741211,44.28900909423828,99.3016357421875,3992.010009765625,3.9760000705718994,19.110000610351562
2023-03-09,148.43954467773438,86.89275360107422,92.25,20.501676559448242,170.1999969482422,91.563232421875,86.07050323486328,138.31297302246094,73.835693359375,121.39938354492188,53.9592170715332,92.39952850341797,246.48280334472656,23.415271759033203,126.50486755371094,375.367919921875,90.52240753173828,172.9199981689453,32.959999084472656,66.23999786376953,43.990760803222656,98.53417205810547,3918.320068359375,3.924999952316284,22.610000610351562
2023-03-10,146.3793487548828,87.90542602539062,90.7300033569336,20.720523834228516,173.8699951171875,89.88707733154297,87.65557098388672,138.65135192871094,73.81111907958984,124.4823226928711,53.73235321044922,93.72442626953125,242.83909606933594,22.944686889648438,127.07913970947266,369.9515686035156,93.64417266845703,173.44000244140625,32.15999984741211,67.13999938964844,43.92661666870117,97.31526184082031,3861.590087890625,3.694999933242798,24.799999237060547
2023-03-13,148.32122802734375,88.60443115234375,92.43000030517578,20.589214324951172,177.86000061035156,90.36314392089844,88.71825408935547,139.97740173339844,73.43397521972656,122.24696350097656,54.2768440246582,93.80337524414062,248.04576110839844,22.94568634033203,127.95915222167969,369.42431640625,93.8570327758789,174.47999572753906,34.599998474121094,65.25,44.054901123046875,96.19564056396484,3855.760009765625,3.515000104904175,26.520000457763672
2023-03-14,150.41099548339844,88.08464813232422,94.87999725341797,20.326595306396484,176.8300018310547,93.19970703125,87.8807144165039,140.76390075683594,74.00785064697266,125.38578796386719,54.47648620605469,93.5226058959961,254.75686645507812,24.041717529296875,129.54312133789062,375.53094482421875,92.31385803222656,183.25999450683594,34.279998779296875,62.93000030517578,44.28900909423828,96.55680847167969,3919.2900390625,3.638000011444092,23.729999542236328
2023-03-15,150.80528259277344,88.96289825439453,96.19999694824219,19.853885650634766,178.2100067138672,95.3221664428711,89.15055084228516,141.15716552734375,73.67172241210938,119.4620590209961,54.839481353759766,94.41755676269531,259.2992858886719,24.206573486328125,131.37718200683594,373.1822204589844,94.09646606445312,180.4499969482422,32.400001525878906,60.02000045776367,44.78288650512695,91.75334930419922,3891.929931640625,3.492000102996826,26.139999389648438
2023-03-16,153.62442016601562,88.61338806152344,100.04000091552734,19.915163040161133,178.57000732421875,99.4976577758789,88.34902954101562,140.864501953125,74.15544891357422,121.7812728881836,55.141258239746094,94.27718353271484,269.81036376953125,25.51841163635254,132.3590850830078,379.7297058105469,93.36036682128906,184.1300048828125,33.36000061035156,60.04999923706055,44.52849578857422,91.22062683105469,3960.280029296875,3.5850000381469727,22.989999771118164
2023-03-17,152.7865753173828,89.16900634765625,98.94999694824219,19.853885650634766,183.77000427246094,100.78699493408203,89.39371490478516,139.3555145263672,73.71269989013672,117.18012237548828,54.88520050048828,94.75099182128906,272.9656066894531,25.702247619628906,132.39610290527344,375.2897033691406,94.76162719726562,180.1300048828125,31.200000762939453,58.65999984741211,44.88916015625,90.14617156982422,3916.639892578125,3.3949999809265137,25.510000228881836
2023-03-20,155.15231323242188,88.81053924560547,97.70999908447266,19.93267059326172,183.83999633789062,100.39026641845703,89.03348541259766,140.73646545410156,73.51593780517578,118.41888427734375,55.415584564208984,94.47019958496094,265.93218994140625,25.877090454101562,134.43397521972656,378.8983459472656,93.92796325683594,183.25,29.84000015258789,59.790000915527344,45.3721809387207,92.50273895263672,3951.570068359375,3.4809999465942383,24.149999618530273
2023-03-21,157.0054473876953,88.54169464111328,100.61000061035156,20.002700805664062,180.3699951171875,104.05994415283203,88.2589340209961,140.73646545410156,74.35220336914062,121.59498596191406,55.159542083740234,94.92645263671875,267.4463195800781,26.17582893371582,133.4613800048828,383.8734130859375,93.12091064453125,197.5800018310547,30.920000076293945,61.22999954223633,45.217613220214844,96.64710235595703,4002.8701171875,3.6059999465942383,21.3799991607666
2023-03-22,155.576171875,89.39307403564453,98.69999694824219,20.055225372314453,183.44000244140625,102.52266693115234,89.42073059082031,138.1392059326172,74.43418884277344,118.45613861083984,54.912635803222656,95.47923278808594,265.9908142089844,26.44458770751953,133.3780059814453,377.3298034667969,94.36253356933594,191.14999389648438,29.520000457763672,61.61000061035156,44.92779541015625,94.43497467041016,3936.969970703125,3.5,22.260000228881836
2023-03-23,156.66043090820312,89.60813903808594,98.70999908447266,20.002700805664062,185.74000549316406,104.73436737060547,89.9340591430664,138.21237182617188,74.188232421875,118.13946533203125,54.793758392333984,95.751220703125,271.23663330078125,27.166950225830078,133.1927490234375,378.349853515625,94.36253356933594,192.22000122070312,28.719999313354492,60.9900016784668,45.29167938232422,93.36956024169922,3948.719970703125,3.4059998989105225,22.610000610351562
2023-03-24,157.96157836914062,89.76050567626953,98.12999725341797,20.0989933013916,183.64999389648438,104.57569885253906,89.96109771728516,139.60244750976562,73.9832534790039,116.34185791015625,55.689918518066406,96.049560546875,274.07928466796875,26.755313873291016,135.9067840576172,380.8326416015625,94.76162719726562,190.41000366210938,29.31999969482422,60.959999084472656,45.661991119384766,93.47789764404297,3970.989990234375,3.380000114440918,21.739999771118164
2023-03-27,156.01971435546875,88.79263305664062,98.04000091552734,20.475414276123047,181.9499969482422,101.6201171875,88.85335540771484,140.19691467285156,73.86847686767578,119.6762924194336,56.10142135620117,94.90013122558594,269.9862365722656,26.507535934448242,135.1935272216797,381.544677734375,92.53559875488281,191.80999755859375,28.280000686645508,64.1500015258789,46.4251823425293,95.52749633789062,3977.530029296875,3.5280001163482666,20.600000381469727
2023-03-28,155.3987274169922,88.65821838378906,97.23999786376953,20.571706771850586,183.44000244140625,100.20183563232422,88.79933166503906,138.84341430664062,73.85210418701172,120.03954315185547,56.165435791015625,94.7422103881836,268.86279296875,26.386640548706055,135.57330322265625,380.6882019042969,92.7041015625,189.19000244140625,27.31999969482422,64.55000305175781,46.244850158691406,96.71932220458984,3971.27001953125,3.563999891281128,19.969999313354492
2023-03-29,158.4741973876953,88.7657241821289,100.25,20.440399169921875,182.52999877929688,100.55888366699219,88.64624786376953,140.2060546875,74.72112274169922,120.28168487548828,56.56779098510742,95.18091583251953,274.02069091796875,26.96013641357422,135.99014282226562,386.2214660644531,92.51786804199219,193.8800048828125,27.600000381469727,64.1500015258789,46.44449234008789,98.38068389892578,4027.81005859375,3.565999984741211,19.1200008392334
2023-03-30,160.0414581298828,88.86433410644531,102.0,20.589214324951172,184.17999267578125,100.06298065185547,88.78130340576172,140.31578063964844,75.2130355834961,119.91844940185547,56.55864715576172,95.31253051757812,277.478759765625,27.35877799987793,136.5829620361328,388.48291015625,92.94352722167969,195.27999877929688,26.719999313354492,65.31999969482422,46.908203125,98.85922241210938,4050.830078125,3.5510001182556152,19.020000457763672
2023-03-31,162.54518127441406,89.29450225830078,103.29000091552734,20.781801223754883,183.22000122070312,102.87969970703125,89.26763916015625,141.75160217285156,76.09848022460938,121.37142181396484,56.723243713378906,96.17237091064453,281.6304016113281,27.752429962158203,137.7316131591797,393.9584655761719,94.33592224121094,207.4600067138672,27.760000228881836,66.44000244140625,47.48139572143555,99.01271057128906,4109.31005859375,3.49399995803833,18.700000762939453
2023-04-03,163.7970428466797,89.68263244628906,102.41000366210938,21.12320327758789,184.5399932861328,103.5045394897461,89.68814086914062,143.44345092773438,76.035888671875,121.23172760009766,57.06159210205078,96.75325775146484,280.5852355957031,27.940263748168945,138.49114990234375,395.45965576171875,94.77959442138672,194.77000427246094,26.84000015258789,70.2699966430664,47.88069152832031,104.85453033447266,4124.509765625,3.430000066757202,18.549999237060547
2023-04-04,163.2647705078125,90.01502990722656,103.94999694824219,21.096940994262695,187.97999572753906,103.86157989501953,90.26566314697266,144.94329833984375,75.77224731445312,119.61109161376953,56.887847900390625,96.8764877319336,280.53631591796875,27.4287166595459,139.15811157226562,393.2655944824219,95.25083923339844,192.5800018310547,26.440000534057617,70.2699966430664,47.41054916381836,103.852294921875,4100.60009765625,3.3369998931884766,19.0
2023-04-05,161.42144775390625,90.32051086425781,101.0999984741211,21.17572784423828,187.8300018310547,103.61363983154297,90.6446762084961,151.45474243164062,75.34379577636719,119.78943634033203,57.42737579345703,97.1933364868164,277.7620544433594,26.85722541809082,140.1121826171875,392.2358703613281,96.24662780761719,185.52000427246094,27.15999984741211,70.23999786376953,48.196266174316406,105.63101959228516,4090.3798828125,3.2869999408721924,19.079999923706055
2023-04-06,162.30862426757812,90.23963928222656,102.05999755859375,21.114450454711914,186.49000549316406,107.53125,90.67174530029297,151.03402709960938,75.70632934570312,119.65802764892578,57.463951110839844,97.1053237915039,284.8540954589844,27.013084411621094,141.0014190673828,393.7660217285156,96.49559020996094,185.05999755859375,25.639999389648438,70.26000213623047,48.56014633178711,103.87938690185547,4105.02001953125,3.2880001068115234,18.399999618530273
2023-04-10,159.71615600585938,89.61973571777344,102.16999816894531,21.114450454711914,185.11000061035156,105.56748962402344,89.77835845947266,150.27499389648438,75.55802917480469,120.05227661132812,57.3267822265625,96.65644073486328,282.6951904296875,27.55460548400879,139.8343048095703,394.170166015625,94.93960571289062,184.50999450683594,27.399999618530273,69.76000213623047,48.46675491333008,103.41889190673828,4109.10986328125,3.4149999618530273,18.969999313354492
2023-04-11,158.50376892089844,89.67363739013672,99.91999816894531,21.22825050354004,186.27999877929688,104.48640441894531,89.74227142333984,150.229248046875,75.77224731445312,120.64366149902344,57.2261962890625,96.63005065917969,276.2869567871094,27.144969940185547,139.556396484375,394.2759704589844,95.13525390625,186.7899932861328,28.239999771118164,71.06999969482422,48.325077056884766,104.1502456665039,4108.93994140625,3.434000015258789,19.100000381469727
2023-04-12,157.8137664794922,89.78144073486328,97.83000183105469,21.394575119018555,187.19000244140625,103.78223419189453,90.00396728515625,149.90914916992188,75.7228012084961,120.6249008178711,57.3267822265625,96.42762756347656,276.9317321777344,26.471567153930664,139.93621826171875,392.66888427734375,95.03742980957031,180.5399932861328,26.600000381469727,72.43000030517578,48.09000778198242,104.04190063476562,4091.949951171875,3.4210000038146973,19.09000015258789
2023-04-13,163.19577026367188,89.74549865722656,102.4000015258789,21.394575119018555,189.72000122070312,106.54936981201172,89.7061996459961,151.91197204589844,76.29952239990234,121.08486938476562,57.747432708740234,96.5948257446289,283.1347961425781,26.439594268798828,140.58460998535156,397.8846435546875,94.29057312011719,185.89999389648438,25.639999389648438,71.80000305175781,48.1383056640625,104.52947235107422,4146.22021484375,3.4519999027252197,17.799999237060547
2023-04-14,162.85076904296875,89.3052749633789,102.51000213623047,21.420835494995117,186.36000061035156,107.9775619506836,89.26402282714844,151.66506958007812,76.11003112792969,130.22793579101562,57.655982971191406,96.27798461914062,279.5204162597656,26.734333038330078,139.8713836669922,396.9127197265625,93.42813110351562,185.0,26.760000228881836,72.08999633789062,47.81306457519531,104.78228759765625,4137.64013671875,3.5220000743865967,17.06999969482422
2023-04-17,162.87046813964844,88.85604858398438,102.73999786376953,21.333297729492188,185.52999877929688,105.1013412475586,88.69550323486328,151.5095977783203,75.90404510498047,131.26052856445312,58.030906677246094,95.67070007324219,282.1188659667969,26.97811508178711,139.9176788330078,398.3369140625,92.31675720214844,187.0399932861328,28.520000457763672,70.83999633789062,48.14796829223633,103.56336212158203,4151.31982421875,3.5910000801086426,16.950000762939453
2023-04-18,164.09280395507812,88.98182678222656,102.30000305175781,21.37706756591797,186.25,103.64337921142578,88.83990478515625,147.24789428710938,75.98643493652344,132.73431396484375,58.122352600097656,95.98754119873047,281.6988220214844,27.642526626586914,140.06588745117188,398.59674072265625,92.64571380615234,184.30999755859375,29.399999618530273,70.7300033569336,48.254234313964844,105.58587646484375,4154.8701171875,3.572000026702881,16.829999923706055
2023-04-19,165.23619079589844,88.8470458984375,104.30000305175781,21.07943344116211,185.36000061035156,103.32601928710938,88.65040588378906,148.63796997070312,75.70632934570312,132.56533813476562,58.23208999633789,95.51225280761719,281.7769470214844,27.90629768371582,140.09368896484375,398.52935791015625,92.55681610107422,180.58999633789062,27.959999084472656,69.30000305175781,48.305755615234375,105.25179290771484,4154.52001953125,3.6019999980926514,16.459999084472656
2023-04-20,164.2701873779297,89.2513427734375,103.80999755859375,20.89560317993164,186.08999633789062,104.4269027709961,89.16477966308594,149.59823608398438,75.6568832397461,132.18048095703125,58.48813247680664,95.87313842773438,279.49102783203125,27.080026626586914,140.6072540283203,396.3545837402344,93.34811401367188,162.99000549316406,28.079999923706055,67.5999984741211,48.61489486694336,104.41210174560547,4129.7900390625,3.5450000762939453,17.170000076293945
2023-04-21,162.66346740722656,89.09861755371094,106.95999908447266,20.851831436157227,184.25,104.5459213256836,88.94817352294922,148.7843017578125,75.86285400390625,131.92703247070312,58.570430755615234,95.93476104736328,279.1492004394531,27.095012664794922,145.47279357910156,396.6624755859375,92.82353210449219,165.0800018310547,28.0,68.20999908447266,48.85962677001953,104.74617767333984,4133.52001953125,3.569999933242798,16.770000457763672
2023-04-24,162.9690704345703,89.44902038574219,106.20999908447266,21.018156051635742,184.80999755859375,105.1013412475586,89.3813247680664,149.68968200683594,76.08528900146484,132.10537719726562,58.4789924621582,96.35722351074219,275.25146484375,27.018081665039062,145.7338104248047,397.0762939453125,93.7215576171875,162.5500030517578,28.760000228881836,69.25,49.19129943847656,106.7235336303711,4137.0400390625,3.515000104904175,16.889999389648438
2023-04-25,161.4313201904297,90.00605773925781,102.56999969482422,20.720523834228516,185.75,102.99872589111328,90.26566314697266,151.06146240234375,75.94525909423828,129.23291015625,58.38753890991211,96.77965545654297,269.0484619140625,26.21779441833496,145.77108764648438,390.773193359375,95.09969329833984,160.6699981689453,28.0,67.62000274658203,48.808109283447266,105.20665740966797,4071.6298828125,3.3959999084472656,18.760000228881836
2023-04-26,161.42144775390625,89.67363739013672,104.9800033569336,20.40538215637207,184.74000549316406,102.85986328125,89.91373443603516,148.72027587890625,75.64866638183594,126.94245147705078,58.11321258544922,96.35722351074219,288.5368957519531,26.93215560913086,144.08399963378906,389.11798095703125,94.08609008789062,153.75,27.040000915527344,65.36000061035156,48.5955696105957,104.24055480957031,4055.989990234375,3.431999921798706,18.84000015258789
2023-04-27,166.0050506591797,89.3501968383789,109.81999969482422,20.431644439697266,184.75,106.70806121826172,89.32716369628906,149.06781005859375,75.90404510498047,128.6509246826172,58.23208999633789,96.0051498413086,297.77801513671875,27.20191764831543,145.84564208984375,396.8645935058594,93.15251159667969,160.19000244140625,27.520000457763672,65.80999755859375,48.74692153930664,105.48656463623047,4135.35009765625,3.5280001163482666,17.030000686645508
2023-04-28,167.25692749023438,89.80838012695312,105.44999694824219,20.624229431152344,184.8000030517578,106.46009826660156,89.99494934082031,149.70797729492188,76.20065307617188,129.76800537109375,58.6618766784668,96.75325775146484,300.1518249511719,27.724458694458008,145.76173400878906,400.251953125,94.65509033203125,164.30999755859375,28.040000915527344,67.5,48.61489486694336,106.84993743896484,4169.47998046875,3.4519999027252197,15.779999732971191
2023-05-01,167.16819763183594,88.8887939453125,102.05000305175781,20.44915199279785,183.97000122070312,106.32125091552734,88.93571472167969,149.6165008544922,75.86929321289062,132.54656982421875,58.79905319213867,95.19190216064453,298.4911804199219,28.884429931640625,145.93885803222656,399.8477478027344,91.92577362060547,161.8300018310547,27.040000915527344,66.55000305175781,48.81454086303711,103.53626251220703,4167.8701171875,3.5739998817443848,16.079999923706055
2023-05-02,166.13319396972656,89.75346374511719,103.62999725341797,19.985193252563477,187.52000427246094,104.45667266845703,90.09356689453125,150.92430114746094,75.8444595336914,130.40631103515625,58.53385543823242,96.33997344970703,298.3446350097656,28.185047149658203,145.80836486816406,395.3537292480469,94.21656799316406,160.30999755859375,25.959999084472656,63.04999923706055,48.68251419067383,99.40998840332031,4119.580078125,3.438999891281128,17.780000686645508
2023-05-03,165.05877685546875,90.1497573852539,103.6500015258789,19.73133087158203,189.11000061035156,104.5459213256836,90.68151092529297,148.9488983154297,75.75333404541016,127.64649200439453,58.20466232299805,96.49893188476562,297.3579406738281,27.777408599853516,145.62193298339844,392.6401062011719,94.74246215820312,160.61000061035156,25.239999771118164,60.310001373291016,48.5021858215332,97.45069122314453,4090.75,3.4030001163482666,18.34000015258789
2023-05-04,163.42245483398438,90.04168701171875,104.0,19.810115814208984,190.44000244140625,103.83184051513672,90.66341400146484,148.27215576171875,75.52967071533203,125.90048217773438,58.26866912841797,96.2339859008789,298.3446350097656,27.537622451782227,144.9508514404297,389.8590087890625,93.80654907226562,161.1999969482422,24.440000534057617,60.70000076293945,48.63794708251953,95.74420166015625,4061.219970703125,3.3510000705718994,20.09000015258789
2023-05-05,171.0913848876953,89.75346374511719,105.66000366210938,20.25656509399414,187.4600067138672,104.7046127319336,90.1749496459961,148.77516174316406,75.91901397705078,128.3599395751953,58.542999267578125,95.854248046875,303.46337890625,28.654630661010742,145.4355010986328,397.0762939453125,93.49458312988281,170.05999755859375,24.68000030517578,63.029998779296875,49.05815505981445,98.12786865234375,4136.25,3.446000099182129,17.190000534057617
2023-05-08,171.0223846435547,89.2580795288086,105.83000183105469,20.35285758972168,187.69000244140625,106.88658142089844,89.62317657470703,148.436767578125,75.7698974609375,128.66969299316406,58.45155334472656,95.1654052734375,301.5096740722656,29.12521743774414,144.75511169433594,397.1820983886719,92.18425750732422,171.7899932861328,26.1200008392334,64.26000213623047,49.36524200439453,98.51611328125,4138.1201171875,3.5209999084472656,16.979999542236328
2023-05-09,169.31707763671875,89.177001953125,106.62000274658203,20.414134979248047,189.02000427246094,106.47002410888672,89.5146255493164,147.2844696044922,75.587646484375,128.05014038085938,57.96689224243164,95.13007354736328,299.8977966308594,28.54572868347168,143.27308654785156,395.4403991699219,91.85448455810547,169.14999389648438,26.520000457763672,64.87000274658203,49.449283599853516,98.54319763183594,4119.169921875,3.5209999084472656,17.709999084472656
2023-05-10,171.08151245117188,89.75346374511719,110.19000244140625,20.35285758972168,188.75,110.83396911621094,90.18402099609375,147.8331756591797,76.03498840332031,128.1157989501953,58.06748580932617,95.8807601928711,305.08502197265625,28.859453201293945,143.57131958007812,397.2880554199219,92.74583435058594,168.5399932861328,25.600000381469727,64.38999938964844,49.31028366088867,97.27912902832031,4137.64013671875,3.438999891281128,16.940000534057617
2023-05-11,171.26882934570312,90.0236587524414,112.18000030517578,20.002700805664062,187.1300048828125,115.61444091796875,90.51868438720703,147.2296142578125,75.92729187011719,127.71219635009766,58.39669418334961,96.25164031982422,302.93585205078125,28.552722930908203,143.90687561035156,396.59515380859375,93.72631072998047,172.0800018310547,25.559999465942383,63.25,49.49453353881836,95.51847076416016,4130.6201171875,3.3970000743865967,16.93000030517578
2023-05-12,170.3409423828125,89.51925659179688,110.26000213623047,19.84513282775879,186.80999755859375,116.54673767089844,89.97596740722656,147.03753662109375,75.6456298828125,125.88168334960938,58.62529754638672,95.6599349975586,301.8222351074219,28.314931869506836,145.37026977539062,396.07550048828125,92.94193267822266,167.97999572753906,26.559999465942383,62.06999969482422,49.47837829589844,95.50942993164062,4124.080078125,3.4630000591278076,17.030000686645508
2023-05-15,169.847412109375,89.29409790039062,111.19999694824219,20.072734832763672,187.2100067138672,115.55493927001953,89.7769775390625,145.9126739501953,75.66222381591797,126.94245147705078,58.469852447509766,95.14774322509766,302.3008728027344,28.927392959594727,145.41690063476562,397.4420166015625,91.97925567626953,166.35000610351562,27.760000228881836,62.9900016784668,49.093711853027344,95.69157409667969,4136.27978515625,3.507999897003174,17.1200008392334
2023-05-16,169.847412109375,89.08695220947266,113.4000015258789,19.853885650634766,184.8699951171875,118.53034973144531,89.48748779296875,145.7206268310547,75.12377166748047,126.08821868896484,57.81144332885742,94.67086791992188,304.5281982421875,29.187158584594727,145.16522216796875,394.7860107421875,91.70294189453125,166.52000427246094,27.440000534057617,62.540000915527344,48.4149055480957,93.36918640136719,4109.89990234375,3.5490000247955322,17.989999771118164
2023-05-17,170.4594268798828,88.95183563232422,115.5,20.090242385864258,184.22999572753906,119.84944152832031,89.19803619384766,145.4005584716797,75.29773712158203,129.96510314941406,57.747432708740234,94.66202545166016,307.4064636230469,30.15130615234375,144.55001831054688,399.5782775878906,91.43555450439453,173.86000061035156,27.600000381469727,64.5999984741211,48.3341064453125,95.46389770507812,4158.77001953125,3.5810000896453857,16.8700008392334
2023-05-18,172.7889404296875,88.53752136230469,118.1500015258789,19.906410217285156,181.83999633789062,121.82315063476562,88.64627838134766,144.9341583251953,75.33086395263672,130.95074462890625,57.42737579345703,94.26463317871094,311.8314514160156,31.649982452392578,142.17320251464844,403.4275207519531,90.75808715820312,176.88999938964844,29.920000076293945,64.04000091552734,48.9611930847168,96.3291015625,4198.0498046875,3.6480000019073486,16.049999237060547
2023-05-19,172.8975067138672,88.33937072753906,116.25,19.880146026611328,183.63999938964844,121.75370788574219,88.31156921386719,145.327392578125,75.37226867675781,130.6503448486328,57.454811096191406,94.14982604980469,311.6553649902344,31.236345291137695,142.7696990966797,402.8404846191406,90.11631774902344,180.13999938964844,29.84000015258789,63.900001525878906,48.456932067871094,96.77536010742188,4191.97998046875,3.691999912261963,16.809999465942383
2023-05-22,171.94989013671875,88.25830841064453,115.01000213623047,19.897653579711914,183.2100067138672,124.0249252319336,88.14876556396484,144.54417419433594,75.70362091064453,129.57086181640625,56.24773406982422,94.114501953125,314.4356384277344,31.148426055908203,139.03199768066406,403.0041198730469,89.79541778564453,188.8699951171875,28.0,63.90999984741211,48.03025436401367,95.60050201416016,4192.6298828125,3.7190001010894775,17.209999084472656
2023-05-23,169.343994140625,88.35737609863281,114.98999786376953,19.9764404296875,183.42999267578125,121.55532836914062,88.29348754882812,144.4888916015625,75.33086395263672,128.21908569335938,56.14714813232422,94.30878448486328,308.63995361328125,30.660856246948242,137.5313262939453,398.48126220703125,90.05392456054688,185.77000427246094,27.520000457763672,64.87000274658203,47.93975067138672,96.90287017822266,4145.580078125,3.697999954223633,18.530000686645508
2023-05-24,169.62034606933594,88.13217163085938,116.75,19.985193252563477,181.9499969482422,119.90895080566406,88.06737518310547,144.35064697265625,74.80071258544922,127.04572296142578,55.671630859375,93.9378890991211,307.2595520019531,30.510990142822266,136.39418029785156,395.5943298339844,89.60824584960938,182.89999389648438,28.239999771118164,65.66000366210938,47.719940185546875,97.98664855957031,4115.240234375,3.7190001010894775,20.030000686645508
2023-05-25,170.75552368164062,87.8079833984375,115.0,19.67005157470703,180.1999969482422,122.46781158447266,87.51557159423828,142.2774658203125,74.72618103027344,127.35546112060547,55.24184799194336,93.62875366210938,319.076171875,37.94640350341797,135.51800537109375,399.0201721191406,89.38540649414062,184.47000122070312,27.040000915527344,64.08999633789062,47.244781494140625,96.22893524169922,4151.27978515625,3.813999891281128,19.139999389648438
2023-05-26,173.16400146484375,87.88002014160156,120.11000061035156,19.985193252563477,180.9199981689453,123.58854675292969,87.67838287353516,142.22219848632812,75.19832611083984,128.5476837158203,55.10466766357422,94.02619171142578,325.8997802734375,38.911556243896484,135.5272979736328,404.187744140625,90.1073989868164,193.1699981689453,26.559999465942383,64.80000305175781,47.328826904296875,95.60050201416016,4205.4501953125,3.809999942779541,17.950000762939453
2023-05-30,175.0098419189453,88.4654541015625,121.66000366210938,19.521236419677734,182.0399932861328,122.65624237060547,88.36585235595703,142.2406005859375,75.51309967041016,129.0357666015625,54.665733337402344,94.73268127441406,324.25506591796875,40.075523376464844,133.4580078125,404.3417053222656,91.00768280029297,201.16000366210938,25.31999969482422,62.29999923706055,47.21245574951172,94.7535171508789,4205.52001953125,3.700000047683716,17.459999084472656
2023-05-31,174.9604949951172,88.78070068359375,120.58000183105469,19.30238914489746,182.32000732421875,121.8628158569336,88.70053100585938,142.87640380859375,75.24801635742188,127.3930435180664,54.555999755859375,95.04178619384766,321.4942321777344,37.800533294677734,132.82423400878906,402.09954833984375,91.80097961425781,203.92999267578125,24.799999237060547,60.630001068115234,47.47428894042969,93.0595474243164,4179.830078125,3.63700008392334,17.940000534057617
2023-06-01,177.76380920410156,89.0498275756836,122.7699966430664,19.617528915405273,183.75999450683594,122.70584106445312,88.9471435546875,142.39723205566406,75.75125122070312,129.14840698242188,54.86691665649414,95.33326721191406,325.59625244140625,39.73482131958008,134.18508911132812,405.919921875,92.16117095947266,207.52000427246094,23.760000228881836,62.54999923706055,47.648834228515625,94.13421630859375,4221.02001953125,3.6080000400543213,15.649999618530273
2023-06-02,178.61268615722656,88.5802230834961,124.25,19.87139320373535,181.0500030517578,123.6480484008789,88.23992156982422,144.63632202148438,76.134521484375,131.86131286621094,55.92768096923828,95.07633209228516,328.3570556640625,39.29220962524414,136.57127380371094,411.78997802734375,91.15125274658203,213.97000122070312,23.920000076293945,64.1500015258789,48.1046028137207,96.31999206542969,4282.3701171875,3.690999984741211,14.600000381469727
2023-06-05,177.2603759765625,88.57119750976562,125.30000305175781,19.81886863708496,182.13999938964844,124.9770736694336,88.21273040771484,145.88027954101562,76.0428695678711,130.56588745117188,55.55275344848633,94.87254333496094,328.88568115234375,39.13636016845703,136.0306396484375,411.00091552734375,90.9814453125,217.61000061035156,24.719999313354492,64.02999877929688,48.4213752746582,95.8919448852539,4273.7900390625,3.693000078201294,14.729999542236328
2023-06-06,176.89517211914062,88.6795654296875,126.61000061035156,19.84513282775879,182.33999633789062,126.26641082763672,88.26712036132812,145.75123596191406,76.20951080322266,130.80055236816406,55.150394439697266,95.0586166381836,326.6731872558594,38.61981201171875,134.67910766601562,411.89581298828125,91.5176773071289,221.30999755859375,24.84000015258789,63.790000915527344,48.4149055480957,96.67517852783203,4283.85009765625,3.6989998817443848,13.960000038146973
2023-06-07,175.5231475830078,88.2099838256836,121.2300033569336,19.923917770385742,180.14999389648438,121.49583435058594,87.62335205078125,146.0645294189453,75.81792449951172,132.0678253173828,55.06809616088867,94.20806121826172,316.5894470214844,37.44572067260742,134.9680633544922,410.4715576171875,90.1592025756836,224.57000732421875,25.559999465942383,64.70999908447266,48.48602294921875,98.8427505493164,4267.52001953125,3.7839999198913574,13.9399995803833
2023-06-08,178.23760986328125,88.6795654296875,124.25,19.95893096923828,182.52999877929688,121.13880157470703,88.21273040771484,147.66783142089844,76.3094711303711,132.10537719726562,55.205265045166016,94.83709716796875,318.4300231933594,38.479923248291016,136.4967041015625,412.9543762207031,91.21379852294922,234.86000061035156,25.68000030517578,63.459999084472656,49.18745422363281,98.5331039428711,4293.93017578125,3.7139999866485596,13.649999618530273
2023-06-09,178.62257385253906,88.47187805175781,123.43000030517578,19.836376190185547,182.0399932861328,121.2280502319336,87.89539337158203,147.4374542236328,76.31780242919922,132.3682098388672,55.296714782714844,94.58904266357422,319.9278869628906,38.739715576171875,136.60855102539062,413.6953125,91.08869171142578,244.39999389648438,24.8799991607666,62.93000030517578,49.484840393066406,97.80451965332031,4298.85986328125,3.744999885559082,13.829999923706055
2023-06-12,181.416015625,88.6253890991211,126.56999969482422,19.56500816345215,181.8800048828125,122.62649536132812,88.04043579101562,147.33609008789062,76.2678451538086,132.3588409423828,55.0589485168457,94.89026641845703,324.8816223144531,39.45116424560547,135.53663635253906,417.4483337402344,91.35680389404297,249.8300018310547,24.959999084472656,60.2400016784668,49.81131362915039,96.92108154296875,4338.93017578125,3.765000104904175,15.010000228881836
2023-06-13,180.94223022460938,88.2099838256836,126.66000366210938,19.82762336730957,180.5399932861328,122.81494140625,87.41483306884766,148.11012268066406,76.3761215209961,133.3163299560547,55.278419494628906,94.46498107910156,327.2703552246094,40.98996353149414,135.21038818359375,420.20050048828125,90.45411682128906,258.7099914550781,25.68000030517578,62.13999938964844,50.19919967651367,96.9393081665039,4369.009765625,3.8389999866485596,14.609999656677246
2023-06-14,181.5739288330078,88.29127502441406,126.41999816894531,19.87139320373535,180.63999938964844,122.65624237060547,87.53271484375,148.86566162109375,76.43445587158203,132.8188018798828,55.65333938598633,94.75738525390625,330.25628662109375,42.96342086791992,136.47804260253906,420.7008972167969,91.17806243896484,256.7900085449219,25.799999237060547,61.83000183105469,50.70669174194336,95.7735595703125,4372.58984375,3.7960000038146973,13.880000114440918
2023-06-15,183.6073455810547,88.90530395507812,127.11000061035156,20.291580200195312,181.91000366210938,124.06460571289062,88.21273040771484,150.86514282226562,76.78439331054688,134.32073974609375,56.41811752319336,95.58133697509766,340.7904052734375,42.61968994140625,138.37020874023438,425.9166259765625,92.05392456054688,255.89999389648438,28.079999923706055,63.40999984741211,50.98466873168945,96.43840789794922,4425.83984375,3.7279999256134033,14.5
2023-06-16,182.5314178466797,88.6253890991211,125.48999786376953,20.54544448852539,181.6300048828125,122.51739501953125,87.83191680908203,151.32586669921875,76.57611083984375,134.4803466796875,56.82353591918945,95.41300964355469,335.14154052734375,42.658653259277344,139.3861846923828,424.4658203125,91.6964340209961,260.5400085449219,28.760000228881836,64.3499984741211,50.27354049682617,95.74622344970703,4409.58984375,3.7690000534057617,13.539999961853027
2023-06-20,182.62026977539062,88.78791809082031,125.77999877929688,20.36161231994629,179.75,122.09091186523438,88.09486389160156,151.2337188720703,76.3761215209961,133.79507446289062,56.44575500488281,95.758544921875,330.951416015625,43.77378845214844,138.09991455078125,422.2636413574219,92.3309555053711,274.45001220703125,27.399999618530273,63.91999816894531,49.83070373535156,93.55134582519531,4388.7099609375,3.7290000915527344,13.880000114440918
2023-06-21,181.5838623046875,88.93241119384766,124.83000183105469,20.65924644470215,179.49000549316406,119.56182098388672,88.17646026611328,151.00338745117188,76.19284057617188,133.59793090820312,56.60239791870117,95.65220642089844,326.5556945800781,43.01137924194336,139.29299926757812,420.1001281738281,92.55438995361328,259.4599914550781,28.559999465942383,65.04000091552734,49.927677154541016,94.59870910644531,4365.68994140625,3.7230000495910645,13.199999809265137
2023-06-22,184.5845489501953,88.47187805175781,130.14999389648438,20.27407455444336,177.7100067138672,122.14051055908203,87.67778778076172,152.60665893554688,75.96788787841797,131.02586364746094,56.98939514160156,95.15607452392578,332.5765380859375,42.991397857666016,139.76837158203125,421.6166076660156,91.43724822998047,264.6099853515625,28.68000030517578,62.52000045776367,50.344661712646484,94.07958221435547,4381.89013671875,3.7990000247955322,12.90999984741211
2023-06-23,184.2686767578125,88.73375701904297,129.3300018310547,20.055225372314453,178.1999969482422,121.33714294433594,88.04043579101562,152.4776611328125,75.7345962524414,130.34060668945312,56.390472412109375,95.42185974121094,327.98504638671875,42.176025390625,138.37954711914062,418.4290771484375,92.34886169433594,256.6000061035156,30.200000762939453,62.41999816894531,50.25091552734375,93.2599105834961,4348.330078125,3.739000082015991,13.4399995803833
2023-06-26,182.8769073486328,88.84209442138672,127.33000183105469,20.08148765563965,178.50999450683594,117.36993408203125,88.25806427001953,150.7730255126953,75.87625122070312,130.65975952148438,56.408905029296875,95.52818298339844,321.69989013671875,40.60026550292969,138.5193634033203,416.7194519042969,92.4471664428711,241.0500030517578,30.799999237060547,62.72999954223633,50.11838150024414,94.98119354248047,4328.81982421875,3.7190001010894775,14.25
2023-06-27,185.630859375,88.67051696777344,129.17999267578125,19.757591247558594,177.69000244140625,117.36002349853516,87.94978332519531,150.45973205566406,76.10118865966797,130.6691436767578,56.28912353515625,95.42185974121094,327.5444641113281,41.843284606933594,139.8336181640625,421.28814697265625,92.20584106445312,250.2100067138672,29.8799991607666,61.29999923706055,49.937374114990234,95.21800231933594,4378.41015625,3.7679998874664307,13.739999771118164
2023-06-28,186.8054962158203,88.93241119384766,129.0399932861328,19.69631576538086,177.27999877929688,119.19485473632812,88.30337524414062,150.15565490722656,76.54276275634766,130.09652709960938,55.763912200927734,95.83827209472656,328.797607421875,41.08488845825195,139.80564880371094,421.5006408691406,92.59907531738281,256.239990234375,28.360000610351562,62.52000045776367,50.208892822265625,95.99211883544922,4376.85986328125,3.7100000381469727,13.430000305175781
2023-06-29,187.1410675048828,88.24610900878906,127.9000015258789,19.705068588256836,177.08999633789062,118.12371063232422,87.39671325683594,151.2060546875,76.34281158447266,134.63990783691406,55.30320739746094,95.11177825927734,328.01446533203125,40.79011154174805,139.23707580566406,423.1618957519531,90.92781829833984,257.5,28.719999313354492,62.959999084472656,49.86949157714844,97.17609405517578,4396.43994140625,3.8540000915527344,13.539999961853027
2023-06-30,191.4645538330078,88.45380401611328,130.36000061035156,19.87139320373535,178.27000427246094,118.71878814697266,87.58710479736328,152.5145263671875,76.67607879638672,136.52674865722656,55.487491607666016,95.81173706054688,333.3891296386719,42.26895523071289,141.4368133544922,428.155517578125,92.00028991699219,261.7699890136719,29.68000030517578,63.54999923706055,50.80689239501953,97.67699432373047,4450.3798828125,3.819000005722046,13.59000015258789
2023-07-03,189.9740447998047,88.34965515136719,130.22000122070312,19.87139320373535,178.47000122070312,118.91716003417969,87.20720672607422,150.5150146484375,76.62916564941406,137.62503051757812,55.81919479370117,95.54327392578125,330.8927001953125,42.37986755371094,142.14523315429688,428.64813232421875,91.4787368774414,279.82000732421875,28.959999084472656,63.38999938964844,51.13658905029297,97.86825561523438,4455.58984375,3.8580000400543213,13.569999694824219
2023-07-05,188.85862731933594,87.95130920410156,130.3800048828125,19.993947982788086,177.83999633789062,120.75196838378906,86.78911590576172,150.01744079589844,76.36947631835938,136.7082061767578,56.23383712768555,94.85884094238281,331.0492858886719,42.28395080566406,141.9028778076172,428.01068115234375,90.60945892333984,282.4800109863281,28.440000534057617,64.62999725341797,51.10750198364258,97.36734771728516,4446.81982421875,3.944999933242798,14.180000305175781
2023-07-06,189.33241271972656,87.38089752197266,128.36000061035156,19.950180053710938,177.30999755859375,119.12544250488281,86.0801773071289,148.90252685546875,75.82500457763672,135.35662841796875,55.8007698059082,93.89888000488281,334.1037292480469,42.07011413574219,141.6698455810547,424.6590270996094,89.32797241210938,276.5400085449219,28.15999984741211,64.44000244140625,50.784263610839844,93.73348999023438,4411.58984375,4.040999889373779,15.4399995803833
2023-07-07,188.21701049804688,87.39898681640625,129.77999877929688,20.11650276184082,178.63999938964844,118.5005874633789,85.9710922241211,146.73716735839844,75.88362121582031,136.4246826171875,55.06364059448242,93.81000518798828,330.13885498046875,42.46980667114258,138.69644165039062,423.58685302734375,88.79029846191406,274.42999267578125,27.440000534057617,65.8499984741211,49.614131927490234,93.95207214355469,4398.9501953125,4.050000190734863,14.829999923706055
2023-07-10,186.17376708984375,87.64347076416016,127.12999725341797,20.1602725982666,178.77999877929688,115.49542999267578,86.41647338867188,146.9767303466797,76.23546600341797,137.19024658203125,54.649009704589844,94.29886627197266,324.862060546875,42.147056579589844,138.75241088867188,424.6590270996094,88.90680694580078,269.6099853515625,28.440000534057617,65.54000091552734,50.06343078613281,95.34549713134766,4409.52978515625,4.00600004196167,15.069999694824219
2023-07-11,185.65061950683594,87.83360290527344,128.77999877929688,20.39662742614746,179.4499969482422,116.1797866821289,86.59825134277344,146.16590881347656,76.62916564941406,139.33575439453125,54.84250259399414,94.74330139160156,325.48858642578125,42.37187576293945,138.0253448486328,427.3634948730469,89.36383056640625,269.7900085449219,29.200000762939453,67.02999877929688,49.98908996582031,96.51124572753906,4439.259765625,3.9800000190734863,14.84000015258789
2023-07-12,187.3187713623047,88.54888153076172,130.8000030517578,20.54544448852539,181.8800048828125,117.95510864257812,87.4435043334961,145.6591339111328,77.25740814208984,140.0256805419922,55.13734436035156,95.5788345336914,330.1192321777344,43.867706298828125,138.7430419921875,430.802001953125,90.3585433959961,271.989990234375,28.31999969482422,67.87000274658203,50.11515426635742,96.98482513427734,4472.16015625,3.8610000610351562,13.539999961853027
2023-07-13,188.07882690429688,89.10115814208984,134.3000030517578,20.834321975708008,182.00999450683594,123.51911926269531,88.17060089111328,146.33175659179688,77.72650909423828,140.70623779296875,55.60727310180664,96.25435638427734,335.46466064453125,45.94108963012695,138.83627319335938,434.2212219238281,91.30846405029297,277.8999938964844,27.280000686645508,69.08999633789062,49.82100296020508,95.2088851928711,4510.0400390625,3.760999917984009,13.609999656677246
2023-07-14,188.2268829345703,88.67564392089844,134.67999267578125,20.69426155090332,181.42999267578125,124.39190673828125,87.7343521118164,147.3084259033203,77.1820297241211,141.55690002441406,56.114051818847656,95.50772094726562,337.9903869628906,45.43348693847656,139.86158752441406,433.9508361816406,90.77079010009766,281.3800048828125,27.15999984741211,67.47000122070312,49.99232864379883,91.93022155761719,4505.419921875,3.819000005722046,13.34000015258789
2023-07-17,191.48426818847656,88.77521514892578,133.55999755859375,20.527936935424805,181.55999755859375,123.62821960449219,87.87976837158203,146.5712890625,77.33277130126953,144.96893310546875,56.031124114990234,95.66771697998047,338.4701843261719,46.42470169067383,138.87356567382812,435.45758056640625,90.81558990478516,290.3800048828125,27.079999923706055,66.58000183105469,50.05373764038086,92.33094787597656,4522.7900390625,3.796999931335449,13.479999542236328
2023-07-18,191.2276153564453,88.84765625,132.8300018310547,20.79930877685547,183.63999938964844,122.74552154541016,87.97972106933594,146.56210327148438,77.52547454833984,145.23358154296875,55.80998229980469,95.90769958496094,351.941162109375,47.45690155029297,139.13453674316406,438.6932678222656,91.22781372070312,293.3399963378906,28.0,67.95999908447266,49.963233947753906,91.91200256347656,4554.97998046875,3.7890000343322754,13.300000190734863
2023-07-19,192.57994079589844,89.1192855834961,135.36000061035156,20.913108825683594,183.6699981689453,121.02969360351562,88.27967071533203,146.26724243164062,77.59246063232422,145.79122924804688,56.795894622802734,96.44990539550781,347.623779296875,47.04022216796875,140.08526611328125,439.6688232421875,92.25837707519531,291.260009765625,28.0,67.69000244140625,49.97939682006836,92.54953002929688,4565.72021484375,3.742000102996826,13.760000228881836
2023-07-20,190.6353759765625,88.65753936767578,129.9600067138672,20.97438621520996,182.74000549316406,118.2228775024414,87.57984161376953,155.14981079101562,77.28251647949219,147.5870361328125,57.48695755004883,95.80105590820312,339.58624267578125,45.48444366455078,141.22116088867188,436.7518615722656,91.1382064819336,262.8999938964844,29.1200008392334,68.05000305175781,50.90385818481445,94.17977142333984,4534.8701171875,3.8540000915527344,13.989999771118164
2023-07-21,189.46075439453125,88.72087097167969,130.0,21.08819007873535,182.17999267578125,119.03617095947266,87.65255737304688,156.81756591796875,77.45006561279297,146.45285034179688,57.53302001953125,95.96991729736328,336.5513000488281,44.274391174316406,143.4441375732422,436.7518615722656,91.16507720947266,260.0199890136719,29.079999923706055,68.98999786376953,51.19154357910156,94.61691284179688,4536.33984375,3.8369998931884766,13.600000381469727
2023-07-24,190.26026916503906,88.55795288085938,128.8000030517578,21.4646053314209,181.39999389648438,120.5337905883789,87.4435043334961,157.6376495361328,77.30768585205078,149.3355712890625,57.55145263671875,95.8543472290039,337.8631896972656,44.577152252197266,143.90374755859375,438.7029724121094,90.83350372314453,269.05999755859375,28.959999084472656,70.69000244140625,51.49215316772461,96.10140228271484,4554.64013671875,3.8570001125335693,13.90999984741211
2023-07-25,191.11904907226562,88.45833587646484,129.1300048828125,21.543392181396484,182.41000366210938,121.20821380615234,87.27989959716797,158.84474182128906,77.25740814208984,148.2202911376953,57.35795974731445,95.70326232910156,343.60986328125,45.64331817626953,144.24142456054688,439.9006652832031,90.66324615478516,265.2799987792969,29.360000610351562,71.16000366210938,51.450130462646484,96.24713897705078,4567.4599609375,3.9119999408721924,13.859999656677246
2023-07-26,191.9876708984375,88.7480697631836,128.14999389648438,21.438344955444336,183.3000030517578,128.21035766601562,87.57984161376953,159.14877319335938,77.6092529296875,149.1087188720703,58.095088958740234,96.14768981933594,330.6772766113281,45.4164924621582,144.3915252685547,439.9682922363281,90.75285339355469,264.3500061035156,28.8799991607666,70.66000366210938,51.63438415527344,95.70978546142578,4566.75,3.8510000705718994,13.1899995803833
2023-07-27,190.7241973876953,87.98751831054688,128.25,21.385820388793945,180.4199981689453,128.33926391601562,86.62552642822266,160.04258728027344,77.00613403320312,147.46412658691406,57.53302001953125,94.97440338134766,323.77532958984375,45.86415481567383,142.67501831054688,437.05126953125,88.98743438720703,255.7100067138672,28.0,71.43000030517578,51.446903228759766,96.01033782958984,4537.41015625,4.01200008392334,14.40999984741211
2023-07-28,193.30050659179688,88.33157348632812,132.2100067138672,21.51712989807129,181.86000061035156,131.4932098388672,86.90727233886719,160.77047729492188,77.45006561279297,148.3053436279297,57.569881439208984,95.59660339355469,331.2646484375,46.71348190307617,146.70828247070312,441.3302001953125,89.44448852539062,266.44000244140625,28.360000610351562,72.08999633789062,51.6893310546875,94.8628158569336,4582.22998046875,3.9690001010894775,13.329999923706055
2023-07-31,193.91249084472656,88.44021606445312,133.67999267578125,21.60466957092285,182.35000610351562,131.63204956054688,87.01632690429688,154.36660766601562,77.69298553466797,149.2977752685547,57.063106536865234,95.8632583618164,328.8661804199219,46.69249725341797,146.60511779785156,442.1705017089844,89.65956115722656,267.42999267578125,28.440000534057617,73.16999816894531,51.67317199707031,97.66789245605469,4588.9599609375,3.9590001106262207,13.630000114440918
2023-08-01,193.08334350585938,87.8546371459961,131.69000244140625,21.49086570739746,180.4600067138672,130.47166442871094,86.50790405273438,155.6197052001953,77.25495147705078,148.56053161621094,56.915679931640625,94.90802001953125,329.2773132324219,46.47066879272461,146.55824279785156,440.9051208496094,88.19031524658203,261.07000732421875,27.68000030517578,72.95999908447266,51.43074035644531,97.10324096679688,4576.72998046875,4.051000118255615,13.930000305175781
2023-08-02,190.09246826171875,87.64582824707031,128.2100067138672,21.16697120666504,179.60000610351562,127.32764434814453,86.33476257324219,156.55958557128906,76.95172119140625,146.8781280517578,57.09074783325195,94.32829284667969,320.6229248046875,44.23442077636719,146.8771514892578,434.7718200683594,87.24677276611328,254.11000061035156,26.68000030517578,71.4800033569336,51.46629333496094,95.8919448852539,4513.39013671875,4.078000068664551,16.09000015258789
2023-08-03,188.70069885253906,87.05574035644531,128.91000366210938,21.36831283569336,179.5399932861328,127.39706420898438,85.6969223022461,157.23220825195312,76.69056701660156,147.77606201171875,56.795894622802734,93.48096466064453,319.80059814453125,44.480228424072266,147.26171875,433.52581787109375,85.23387145996094,259.32000732421875,27.520000457763672,73.13999938964844,51.47923278808594,97.55859375,4501.89013671875,4.189000129699707,15.920000076293945
2023-08-04,179.6392822265625,87.77294158935547,139.57000732421875,21.403329849243164,180.19000244140625,127.05984497070312,86.60812377929688,155.7579345703125,77.13703155517578,147.46412658691406,55.93898010253906,94.4531478881836,320.89703369140625,44.64509582519531,145.6483917236328,431.5650939941406,86.74356079101562,253.86000061035156,27.799999237060547,73.79000091552734,51.18185043334961,97.8318099975586,4478.02978515625,4.059999942779541,17.100000381469727
2023-08-07,176.53981018066406,87.79109191894531,142.22000122070312,21.41208267211914,179.77999877929688,130.45179748535156,86.39854431152344,159.49893188476562,77.29707336425781,148.16358947753906,56.381256103515625,94.22124481201172,323.1781005859375,45.38153076171875,147.18666076660156,435.3319396972656,85.88983917236328,251.4499969482422,29.600000381469727,73.81999969482422,51.876808166503906,97.6314468383789,4518.43994140625,4.078000068664551,15.770000457763672
2023-08-08,177.4775390625,87.99990844726562,139.94000244140625,21.385820388793945,178.63999938964844,130.32289123535156,86.83589935302734,159.57264709472656,77.4318618774414,147.3318328857422,56.13247299194336,94.59583282470703,319.203369140625,44.629119873046875,147.34609985351562,433.4388427734375,86.88732147216797,249.6999969482422,30.079999923706055,74.05999755859375,51.928531646728516,98.11415100097656,4499.3798828125,4.026000022888184,15.989999771118164
2023-08-09,175.88833618164062,88.06348419189453,137.85000610351562,21.534639358520508,177.7899932861328,128.59715270996094,86.8906021118164,159.47128295898438,77.44029235839844,145.3564453125,56.261470794677734,94.68505096435547,315.463623046875,42.5207633972168,147.15853881835938,430.5412902832031,87.33662414550781,242.19000244140625,31.8799991607666,75.0999984741211,52.012569427490234,99.78079986572266,4467.7099609375,4.01200008392334,15.960000038146973
2023-08-10,175.67120361328125,87.49147033691406,138.55999755859375,21.420835494995117,177.60000610351562,128.6269073486328,86.22540283203125,158.64198303222656,77.39815521240234,145.13905334472656,56.13247299194336,94.01609802246094,316.14892578125,42.354896545410156,146.4269256591797,430.6957702636719,85.89884185791016,245.33999633789062,29.920000076293945,74.19999694824219,51.98662185668945,100.29082489013672,4468.830078125,4.079999923706055,15.850000381469727
2023-08-11,175.7305145263672,87.2191390991211,138.41000366210938,21.385820388793945,177.60000610351562,128.4979705810547,85.76981353759766,160.19000244140625,77.28865051269531,145.9802703857422,56.362823486328125,93.69503021240234,314.2692565917969,40.823089599609375,147.28045654296875,430.44464111328125,85.7011489868164,242.64999389648438,29.959999084472656,74.25,52.29154968261719,101.84820556640625,4464.0498046875,4.168000221252441,14.84000015258789
2023-08-14,177.38116455078125,87.15560150146484,140.57000732421875,21.280773162841797,177.05999755859375,130.2534637451172,85.63316345214844,159.81219482421875,77.29707336425781,146.28269958496094,56.095619201660156,93.65936279296875,317.235595703125,43.71882247924805,146.1267547607422,432.82073974609375,85.51243591308594,239.75999450683594,30.079999923706055,73.80999755859375,51.902278900146484,101.9301528930664,4489.72021484375,4.184000015258789,14.819999694824219
2023-08-15,175.39442443847656,86.91954040527344,137.6699981689453,21.026912689208984,176.58999633789062,128.71617126464844,85.46913146972656,159.3515167236328,77.05280303955078,142.5587615966797,55.71784591674805,93.16879272460938,315.1013488769531,43.905677795410156,145.18878173828125,427.77886962890625,84.9912338256836,232.9600067138672,28.68000030517578,72.62000274658203,51.636287689208984,99.31327056884766,4437.85986328125,4.2210001945495605,16.459999084472656
2023-08-16,174.52464294433594,86.7107162475586,135.07000732421875,20.939369201660156,175.57000732421875,127.64501190185547,85.14110565185547,158.84474182128906,76.8506088256836,141.95387268066406,55.72705841064453,92.7496109008789,314.3361511230469,43.4520378112793,143.70680236816406,424.6397399902344,84.3262710571289,225.60000610351562,28.0,71.37000274658203,51.66223907470703,97.64212799072266,4404.330078125,4.257999897003174,16.780000686645508
2023-08-17,171.98439025878906,86.61993408203125,133.97999572753906,20.99189567565918,175.3000030517578,128.85499572753906,85.0317611694336,160.33743286132812,76.4883804321289,140.4794464111328,55.846839904785156,92.49986267089844,310.8828125,43.310142517089844,142.67501831054688,421.4040222167969,83.96683502197266,219.22000122070312,28.280000686645508,71.9800033569336,50.50416564941406,99.53364562988281,4370.35986328125,4.308000087738037,17.889999389648438
2023-08-18,172.46871948242188,86.81057739257812,133.22000122070312,21.140710830688477,175.3300018310547,126.41517639160156,85.28689575195312,158.93687438964844,76.52205657958984,140.80076599121094,56.16012191772461,92.84773254394531,310.4903564453125,43.26518249511719,143.07833862304688,421.6069030761719,84.26336669921875,215.49000549316406,27.760000228881836,72.79000091552734,51.23079299926758,101.03949737548828,4369.7099609375,4.250999927520752,17.299999237060547
2023-08-21,173.80308532714844,86.37481689453125,134.67999267578125,21.08819007873535,175.80999755859375,127.31771850585938,84.75840759277344,154.2007598876953,76.54734802246094,141.28282165527344,55.68098831176758,92.29474639892578,315.7881164550781,46.93031692504883,142.35610961914062,424.3499450683594,83.14009094238281,231.27999877929688,27.8799991607666,72.58000183105469,51.09455871582031,99.81828308105469,4399.77001953125,4.3420000076293945,17.1299991607666
2023-08-22,175.17698669433594,86.46560668945312,134.25,21.096940994262695,176.10000610351562,128.02191162109375,84.79485321044922,152.97523498535156,76.5894775390625,138.352783203125,55.34006118774414,92.58013916015625,316.35711669921875,45.63233184814453,142.4123992919922,423.2005615234375,83.7780990600586,233.19000244140625,27.1200008392334,72.27999877929688,50.93235397338867,99.25818634033203,4387.5498046875,4.328000068664551,16.969999313354492
2023-08-23,179.0219268798828,87.29176330566406,135.52000427246094,21.140710830688477,177.88999938964844,131.284912109375,85.71514129638672,151.60227966308594,77.22126007080078,139.28851318359375,55.53356170654297,93.88236236572266,320.811279296875,47.07920455932617,143.7443084716797,427.9140625,85.85391235351562,236.86000061035156,26.440000534057617,71.36000061035156,51.28593826293945,98.38587188720703,4436.009765625,4.197999954223633,15.979999542236328
2023-08-24,174.3368377685547,87.09202575683594,131.83999633789062,21.158218383789062,177.85000610351562,128.71617126464844,85.39623260498047,152.1182861328125,76.76634979248047,139.1561737060547,55.386138916015625,93.56124877929688,313.914306640625,47.12615966796875,143.07833862304688,421.98358154296875,85.28778076171875,230.0399932861328,26.959999084472656,71.41000366210938,50.893428802490234,97.65130615234375,4376.31005859375,4.235000133514404,17.200000762939453
2023-08-25,176.54098510742188,87.03756713867188,133.25999450683594,21.36831283569336,177.6199951171875,128.81532287597656,85.3689193725586,154.29937744140625,77.08647918701172,138.98605346679688,55.644134521484375,93.6147689819336,316.8673095703125,45.9820556640625,144.01629638671875,424.95843505859375,85.56634521484375,238.58999633789062,27.440000534057617,72.44999694824219,51.19511032104492,99.3958969116211,4405.7099609375,4.238999843597412,15.680000305175781
2023-08-28,178.10267639160156,87.22823333740234,133.13999938964844,21.333297729492188,178.1300048828125,129.93605041503906,85.60578918457031,152.48023986816406,77.41500091552734,139.46810913085938,55.8007698059082,93.90907287597656,317.57366943359375,46.79841613769531,144.24142456054688,427.6532897949219,85.65621948242188,238.82000732421875,27.399999618530273,72.41000366210938,51.487064361572266,100.23147583007812,4433.31005859375,4.211999893188477,15.079999923706055
2023-08-29,181.98716735839844,87.79109191894531,134.91000366210938,21.41208267211914,179.8699951171875,133.46688842773438,86.21630096435547,152.49884033203125,77.89517974853516,140.60227966308594,55.745479583740234,94.65828704833984,322.1945495605469,48.74589157104492,144.32586669921875,433.83489990234375,86.54583740234375,257.17999267578125,27.440000534057617,73.31999969482422,51.91849899291992,100.82830810546875,4497.6298828125,4.122000217437744,14.449999809265137
2023-08-30,185.47630310058594,87.7547836303711,135.07000732421875,21.438344955444336,180.32000732421875,134.7661590576172,86.20720672607422,151.9604949951172,77.87832641601562,140.03518676757812,55.71784591674805,94.52452087402344,322.5673828125,49.22552490234375,144.4853057861328,435.6217956542969,86.45600891113281,256.8999938964844,28.799999237060547,73.66000366210938,52.29154968261719,101.810791015625,4514.8701171875,4.118000030517578,13.880000114440918
2023-08-31,185.69374084472656,87.88188171386719,138.00999450683594,21.525882720947266,180.02000427246094,135.05377197265625,86.38034057617188,150.05784606933594,77.8867416381836,138.3055419921875,55.12813949584961,94.68505096435547,321.5569152832031,49.31644821166992,144.76670837402344,434.9842834472656,86.8423843383789,258.0799865722656,28.440000534057617,75.05999755859375,52.74893569946289,102.09544372558594,4507.66015625,4.0929999351501465,13.569999694824219
2023-09-01,187.26535034179688,87.42672729492188,138.1199951171875,21.779747009277344,180.11000061035156,134.5479736328125,85.8523178100586,148.94410705566406,77.92233276367188,138.7686767578125,54.649009704589844,94.01105499267578,322.4398193359375,48.471107482910156,144.92616271972656,435.795654296875,85.48951721191406,245.00999450683594,28.200000762939453,76.91999816894531,52.41157531738281,104.23484802246094,4515.77001953125,4.172999858856201,13.09000015258789
2023-09-05,187.50253295898438,86.95335388183594,137.27000427246094,21.884794235229492,178.63999938964844,134.65708923339844,85.33161163330078,149.1297607421875,77.46491241455078,137.23751831054688,54.197513580322266,93.3397216796875,327.2373046875,48.51007843017578,142.9845733642578,433.9121398925781,84.29075622558594,256.489990234375,26.600000381469727,77.76000213623047,51.9898681640625,104.2440414428711,4496.830078125,4.26800012588501,14.010000228881836
2023-09-06,180.7911834716797,86.87145233154297,135.36000061035156,21.93731689453125,177.8300018310547,133.3578338623047,85.11236572265625,146.65167236328125,77.35479736328125,137.0106658935547,54.16065979003906,93.25022888183594,326.58001708984375,47.02812576293945,142.70315551757812,430.99530029296875,84.49806213378906,251.9199981689453,25.920000076293945,78.5199966430664,52.37913513183594,105.14387512207031,4465.47998046875,4.289999961853027,14.449999809265137
2023-09-07,175.503173828125,87.14451599121094,137.85000610351562,21.8935489654541,178.02000427246094,134.15122985839844,85.40470123291016,148.5264892578125,77.58348083496094,135.83868408203125,53.74601745605469,93.66197204589844,323.66619873046875,46.20869064331055,144.06321716308594,429.6719665527344,84.73242950439453,251.49000549316406,26.600000381469727,77.94999694824219,53.027915954589844,104.62969207763672,4451.14013671875,4.260000228881836,14.399999618530273
2023-09-08,176.115966796875,87.1900405883789,138.22999572753906,21.93731689453125,178.0800018310547,135.26206970214844,85.4229507446289,149.01840209960938,77.51570892333984,135.94265747070312,53.74601745605469,93.73358154296875,327.9436340332031,45.540157318115234,143.4441375732422,430.3191223144531,85.0569076538086,248.5,26.84000015258789,78.30000305175781,53.125221252441406,106.15391540527344,4457.490234375,4.257999897003174,13.84000015258789
2023-09-11,177.28233337402344,87.08992767333984,143.10000610351562,22.06862449645996,178.41000366210938,135.79762268066406,85.27680206298828,150.96743774414062,77.6089096069336,136.53807067871094,54.25279998779297,93.55455017089844,331.5441589355469,45.146427154541016,145.15127563476562,433.14910888671875,84.44401550292969,273.5799865722656,26.84000015258789,78.37000274658203,53.31013488769531,104.822509765625,4487.4599609375,4.288000106811523,13.800000190734863
2023-09-12,174.25775146484375,87.11722564697266,141.22999572753906,22.147411346435547,177.49000549316406,134.23057556152344,85.39556121826172,151.8212890625,77.52420043945312,138.31497192382812,53.71836853027344,93.5276870727539,325.49090576171875,44.83864974975586,142.5999755859375,430.7730407714844,84.93071746826172,267.4800109863281,28.200000762939453,79.69999694824219,53.3685188293457,107.88014221191406,4461.89990234375,4.263999938964844,14.229999542236328
2023-09-13,172.19195556640625,87.24463653564453,144.85000610351562,22.21744155883789,177.0800018310547,135.58937072753906,85.49602508544922,152.2018280029297,77.7190170288086,138.3811492919922,53.84737777709961,93.73358154296875,329.69976806640625,45.45322036743164,143.59422302246094,431.27532958984375,84.91266632080078,271.29998779296875,27.799999237060547,79.68000030517578,53.381492614746094,106.91602325439453,4467.43994140625,4.249000072479248,13.479999542236328
2023-09-14,173.70425415039062,87.1263198852539,144.72000122070312,22.401275634765625,177.1699981689453,136.96795654296875,85.30419158935547,151.9698028564453,77.82913970947266,141.06544494628906,54.29316329956055,93.5634994506836,332.2898254394531,45.549156188964844,145.17002868652344,434.9939270019531,84.29977416992188,276.0400085449219,27.719999313354492,81.12000274658203,53.605323791503906,108.82588195800781,4505.10009765625,4.288000106811523,12.819999694824219
2023-09-15,172.98269653320312,86.92605590820312,140.38999938964844,22.348752975463867,178.33999633789062,136.273681640625,85.03926849365234,149.8444061279297,77.57501983642578,140.64952087402344,53.81022644042969,93.42029571533203,323.9703063964844,43.869319915771484,143.95066833496094,429.75299072265625,83.78604888916016,274.3900146484375,27.239999771118164,81.29000091552734,53.407447814941406,107.15475463867188,4450.31982421875,4.322000026702881,13.789999961853027
2023-09-18,175.90843200683594,87.05350494384766,139.97999572753906,22.339998245239258,179.38999938964844,137.0770721435547,85.1214828491211,150.79110717773438,77.59196472167969,140.94253540039062,54.14456558227539,93.59929656982422,322.8322448730469,43.93527603149414,144.49468994140625,430.00506591796875,84.26374816894531,265.2799987792969,27.799999237060547,81.44999694824219,53.011688232421875,108.01786041259766,4453.52978515625,4.318999767303467,14.0
2023-09-19,176.99566650390625,86.79861450195312,137.6300048828125,22.357507705688477,179.22000122070312,136.90843200683594,84.8108901977539,150.54049682617188,77.39714050292969,140.76295471191406,54.03311538696289,93.28602600097656,322.4300537109375,43.489585876464844,144.07260131835938,429.11328125,83.6418228149414,266.5,28.1200008392334,81.5,52.99871826171875,107.73323822021484,4443.9501953125,4.364999771118164,14.109999656677246
2023-09-20,173.45713806152344,86.75308227539062,135.2899932861328,22.173673629760742,179.35000610351562,132.64370727539062,84.74695587158203,151.199462890625,77.30396270751953,140.1675262451172,54.27458572387695,93.32183074951172,314.69915771484375,42.2094841003418,143.95066833496094,425.1683044433594,83.90320587158203,262.5899963378906,27.15999984741211,80.13999938964844,53.17063903808594,106.87928009033203,4402.2001953125,4.348999977111816,15.140000343322754
2023-09-21,171.91522216796875,86.161376953125,129.3300018310547,22.103641510009766,178.0500030517578,129.3707733154297,84.11660766601562,150.03933715820312,76.7618408203125,139.0711212158203,53.43873596191406,92.3819808959961,313.482666015625,40.988338470458984,142.70315551757812,418.14093017578125,81.74906158447266,255.6999969482422,26.479999542236328,80.41000366210938,52.525108337402344,105.3734359741211,4330.0,4.480000019073486,17.540000915527344
2023-09-22,172.76524353027344,86.52552032470703,129.1199951171875,22.12114906311035,178.6199951171875,129.18231201171875,84.44550323486328,148.96270751953125,76.88041687011719,137.73843383789062,53.49445343017578,92.94589233398438,311.01031494140625,41.58092498779297,142.1779022216797,417.20074462890625,82.40702819824219,244.8800048828125,26.799999237060547,80.62999725341797,52.66459655761719,105.5387191772461,4320.06005859375,4.438000202178955,17.200000762939453
2023-09-25,174.04031372070312,85.84278106689453,131.27000427246094,22.016101837158203,177.6999969482422,130.0352783203125,83.82430267333984,148.73997497558594,76.77030181884766,138.41896057128906,52.93722152709961,92.04185485839844,311.5303039550781,42.19249725341797,141.31495666503906,418.9552001953125,80.37908172607422,246.99000549316406,26.959999084472656,80.38999938964844,52.898155212402344,106.72319793701172,4337.43994140625,4.541999816894531,16.899999618530273
2023-09-26,169.96803283691406,85.73352813720703,125.9800033569336,21.98984146118164,176.27999877929688,127.51609802246094,83.79690551757812,147.58909606933594,76.40604400634766,136.9822998046875,52.500728607177734,91.78227233886719,306.2325134277344,41.8817138671875,140.05807495117188,412.8001708984375,80.09964752197266,244.1199951171875,26.440000534057617,80.87999725341797,52.713253021240234,106.88847351074219,4273.52978515625,4.558000087738037,18.940000534057617
2023-09-27,168.4557647705078,85.43311309814453,125.9800033569336,22.112396240234375,174.10000610351562,129.46994018554688,83.42235565185547,145.81639099121094,76.29595184326172,137.7856903076172,51.96207046508789,91.35264587402344,306.8701477050781,42.438323974609375,138.2008819580078,412.9649658203125,79.68507385253906,240.5,26.8799991607666,82.9000015258789,52.46023178100586,110.36848449707031,4274.509765625,4.625999927520752,18.219999313354492
2023-09-28,168.7127227783203,85.68804168701172,125.9800033569336,22.08613395690918,173.22999572753906,131.22543334960938,83.65071105957031,145.6029510498047,76.62632751464844,139.49644470214844,51.83205032348633,91.51375579833984,307.7041931152344,43.05889129638672,137.26290893554688,415.35906982421875,79.92842864990234,246.3800048828125,27.360000610351562,81.56999969482422,52.726234436035156,109.69818115234375,4299.7001953125,4.5970001220703125,17.34000015258789
2023-09-29,169.22669982910156,85.6060791015625,127.12000274658203,21.849777221679688,171.4499969482422,129.7873077392578,83.66899871826172,144.5541534423828,76.5754623413086,137.06736755371094,51.98992919921875,91.31682586669922,309.77410888671875,43.468605041503906,136.8126983642578,414.3510437011719,79.93743896484375,250.22000122070312,27.31999969482422,80.86000061035156,51.87957763671875,107.9627914428711,4288.0498046875,4.572999954223633,17.520000457763672
2023-10-02,171.7373046875,85.0100326538086,129.4600067138672,21.683454513549805,169.64999389648438,133.07015991210938,82.99034118652344,143.9972686767578,76.10779571533203,135.8859405517578,51.525569915771484,90.48023223876953,315.70965576171875,44.750709533691406,136.18423461914062,414.186279296875,78.59928131103516,251.60000610351562,26.520000457763672,79.38999938964844,51.93471908569336,106.17227172851562,4288.39013671875,4.683000087738037,17.610000610351562
2023-10-03,170.40293884277344,84.34366607666016,124.72000122070312,21.587160110473633,169.16000366210938,131.34445190429688,82.30337524414062,144.17359924316406,75.33257293701172,134.88406372070312,50.96833038330078,89.43785095214844,307.4588317871094,43.4865837097168,136.4656524658203,408.6419677734375,76.90847778320312,246.52999877929688,27.440000534057617,79.93000030517578,51.607086181640625,106.35591888427734,4229.4501953125,4.802000045776367,19.780000686645508
2023-10-04,171.64834594726562,84.93701171875,127.0,20.983139038085938,169.13999938964844,134.1314239501953,82.82545471191406,144.3406524658203,75.61367797851562,135.4889678955078,51.1169319152832,90.21965789794922,312.92340087890625,44.010231018066406,136.9158935546875,411.6177062988281,77.99346923828125,261.1600036621094,27.920000076293945,75.58999633789062,52.22667694091797,102.38008117675781,4263.75,4.735000133514404,18.579999923706055
2023-10-05,172.8838653564453,84.99178314208984,125.95999908447266,20.860586166381836,168.8300018310547,133.96279907226562,82.98114013671875,145.84422302246094,75.71591186523438,136.06024169921875,48.64652633666992,90.11180114746094,313.31585693359375,44.65677261352539,134.88047790527344,411.4625549316406,77.60468292236328,260.04998779296875,29.639999389648438,73.98999786376953,51.60384750366211,100.07537078857422,4258.18994140625,4.7170000076293945,18.489999771118164
2023-10-06,175.43399047851562,84.66315460205078,127.95999908447266,20.939369201660156,169.6999969482422,136.45223999023438,82.4957275390625,146.30828857421875,75.85223388671875,138.15493774414062,49.35235595703125,89.84222412109375,321.06634521484375,45.73003005981445,135.15249633789062,416.34771728515625,76.66434478759766,260.5299987792969,30.959999084472656,74.16000366210938,50.737728118896484,98.40424346923828,4308.5,4.783999919891357,17.450000762939453
2023-10-09,176.91661071777344,85.5394515991211,128.25999450683594,21.37706756591797,172.82000732421875,137.2853240966797,83.54903411865234,147.1436004638672,76.41446685791016,137.84075927734375,49.11088562011719,90.95648956298828,323.577880859375,45.24136734008789,134.4677734375,419.0133056640625,78.46363067626953,259.6700134277344,31.520000457763672,77.12999725341797,50.55282211303711,101.84751892089844,4335.66015625,4.796999931335449,17.700000762939453
2023-10-10,176.3235626220703,85.45729064941406,129.47999572753906,21.324542999267578,172.52999877929688,136.9282989501953,83.3841323852539,146.97653198242188,76.4314956665039,138.67861938476562,50.17892074584961,90.99244689941406,322.1749267578125,45.765995025634766,135.79969787597656,421.19427490234375,78.3551254272461,263.6199951171875,31.600000381469727,76.70999908447266,51.123748779296875,101.41595458984375,4358.240234375,4.65500020980835,17.030000686645508
2023-10-11,177.71722412109375,85.84980773925781,131.8300018310547,21.201988220214844,173.7899932861328,139.3978729248047,83.84208679199219,144.95321655273438,76.46558380126953,139.15469360351562,49.8817253112793,91.54959106445312,326.1286926269531,46.77328872680664,134.1300811767578,422.9195556640625,79.99168395996094,262.989990234375,31.600000381469727,75.66999816894531,51.32810974121094,97.77985382080078,4376.9501953125,4.59499979019165,16.09000015258789
2023-10-12,178.61668395996094,85.11043548583984,132.3300018310547,21.193233489990234,173.25999450683594,137.830810546875,83.03611755371094,145.0924530029297,76.03112030029297,138.83094787597656,49.045875549316406,90.59705352783203,324.89251708984375,46.91218948364258,134.43023681640625,420.3411865234375,77.82169342041016,258.8699951171875,31.200000762939453,75.41999816894531,51.561676025390625,97.7614974975586,4349.60986328125,4.711999893188477,16.690000534057617
2023-10-13,176.77822875976562,85.47557067871094,129.7899932861328,21.75348472595215,178.8300018310547,136.2340087890625,83.56735229492188,145.57508850097656,75.96296691894531,140.9161376953125,49.12017059326172,91.10027313232422,321.5274353027344,45.429229736328125,135.71527099609375,418.2475891113281,79.21411895751953,251.1199951171875,30.0,78.98999786376953,51.84714126586914,100.8833999633789,4327.77978515625,4.629000186920166,19.31999969482422
2023-10-16,176.64974975585938,85.00091552734375,132.5500030517578,21.683454513549805,177.9600067138672,137.95977783203125,83.07274627685547,146.20619201660156,75.93739318847656,140.7733154296875,49.62168502807617,90.47126007080078,326.3445129394531,46.06279373168945,137.0096893310547,422.6481628417969,77.9392318725586,253.9199981689453,29.1200008392334,78.38999938964844,52.2947883605957,100.95686340332031,4373.6298828125,4.711999893188477,17.209999084472656
2023-10-17,175.097900390625,84.38932800292969,131.47000122070312,21.744731903076172,178.2899932861328,138.57467651367188,82.257568359375,144.8697052001953,75.57962036132812,140.46864318847656,50.216060638427734,89.75237274169922,325.77545166015625,43.90729904174805,137.1878662109375,422.6287536621094,77.08027648925781,254.85000610351562,28.719999313354492,78.80000305175781,52.36292266845703,102.27906799316406,4373.2001953125,4.8470001220703125,17.8799991607666
2023-10-18,173.80308532714844,83.99681091308594,128.1300048828125,21.93731689453125,180.8699951171875,136.8291015625,81.87291717529297,141.75123596191406,75.18775939941406,138.92617797851562,50.19749069213867,89.03348541259766,323.86236572265625,42.16651153564453,140.72402954101562,416.9971618652344,76.4021224975586,242.67999267578125,28.719999313354492,79.83999633789062,52.4018440246582,103.71148681640625,4314.60009765625,4.9039998054504395,19.219999313354492
2023-10-19,173.42750549316406,83.67733001708984,128.39999389648438,22.164918899536133,183.08999633789062,136.62081909179688,81.46990966796875,141.3707275390625,74.93215942382812,138.3358154296875,50.476112365722656,88.31462097167969,325.04949951171875,42.071590423583984,139.93211364746094,413.33331298828125,74.83792877197266,220.11000061035156,27.639999389648438,81.68000030517578,52.15205764770508,103.77574920654297,4278.0,4.98799991607666,21.399999618530273
2023-10-20,170.87738037109375,83.97856140136719,125.16999816894531,21.998594284057617,183.58999633789062,134.4884490966797,81.9461669921875,142.00184631347656,75.05146026611328,136.1078338623047,50.6804313659668,88.6650619506836,320.4875183105469,41.35807800292969,139.7433319091797,408.2541809082031,75.26288604736328,211.99000549316406,27.1200008392334,80.69999694824219,51.500038146972656,101.99445343017578,4224.16015625,4.923999786376953,21.709999084472656
2023-10-23,170.99600219726562,84.30715942382812,126.55999755859375,21.858531951904297,182.97000122070312,135.38107299804688,82.33085632324219,140.50755310058594,75.35814666748047,134.2511749267578,50.2253532409668,89.35698699951172,323.0873718261719,42.944969177246094,139.8377227783203,407.546630859375,76.16706848144531,212.0800018310547,27.239999771118164,78.88999938964844,52.22991943359375,100.49774932861328,4217.0400390625,4.8379998207092285,20.3700008392334
2023-10-24,171.430908203125,84.60839080810547,128.55999755859375,21.622177124023438,182.9499969482422,137.67214965820312,82.47740936279297,140.35906982421875,75.74146270751953,134.4130401611328,51.67416763305664,89.86019134521484,324.2744445800781,43.63248825073242,141.48953247070312,410.6192932128906,77.17069244384766,216.52000427246094,27.84000015258789,76.93000030517578,52.95654296875,99.52445983886719,4247.68017578125,4.840000152587891,18.969999313354492
2023-10-25,169.11801147460938,83.97856140136719,121.38999938964844,21.779747009277344,183.72000122070312,124.58033752441406,81.75386047363281,140.67462158203125,75.37515258789062,133.67987060546875,52.11994934082031,89.04247283935547,334.2225036621094,41.74980545043945,142.15028381347656,404.7259521484375,75.45275115966797,212.4199981689453,28.280000686645508,78.45999908447266,52.79759979248047,99.70809936523438,4186.77001953125,4.953000068664551,20.190000534057617
2023-10-26,164.956787109375,84.54449462890625,119.56999969482422,21.595914840698242,184.00999450683594,121.27764892578125,82.37667846679688,138.28936767578125,75.61367797851562,134.02267456054688,51.80418395996094,89.689453125,321.6844482421875,40.297821044921875,141.39515686035156,399.8796081542969,76.6100845336914,205.75999450683594,29.239999771118164,76.88999938964844,52.47644805908203,98.79907989501953,4137.22998046875,4.84499979019165,20.68000030517578
2023-10-27,166.2713623046875,84.51708984375,127.73999786376953,21.884794235229492,186.14999389648438,121.16854095458984,82.5048828125,135.13375854492188,75.48589324951172,129.1953125,51.302677154541016,89.50975036621094,323.5680236816406,40.471702575683594,138.90325927734375,398.06695556640625,76.28458404541016,207.3000030517578,28.799999237060547,78.36000061035156,52.28181457519531,96.91675567626953,4117.3701171875,4.84499979019165,21.270000457763672
2023-10-30,168.3173828125,84.3162841796875,132.7100067138672,21.534639358520508,185.10000610351562,123.43976593017578,82.23009490966797,136.46096801757812,75.50292205810547,130.84251403808594,52.1478157043457,89.24015808105469,330.9261779785156,41.132240295410156,140.8854217529297,402.8262023925781,75.94100189208984,197.36000061035156,27.799999237060547,76.05000305175781,52.88193893432617,97.2197494506836,4166.81982421875,4.875,19.75
2023-10-31,168.79180908203125,84.26152038574219,133.08999633789062,21.455852508544922,184.08999633789062,123.06288146972656,82.05610656738281,137.6768035888672,75.74998474121094,132.40403747558594,52.46358108520508,89.1143798828125,331.7109680175781,40.751502990722656,141.6122283935547,405.3560485839844,75.57032012939453,200.83999633789062,30.0,75.0199966430664,53.00844955444336,97.19220733642578,4193.7998046875,4.875,18.139999389648438
2023-11-01,171.95474243164062,85.1926498413086,137.0,21.49086570739746,183.50999450683594,125.4134521484375,83.00115966796875,138.00164794921875,76.45335388183594,132.28977966308594,52.417137145996094,90.3896713256836,339.52032470703125,42.295433044433594,141.21578979492188,409.6790771484375,77.20882415771484,205.66000366210938,29.079999923706055,74.75,53.482059478759766,96.99938201904297,4237.85986328125,4.789000034332275,16.8700008392334
2023-11-02,175.51304626464844,85.70535278320312,138.07000732421875,21.718469619750977,184.1199951171875,126.44493103027344,83.5155258178711,139.4402313232422,77.29292297363281,134.6510772705078,53.020816802978516,91.46295166015625,341.7277526855469,43.4755973815918,142.94314575195312,417.5303039550781,78.96894836425781,218.50999450683594,29.15999984741211,76.18000030517578,53.692909240722656,100.1855697631836,4317.77978515625,4.669000148773193,15.65999984741211
2023-11-03,174.6036834716797,86.22722625732422,138.60000610351562,21.60466957092285,184.7899932861328,128.041748046875,84.1584701538086,140.46115112304688,78.16678619384766,136.1554718017578,52.69575500488281,91.91387939453125,346.1229553222656,44.97355651855469,141.64999389648438,421.339599609375,79.50422668457031,219.9600067138672,29.040000915527344,74.8499984741211,53.4139404296875,98.96434020996094,4358.33984375,4.558000087738037,14.90999984741211
2023-11-06,177.15383911132812,85.79691314697266,139.74000549316406,21.69220733642578,183.35000610351562,129.18231201171875,83.67166900634766,140.79525756835938,77.89264678955078,137.1837615966797,52.90936279296875,91.4268569946289,349.78240966796875,45.719032287597656,142.47119140625,422.3088684082031,78.73303985595703,219.27000427246094,27.280000686645508,74.91000366210938,53.48530197143555,97.2105712890625,4365.97998046875,4.6620001792907715,14.890000343322754
2023-11-07,179.71380615234375,86.25469207763672,142.7100067138672,21.22825050354004,182.58999633789062,129.89639282226562,84.14926147460938,140.0527801513672,77.7898178100586,137.1171112060547,53.104400634765625,92.15742492675781,353.7066650390625,45.92289352416992,142.14080810546875,423.51080322265625,79.89435577392578,222.17999267578125,26.440000534057617,71.80000305175781,53.73508834838867,95.68634796142578,4378.3798828125,4.571000099182129,14.8100004196167
2023-11-08,180.77142333984375,86.54768371582031,142.0800018310547,20.99189567565918,180.77000427246094,130.75929260253906,84.48906707763672,139.54229736328125,77.83264923095703,137.79312133789062,53.020816802978516,92.62640380859375,356.3261413574219,46.54145812988281,141.59335327148438,423.8209228515625,81.25526428222656,222.11000061035156,26.15999984741211,70.19000244140625,53.297157287597656,94.51104736328125,4382.77978515625,4.5229997634887695,14.449999809265137
2023-11-09,180.2969970703125,85.82437133789062,140.60000610351562,20.939369201660156,181.49000549316406,129.17237854003906,83.65326690673828,136.82293701171875,77.3186264038086,137.38369750976562,52.6214599609375,91.68843841552734,353.8636474609375,46.91719055175781,141.914306640625,420.5157165527344,79.38629150390625,209.97999572753906,25.360000610351562,70.25,53.173885345458984,94.53858947753906,4347.35009765625,4.630000114440918,15.289999961853027
2023-11-10,184.48350524902344,86.02582550048828,143.55999755859375,21.044418334960938,179.50999450683594,131.5031280517578,83.74513244628906,136.6651611328125,77.71273803710938,139.42127990722656,52.677181243896484,92.14839172363281,362.67364501953125,48.30121994018555,142.91481018066406,427.0777587890625,79.83085632324219,214.64999389648438,25.31999969482422,71.79000091552734,53.91025161743164,95.26396942138672,4415.240234375,4.627999782562256,14.170000076293945
2023-11-13,182.89996337890625,86.01664733886719,142.58999633789062,21.350807189941406,180.50999450683594,131.00721740722656,83.69921112060547,137.01785278320312,77.57569122314453,138.80238342285156,52.872215270996094,92.15742492675781,359.7402648925781,48.586021423339844,143.90589904785156,426.6706848144531,79.6493911743164,223.7100067138672,26.8799991607666,72.91999816894531,54.39358901977539,96.26482391357422,4411.5498046875,4.631999969482422,14.760000228881836
2023-11-14,185.51280212402344,87.09700012207031,145.8000030517578,21.3157901763916,182.1199951171875,132.52468872070312,84.9574966430664,137.0457000732422,78.37240600585938,141.33505249023438,53.03009796142578,93.6004867553711,363.2623291015625,49.621299743652344,143.58499145507812,434.9483947753906,81.45487976074219,237.41000366210938,25.84000015258789,72.69000244140625,54.383853912353516,96.63546752929688,4495.7001953125,4.440999984741211,14.15999984741211
2023-11-15,186.07693481445312,86.55684661865234,143.1999969482422,21.17572784423828,181.63999938964844,133.5164794921875,84.29621887207031,138.103759765625,78.13252258300781,142.57286071777344,53.13225555419922,93.11343383789062,363.4097900390625,48.85383605957031,142.92422485351562,435.8692321777344,80.31168365478516,242.83999633789062,26.239999771118164,71.33999633789062,55.07481002807617,96.05171966552734,4502.8798828125,4.534999847412109,14.180000305175781
2023-11-16,187.75946044921875,87.03291320800781,142.8300018310547,20.668001174926758,183.69000244140625,135.8075408935547,84.9299545288086,139.31031799316406,78.24388885498047,144.2010040283203,53.0765380859375,93.88006591796875,369.7997131347656,49.445430755615234,144.255126953125,436.40234375,81.30972290039062,233.58999633789062,25.479999542236328,68.05000305175781,50.61770248413086,94.93977355957031,4508.240234375,4.445000171661377,14.319999694824219
2023-11-17,187.73968505859375,87.20687103271484,145.17999267578125,20.965633392333984,183.6699981689453,134.20082092285156,84.98505401611328,139.0225830078125,78.41523742675781,145.50546264648438,53.178688049316406,94.1506576538086,363.5867614746094,49.26355743408203,142.5938720703125,436.9451599121094,81.69075775146484,234.3000030517578,24.639999389648438,70.75,50.39387512207031,97.25627136230469,4514.02001953125,4.440999984741211,13.800000190734863
2023-11-20,189.4815673828125,87.3442153930664,146.1300048828125,21.22825050354004,183.3699951171875,135.1331329345703,85.10446166992188,140.24813842773438,78.47521209716797,145.9529266357422,53.30872344970703,94.52945709228516,371.04815673828125,50.373775482177734,141.8387908935547,440.3085632324219,82.18975830078125,235.60000610351562,23.959999084472656,72.30000305175781,50.377655029296875,96.83004760742188,4547.3798828125,4.421999931335449,13.40999984741211
2023-11-21,188.67990112304688,87.4357681274414,143.89999389648438,21.350807189941406,185.35000610351562,135.8472442626953,85.21466827392578,141.3801727294922,78.57801818847656,145.64825439453125,53.8938102722168,94.5564956665039,366.75225830078125,49.90910339355469,141.21578979492188,439.3489685058594,82.15347290039062,241.1999969482422,23.559999465942383,72.52999877929688,50.55931091308594,96.79297637939453,4538.18994140625,4.418000221252441,13.350000381469727
2023-11-22,189.34300231933594,87.51814270019531,146.7100067138672,21.16697120666504,184.55999755859375,137.35475158691406,85.18711853027344,141.0994873046875,78.7750473022461,145.9910430908203,54.256011962890625,94.93531799316406,371.4513244628906,48.68195343017578,142.5467071533203,441.0452575683594,82.44380187988281,234.2100067138672,23.920000076293945,71.61000061035156,50.17329406738281,96.37602233886719,4556.6201171875,4.415999889373779,12.850000381469727
2023-11-24,188.0167999267578,87.11534118652344,146.74000549316406,21.026912689208984,185.52000427246094,135.5695343017578,84.74624633789062,142.67120361328125,78.70652770996094,146.1909637451172,54.395320892333984,94.44827270507812,371.03839111328125,47.74261474609375,142.88648986816406,441.3165588378906,81.47301483154297,235.4499969482422,23.639999389648438,70.81999969482422,50.62419128417969,96.8949203491211,4559.33984375,4.4720001220703125,12.460000038146973
2023-11-27,187.83863830566406,87.60972595214844,147.72999572753906,20.88684844970703,186.77000427246094,135.29180908203125,85.3891830444336,141.5298309326172,78.82646942138672,145.85772705078125,54.29316329956055,95.21489715576172,372.1983642578125,48.20828628540039,142.75436401367188,440.5218200683594,82.83393859863281,236.0800018310547,23.200000762939453,69.95999908447266,50.85450744628906,96.32968139648438,4550.43017578125,4.388999938964844,12.6899995803833
2023-11-28,188.44236755371094,87.9942626953125,147.02999877929688,21.140710830688477,189.25999450683594,136.0753173828125,85.76575469970703,141.8572998046875,79.11775207519531,146.1909637451172,54.40461349487305,95.59371185302734,376.2191467285156,47.7875862121582,143.74545288085938,440.9579772949219,82.99723052978516,246.72000122070312,22.079999923706055,71.26000213623047,51.46111297607422,96.27407836914062,4554.89013671875,4.335999965667725,12.6899995803833
2023-11-29,187.42295837402344,88.424560546875,146.32000732421875,21.289527893066406,189.5399932861328,133.88345336914062,86.2157974243164,142.3063507080078,79.52896118164062,146.9336395263672,54.07954788208008,96.36934661865234,372.4342956542969,48.106361389160156,142.65054321289062,440.6477966308594,84.04056549072266,244.13999938964844,22.040000915527344,72.5199966430664,50.630680084228516,94.82858276367188,4550.580078125,4.270999908447266,12.979999542236328
2023-11-30,187.9969940185547,88.13159942626953,146.08999633789062,20.93061637878418,188.75,131.44361877441406,85.79330444335938,144.69198608398438,79.40046691894531,148.60939025878906,54.70675277709961,95.8642807006836,372.4932861328125,46.73731994628906,144.90643310546875,442.3828125,83.06982421875,240.0800018310547,22.079999923706055,70.13999938964844,50.50416564941406,95.19923400878906,4567.7998046875,4.3520002365112305,12.920000076293945
2023-12-01,189.27371215820312,88.90652465820312,147.02999877929688,20.834321975708008,192.00999450683594,130.7791290283203,86.60276794433594,148.17225646972656,80.06810760498047,149.3330078125,54.893978118896484,97.01850128173828,368.1678161621094,46.732322692871094,144.09466552734375,444.9998779296875,84.63433074951172,238.8300018310547,21.799999237060547,69.23999786376953,50.06624221801758,95.43087768554688,4594.6298828125,4.22599983215332,12.630000114440918
2023-12-04,187.48233032226562,88.56678771972656,144.83999633789062,20.69426155090332,187.86000061035156,128.21035766601562,86.24361419677734,148.64002990722656,79.86997985839844,150.427978515625,54.82844924926758,96.57491302490234,362.8888244628906,45.47819519042969,143.52835083007812,442.6639404296875,84.29759216308594,235.5800018310547,21.360000610351562,68.47000122070312,50.05326461791992,94.9119873046875,4569.77978515625,4.288000106811523,13.079999923706055
2023-12-05,191.4313201904297,89.15442657470703,146.8800048828125,20.510427474975586,187.14999389648438,129.91624450683594,86.85138702392578,148.33128356933594,79.98196411132812,150.408935546875,54.91270065307617,97.34439086914062,366.21148681640625,46.537559509277344,138.52569580078125,442.5767517089844,86.1087875366211,238.72000122070312,21.360000610351562,67.58000183105469,50.51713943481445,93.06804656982422,4567.18017578125,4.171000003814697,12.850000381469727
2023-12-06,190.34263610839844,89.38397979736328,144.52000427246094,20.011457443237305,187.83999633789062,128.95420837402344,87.21057891845703,146.52569580078125,79.94750213623047,148.82839965820312,54.856536865234375,97.70650482177734,362.55450439453125,45.47520065307617,138.42185974121094,440.7931823730469,87.25557708740234,239.3699951171875,20.239999771118164,64.76000213623047,49.96892547607422,91.83565521240234,4549.33984375,4.120999813079834,12.970000267028809
2023-12-07,192.2725830078125,89.41151428222656,146.8800048828125,20.046470642089844,188.14999389648438,135.8075408935547,87.08164978027344,145.38430786132812,80.08538055419922,149.28543090820312,54.98759841918945,97.71556854248047,364.6680603027344,46.56753158569336,138.28030395507812,444.1566162109375,86.75498962402344,242.63999938964844,20.280000686645508,65.11000061035156,49.640071868896484,91.19629669189453,4585.58984375,4.129000186920166,13.0600004196167
2023-12-08,193.69776916503906,88.96160888671875,147.4199981689453,20.134010314941406,185.63999938964844,133.88345336914062,86.5198974609375,144.4674530029297,79.95613098144531,150.93260192871094,54.86589050292969,97.19050598144531,367.8925476074219,47.47697448730469,137.0060577392578,446.0661315917969,86.04508972167969,243.83999633789062,20.079999923706055,66.52999877929688,49.11912155151367,92.24336242675781,4604.3701171875,4.244999885559082,12.350000381469727
2023-12-11,191.19378662109375,88.97077178955078,145.88999938964844,20.06397819519043,183.58999633789062,132.1973876953125,86.52908325195312,145.0662384033203,79.89583587646484,151.48486328125,55.26842498779297,97.16333770751953,365.0121765136719,46.598514556884766,137.63845825195312,447.8011474609375,85.86306762695312,239.74000549316406,19.239999771118164,66.80000305175781,49.24284744262695,92.30823516845703,4622.43994140625,4.238999843597412,12.630000114440918
2023-12-12,192.70806884765625,89.2370834350586,147.47999572753906,19.757591247558594,183.49000549316406,131.4337158203125,86.71329498291016,145.07557678222656,80.1112060546875,152.83688354492188,55.624149322509766,97.71556854248047,368.0400085449219,47.627891540527344,137.751708984375,449.84637451171875,86.11791229248047,237.00999450683594,18.079999923706055,64.25,49.281917572021484,90.85346984863281,4643.7001953125,4.205999851226807,12.069999694824219
2023-12-13,195.9246368408203,90.35724639892578,148.83999633789062,19.985193252563477,187.6300048828125,131.48330688476562,88.00259399414062,145.7491912841797,81.3000717163086,153.3510284423828,56.101566314697266,99.3541259765625,368.0301818847656,48.05862808227539,140.24359130859375,456.0498046875,88.13842010498047,239.2899932861328,18.399999618530273,65.33000183105469,50.15776062011719,91.65960693359375,4707.08984375,4.0329999923706055,12.1899995803833
2023-12-14,196.07308959960938,91.0865249633789,147.4199981689453,20.317842483520508,188.72999572753906,130.85845947265625,88.7341079711914,146.75955200195312,81.69638061523438,156.1407928466797,55.26842498779297,100.41073608398438,359.7331237792969,48.32046127319336,136.5435333251953,457.51336669921875,90.43114471435547,251.0500030517578,19.040000915527344,67.16000366210938,49.54564666748047,94.12437438964844,4719.5498046875,3.930000066757202,12.479999542236328
2023-12-15,195.53866577148438,90.87471771240234,149.97000122070312,20.35285758972168,187.0,131.51304626464844,88.66019439697266,145.1597900390625,81.53266906738281,157.3214111328125,54.856536865234375,100.26537322998047,364.4517822265625,48.860130310058594,135.88284301757812,456.7601318359375,90.53160095214844,253.5,19.31999969482422,67.1500015258789,49.73124313354492,93.49427795410156,4719.18994140625,3.927999973297119,12.279999732971191
2023-12-18,193.8759002685547,90.69055938720703,154.07000732421875,20.498884201049805,187.85000610351562,134.68682861328125,88.46623992919922,145.42172241210938,81.59939575195312,158.27357482910156,55.24970245361328,99.84744262695312,366.3392639160156,50.046409606933594,137.96881103515625,459.3294677734375,89.81024169921875,252.0800018310547,19.559999465942383,68.08999633789062,50.45730972290039,94.18922424316406,4740.56005859375,3.9539999961853027,12.5600004196167
2023-12-19,194.91513061523438,90.80107116699219,153.7899932861328,20.655014038085938,189.1300048828125,135.5298309326172,88.63247680664062,146.3760223388672,81.86796569824219,160.38729858398438,55.071842193603516,99.97464752197266,366.9389953613281,49.573692321777344,137.96881103515625,462.12255859375,90.294189453125,257.2200012207031,19.600000381469727,69.36000061035156,50.63964080810547,95.43087768554688,4768.3701171875,3.921999931335449,12.529999732971191
2023-12-20,192.8268280029297,91.1325454711914,152.1199951171875,20.416229248046875,188.10000610351562,137.2059783935547,89.06658935546875,143.3916015625,81.84194946289062,158.5782470703125,53.92977523803711,100.23811340332031,364.34375,48.081607818603516,135.83563232421875,455.71881103515625,90.90593719482422,247.13999938964844,18.799999237060547,68.79000091552734,50.04706573486328,93.83712768554688,4698.35009765625,3.877000093460083,13.670000076293945
2023-12-21,192.67835998535156,91.12334442138672,153.83999633789062,20.452964782714844,189.42999267578125,139.26895141601562,88.92807006835938,144.86036682128906,82.2145004272461,159.48280334472656,54.28550338745117,100.2017822265625,367.2142028808594,48.96006774902344,136.1659698486328,460.0399169921875,90.33070373535156,254.5,19.959999084472656,69.02999877929688,50.401954650878906,94.26335906982422,4746.75,3.8940000534057617,13.649999618530273
2023-12-22,191.60948181152344,91.0036392211914,153.4199981689453,20.416229248046875,190.27000427246094,140.33018493652344,88.84491729736328,145.4404754638672,82.13650512695312,159.38755798339844,54.59442138671875,100.02913665771484,368.2366027832031,48.800167083740234,137.12875366210938,460.9644470214844,89.91983795166016,252.5399932861328,20.15999984741211,68.69000244140625,51.00430679321289,94.4301528930664,4754.6298828125,3.9010000228881836,13.029999732971191
2023-12-26,191.06512451171875,91.18778991699219,153.41000366210938,20.61827850341797,191.72000122070312,140.3599395751953,88.90034484863281,146.07662963867188,82.3011245727539,160.3302001953125,54.819087982177734,100.23811340332031,368.31524658203125,49.2488899230957,137.751708984375,462.9108581542969,90.17549896240234,256.6099853515625,19.719999313354492,70.20999908447266,50.926170349121094,94.64326477050781,4774.75,3.885999917984009,12.989999771118164
2023-12-27,191.16407775878906,91.76790618896484,153.33999633789062,20.526437759399414,192.58999633789062,139.2193603515625,89.59308624267578,146.27308654785156,82.64763641357422,161.2918701171875,54.959503173828125,101.17390441894531,367.73529052734375,49.38681411743164,137.86497497558594,463.74786376953125,91.77336883544922,261.44000244140625,19.799999237060547,68.91999816894531,51.40479278564453,94.198486328125,4781.580078125,3.7890000343322754,12.430000305175781
2023-12-28,191.58966064453125,91.5653305053711,153.3800048828125,20.351940155029297,191.47000122070312,139.08050537109375,89.25132751464844,146.48826599121094,82.35309600830078,162.14878845214844,54.99695587158203,100.91041564941406,368.92474365234375,49.49175262451172,137.55348205566406,463.9229736328125,91.10682678222656,253.17999267578125,20.559999465942383,67.18000030517578,51.30385971069336,92.83638763427734,4783.35009765625,3.8499999046325684,12.470000267028809
2023-12-29,190.5504608154297,91.39038848876953,151.94000244140625,20.241731643676758,191.1699981689453,138.54490661621094,89.02967071533203,146.63795471191406,82.06720733642578,161.9583282470703,55.16545104980469,100.53791809082031,369.6719055175781,49.49175262451172,138.31805419921875,462.58001708984375,90.28506469726562,248.47999572753906,20.280000686645508,66.6500015258789,51.32990264892578,92.64179229736328,4769.830078125,3.865999937057495,12.449999809265137
2024-01-02,183.73130798339844,90.95761108398438,149.92999267578125,20.076417922973633,190.72000122070312,137.03736877441406,88.69713592529297,149.65975952148438,81.81597137451172,163.84356689453125,55.998600006103516,99.85655212402344,364.5894775390625,48.13856887817383,140.39463806152344,459.9912109375,89.76460266113281,248.4199981689453,20.760000228881836,65.7699966430664,51.8638801574707,94.84712219238281,4742.830078125,3.946000099182129,13.199999809265137
2024-01-03,182.35560607910156,91.0036392211914,148.47000122070312,20.33357048034668,189.1300048828125,137.78123474121094,88.90957641601562,150.59530639648438,81.54739379882812,163.12948608398438,56.12965393066406,99.62940979003906,364.32403564453125,47.539939880371094,139.5451202392578,456.234619140625,90.13896942138672,238.4499969482422,21.760000228881836,68.19000244140625,51.867130279541016,95.64401245117188,4704.81005859375,3.9070000648498535,14.039999961853027
2024-01-04,180.03965759277344,90.63531494140625,144.57000732421875,20.223363876342773,189.32000732421875,135.27195739746094,88.37386322021484,150.27723693847656,81.22686004638672,164.21202087402344,55.94243240356445,99.07518768310547,361.70904541015625,47.96867752075195,140.30966186523438,454.7650451660156,88.76934814453125,237.92999267578125,23.079999923706055,67.56999969482422,51.365718841552734,94.81005859375,4688.68017578125,3.990999937057495,14.130000114440918
2024-01-05,179.3171844482422,90.42353057861328,145.24000549316406,20.324386596679688,189.35000610351562,134.61740112304688,88.05060577392578,150.74497985839844,81.33082580566406,165.035888671875,55.858177185058594,98.72087860107422,361.5223388671875,49.0670051574707,139.148681640625,455.38787841796875,87.92018127441406,237.49000549316406,23.360000610351562,69.02999877929688,51.02384567260742,95.0972900390625,4697.240234375,4.041999816894531,13.350000381469727
2024-01-08,183.65213012695312,90.76423645019531,149.10000610351562,20.03049659729004,187.8699951171875,137.70188903808594,88.34615325927734,151.1192169189453,81.76398468017578,164.79641723632812,56.27007293701172,99.47494506835938,368.3448181152344,52.2210807800293,140.34742736816406,461.88897705078125,88.78759765625,240.4499969482422,24.040000915527344,66.4000015258789,51.5252571105957,93.5128173828125,4763.5400390625,4.001999855041504,13.079999923706055
2024-01-09,183.23643493652344,90.7458267211914,151.3699951171875,20.177440643310547,187.92999267578125,139.79461669921875,88.30921173095703,151.21278381347656,81.9026107788086,163.49354553222656,56.16709518432617,99.64757537841797,369.4261779785156,53.10753631591797,140.92320251464844,461.18829345703125,88.22150421142578,234.9600067138672,25.920000076293945,67.38999938964844,51.87038803100586,92.35455322265625,4756.5,4.019000053405762,12.760000228881836
2024-01-10,184.275634765625,90.57086181640625,153.72999572753906,20.03968048095703,187.5,141.1137237548828,88.17068481445312,151.4373016357422,82.07584381103516,163.83840942382812,56.35432815551758,99.52037811279297,376.28790283203125,54.316795349121094,141.52728271484375,463.7965087890625,87.8106460571289,233.94000244140625,24.600000381469727,66.55999755859375,52.51506423950195,91.44648742675781,4783.4501953125,4.03000020980835,12.6899995803833
2024-01-11,183.6818389892578,91.0865249633789,155.17999267578125,20.186626434326172,187.8699951171875,140.9153289794922,88.64173126220703,150.7637176513672,82.28379821777344,163.1486358642578,55.98924255371094,100.1200180053711,378.116455078125,54.78850555419922,142.0653076171875,463.5921325683594,88.30367279052734,227.22000122070312,25.15999984741211,67.6500015258789,52.45645523071289,91.42794799804688,4780.240234375,3.9769999980926514,12.4399995803833
2024-01-12,184.00843811035156,91.25225830078125,154.6199951171875,20.260099411010742,189.7100067138672,141.48065185546875,88.88187408447266,151.92379760742188,82.40505981445312,161.95111083984375,56.53218460083008,100.33804321289062,381.8913879394531,54.67657470703125,142.15028381347656,463.9132385253906,88.13018798828125,218.88999938964844,27.280000686645508,68.0199966430664,52.524837493896484,92.61399841308594,4783.830078125,3.950000047683716,12.699999809265137
2024-01-16,181.74197387695312,90.57086181640625,153.16000366210938,20.085603713989258,187.91000366210938,141.3219757080078,88.16143035888672,150.17434692382812,81.85063934326172,160.93563842773438,56.157737731933594,99.32050323486328,383.6609191894531,56.347557067871094,141.3856964111328,462.21014404296875,86.57796478271484,219.91000366210938,23.1200008392334,67.25,52.69089126586914,90.51988983154297,4765.97998046875,4.065999984741211,13.84000015258789
2024-01-17,180.80174255371094,90.32223510742188,151.7100067138672,20.05805015563965,185.83999633789062,140.31036376953125,87.87510681152344,150.09011840820312,81.53873443603516,160.0734405517578,56.157737731933594,99.11156463623047,382.87445068359375,56.01875686645508,141.52728271484375,459.6408386230469,86.44098663330078,215.5500030517578,23.280000686645508,67.94000244140625,52.44343948364258,89.86199951171875,4739.2099609375,4.105999946594238,14.789999961853027
2024-01-18,186.69058227539062,90.23936462402344,153.5,20.186626434326172,187.3699951171875,142.30386352539062,87.68115234375,150.81983947753906,81.6773681640625,160.38958740234375,56.31687927246094,98.92074584960938,387.199951171875,57.072113037109375,140.71133422851562,463.7283630371094,85.63748168945312,211.8800048828125,22.239999771118164,69.05999755859375,53.14997482299805,89.69522094726562,4780.93994140625,4.144000053405762,14.130000114440918
2024-01-19,189.59043884277344,90.25778198242188,155.33999633789062,20.149890899658203,187.92999267578125,145.18008422851562,87.69038391113281,151.25953674316406,81.76398468017578,163.158203125,56.007957458496094,99.02069854736328,391.918701171875,59.454654693603516,140.1699676513672,469.50927734375,85.9113998413086,212.19000244140625,20.799999237060547,68.81999969482422,52.869964599609375,89.83419799804688,4839.81005859375,4.145999908447266,13.300000190734863
2024-01-22,191.89646911621094,90.42353057861328,154.77999877929688,20.232547760009766,187.22000122070312,144.7932891845703,87.95824432373047,151.9986572265625,81.9026107788086,162.96661376953125,55.76456069946289,99.2932357788086,389.7952880859375,59.617557525634766,140.44541931152344,470.5019836425781,86.42274475097656,208.8000030517578,19.68000030517578,69.69000244140625,52.87321853637695,89.71373748779297,4850.43017578125,4.093999862670898,13.1899995803833
2024-01-23,193.1732177734375,90.2025146484375,156.02000427246094,20.342756271362305,187.9499969482422,145.8346710205078,87.73655700683594,149.51007080078125,81.85063934326172,161.89366149902344,56.026676177978516,98.9298324584961,392.1447448730469,59.83642578125,146.25851440429688,471.8741760253906,85.73792266845703,209.13999938964844,20.1200008392334,69.66000366210938,53.006717681884766,90.72373962402344,4864.60009765625,4.142000198364258,12.550000190734863
2024-01-24,192.5001983642578,89.99996185302734,156.8699951171875,20.517253875732422,186.39999389648438,147.4810333251953,87.48717498779297,148.71485900878906,81.80730438232422,163.34024047851562,55.14673614501953,98.7390365600586,395.7427673339844,61.32451248168945,144.49176025390625,472.38995361328125,85.23575592041016,207.8300018310547,21.059999465942383,70.54000091552734,52.257850646972656,92.2896957397461,4868.5498046875,4.177999973297119,13.140000343322754
2024-01-25,192.17359924316406,90.40510559082031,157.75,20.673383712768555,187.13999938964844,150.62509155273438,87.86585998535156,149.2761688232422,82.4137191772461,165.6777801513672,55.38075637817383,99.39315795898438,398.0137023925781,61.5793571472168,147.81626892089844,474.9593200683594,85.79270935058594,182.6300048828125,20.100000381469727,72.2300033569336,53.01973342895508,94.63399505615234,4894.16015625,4.131999969482422,13.449999809265137
2024-01-26,190.4416046142578,90.30382537841797,159.1199951171875,20.76522445678711,187.00999450683594,150.9424591064453,87.7088394165039,149.2200469970703,82.30977630615234,165.04547119140625,55.57734680175781,99.11156463623047,397.0895690917969,60.99371337890625,148.31019592285156,474.3559265136719,85.62835693359375,183.25,20.139999389648438,73.0999984741211,53.4853401184082,95.44013977050781,4890.97021484375,4.159999847412109,13.260000228881836
2024-01-29,189.7586669921875,90.66293334960938,161.25999450683594,20.59072494506836,188.3300018310547,152.2516326904297,88.23531341552734,149.08908081054688,82.54369354248047,165.47659301757812,55.91434097290039,99.52037811279297,402.7815856933594,62.426841735839844,148.32919311523438,478.1125183105469,86.6144790649414,190.92999267578125,19.1299991607666,72.05000305175781,53.736045837402344,95.56060791015625,4927.93017578125,4.091000080108643,13.600000381469727
2024-01-30,186.10662841796875,90.837890625,159.0,20.72848892211914,188.58999633789062,150.21844482421875,88.35540008544922,148.537109375,82.4137191772461,168.8679656982422,56.073490142822266,99.83834838867188,401.6706848144531,62.73564910888672,149.59249877929688,477.7427062988281,87.39973449707031,191.58999633789062,19.399999618530273,72.80999755859375,53.915122985839844,97.15437316894531,4924.97021484375,4.059000015258789,13.3100004196167
2024-01-31,182.50404357910156,91.25225830078125,155.1999969482422,20.50806999206543,188.4499969482422,138.9515838623047,89.09432220458984,148.65869140625,82.18848419189453,167.03814697265625,55.68968963623047,100.09275817871094,390.84710693359375,61.48941421508789,149.2600555419922,469.94720458984375,88.25802612304688,187.2899932861328,19.6299991607666,70.91999816894531,53.804412841796875,95.26407623291016,4845.64990234375,3.9670000076293945,14.350000381469727
2024-02-01,184.93878173828125,91.77222442626953,159.27999877929688,20.260099411010742,190.41000366210938,140.0028839111328,89.64613342285156,148.1535186767578,82.60843658447266,166.43460083007812,57.084495544433594,100.86682891845703,396.942138671875,62.98849868774414,151.19773864746094,476.09796142578125,89.98928833007812,188.86000061035156,18.90999984741211,69.06999969482422,54.80073928833008,94.87491607666016,4906.18994140625,3.86299991607666,13.880000114440918
2024-02-02,183.93914794921875,90.9317855834961,171.80999755859375,20.03049659729004,188.61000061035156,141.21287536621094,88.47953796386719,146.51634216308594,82.28605651855469,167.39259338378906,56.67259979248047,99.94597625732422,404.2561340332031,66.11959075927734,150.16241455078125,481.1100158691406,88.00151062011719,187.91000366210938,19.360000610351562,67.51000213623047,55.21099090576172,94.4857406616211,4958.60986328125,4.0329999923706055,13.850000381469727
2024-02-05,185.75035095214844,90.18373107910156,170.30999755859375,20.11315155029297,187.57000732421875,142.50221252441406,87.61840057373047,145.758544921875,81.8940200805664,167.17227172851562,56.20454406738281,98.98861694335938,398.7804870605469,69.2896499633789,150.2764129638672,479.3581848144531,86.22447967529297,181.05999755859375,19.25,68.18000030517578,54.91469955444336,94.0965805053711,4942.81005859375,4.164000034332275,13.670000076293945
2024-02-06,187.3536834716797,90.65472412109375,169.14999389648438,20.186626434326172,188.5500030517578,142.91879272460938,88.09062957763672,147.87286376953125,82.2250747680664,167.7470703125,56.110931396484375,99.54478454589844,398.6231384277344,68.18132019042969,150.98878479003906,480.74993896484375,87.06721496582031,185.10000610351562,18.540000915527344,68.80999755859375,55.289127349853516,94.74518585205078,4954.22998046875,4.090000152587891,13.0600004196167
2024-02-07,187.46255493164062,90.47001647949219,170.52999877929688,20.278467178344727,188.5,144.3469696044922,87.93321228027344,147.79800415039062,82.34703826904297,168.06320190429688,56.157737731933594,99.2530288696289,407.0381774902344,70.05616760253906,151.14073181152344,484.7596435546875,86.64583587646484,187.5800018310547,18.239999771118164,69.41999816894531,55.14912414550781,94.71739196777344,4995.06005859375,4.110000133514404,12.829999923706055
2024-02-08,186.38375854492188,90.1929702758789,169.83999633789062,20.3886775970459,188.3300018310547,144.71395874023438,87.64618682861328,146.31985473632812,82.36448669433594,167.4596710205078,56.007957458496094,98.74244689941406,407.09716796875,69.59844207763672,150.68482971191406,484.9737243652344,86.14202117919922,189.55999755859375,17.420000076293945,71.5199966430664,55.14586639404297,96.33895111083984,4997.91015625,4.170000076293945,12.789999961853027
2024-02-09,187.14682006835938,90.1652603149414,174.4499969482422,20.44378089904785,187.60000610351562,147.77862548828125,87.4887924194336,146.65664672851562,82.54742431640625,167.6608428955078,55.75520324707031,98.61480712890625,413.4281311035156,72.08893585205078,149.52601623535156,487.7765808105469,85.96798706054688,193.57000732421875,17.149999618530273,71.66999816894531,55.11656188964844,94.30042266845703,5026.60986328125,4.186999797821045,12.930000305175781
2024-02-12,185.46212768554688,90.18373107910156,172.33999633789062,20.452964782714844,187.11000061035156,146.32064819335938,87.57211303710938,147.67640686035156,82.35575103759766,168.40809631347656,55.886260986328125,98.62391662597656,408.22772216796875,72.20386505126953,149.23155212402344,487.5624694824219,86.06874084472656,188.1300048828125,16.170000076293945,72.11000061035156,55.44866943359375,95.59767150878906,5021.83984375,4.171999931335449,13.930000305175781
2024-02-13,183.3711700439453,89.3525390625,168.63999938964844,20.33357048034668,184.52999877929688,143.9502410888672,86.60917663574219,146.38536071777344,81.69364929199219,166.9423370361328,55.55862045288086,97.5389404296875,399.43914794921875,72.08393096923828,148.4336700439453,480.8472595214844,84.59394073486328,184.02000427246094,15.520000457763672,72.6500015258789,55.07098388671875,94.7746810913086,4953.169921875,4.315999984741211,15.850000381469727
2024-02-14,182.48919677734375,89.74964904785156,170.97999572753906,20.140705108642578,184.4199981689453,144.74368286132812,86.93324279785156,145.70237731933594,82.03340911865234,168.63800048828125,55.50244903564453,97.99481964111328,403.2998352050781,73.85486602783203,147.8257598876953,485.2170104980469,85.02449798583984,188.7100067138672,14.890000343322754,71.55000305175781,54.89515686035156,94.30706024169922,5000.6201171875,4.267000198364258,14.380000114440918
2024-02-15,182.20179748535156,89.96208190917969,169.8000030517578,20.186626434326172,185.66000366210938,141.5996856689453,87.17399597167969,147.7418975830078,82.25992584228516,172.3167724609375,55.605430603027344,98.35040283203125,400.41412353515625,72.61361694335938,149.13656616210938,488.5649108886719,85.46419525146484,200.4499969482422,14.8100004196167,72.83999633789062,55.11981964111328,97.0098648071289,5029.72998046875,4.239999771118164,14.010000228881836
2024-02-16,180.665771484375,89.67578125,169.50999450683594,20.232547760009766,186.33999633789062,139.3681182861328,86.79434204101562,147.57220458984375,82.06826782226562,171.5120391845703,55.596065521240234,97.99481964111328,397.951904296875,72.5686264038086,149.61148071289062,486.1318054199219,84.96952819824219,199.9499969482422,14.989999771118164,73.41000366210938,55.46820068359375,97.0098648071289,5005.56982421875,4.295000076293945,14.239999771118164
2024-02-20,179.9225616455078,89.75889587402344,167.0800018310547,20.122337341308594,187.47000122070312,139.96319580078125,86.9425048828125,148.80706787109375,82.2076644897461,172.18263244628906,56.8223876953125,98.32305145263672,396.7011413574219,69.40956115722656,150.5613555908203,483.45550537109375,85.04280853271484,193.75999450683594,14.770000457763672,72.41999816894531,57.25897216796875,96.09332275390625,4975.509765625,4.275000095367432,15.420000076293945
2024-02-21,180.6757049560547,89.4910659790039,168.58999633789062,20.204994201660156,187.47999572753906,141.3814697265625,86.66474151611328,149.58006286621094,82.07696533203125,173.3035125732422,57.3278923034668,98.0768814086914,396.1003723144531,67.4307861328125,152.35658264160156,483.8934631347656,84.43824005126953,194.77000427246094,16.6200008392334,73.19999694824219,56.55569076538086,98.05728912353516,4981.7998046875,4.324999809265137,15.34000015258789
2024-02-22,182.7071990966797,89.56494903564453,174.5800018310547,20.260099411010742,187.55999755859375,142.9088592529297,86.67401123046875,151.24856567382812,82.46031951904297,175.38238525390625,57.24363708496094,98.23187255859375,405.42718505859375,78.49002075195312,152.508544921875,493.9078369140625,84.85043334960938,197.41000366210938,16.280000686645508,73.5999984741211,57.112457275390625,97.97310638427734,5087.02978515625,4.327000141143799,14.539999961853027
2024-02-23,180.8739013671875,89.89739990234375,174.99000549316406,19.96620750427246,188.6199951171875,142.77992248535156,87.0721206665039,152.558837890625,82.50387573242188,176.26376342773438,57.29043960571289,98.52360534667969,404.13702392578125,78.76884460449219,152.95498657226562,494.24847412109375,85.98632049560547,191.97000122070312,15.210000038146973,71.91999816894531,57.161293029785156,97.11270904541016,5088.7998046875,4.260000228881836,13.75
2024-02-26,179.5261688232422,89.70348358154297,174.72999572753906,20.149890899658203,188.1999969482422,136.44232177734375,86.9425048828125,151.5690460205078,82.25122833251953,175.6602020263672,56.83174133300781,98.2136459350586,401.37939453125,79.04368591308594,152.1855926513672,492.43829345703125,85.72981262207031,199.39999389648438,15.619999885559082,72.79000091552734,58.21622085571289,97.49615478515625,5069.52978515625,4.298999786376953,13.739999771118164
2024-02-27,180.98289489746094,89.58342742919922,173.5399932861328,20.306018829345703,188.0,137.7415771484375,86.74807739257812,151.74813842773438,82.31221771240234,175.74644470214844,56.48537826538086,98.0768814086914,401.3202819824219,78.65291595458984,151.31173706054688,493.35308837890625,85.12525939941406,199.72999572753906,16.170000076293945,73.8499984741211,58.20644760131836,97.29041290283203,5078.18017578125,4.315000057220459,13.430000305175781
2024-02-28,179.7838134765625,89.75889587402344,173.16000366210938,20.223363876342773,188.33999633789062,135.26206970214844,87.06287384033203,152.2854766845703,82.32964324951172,176.6374053955078,56.54154586791992,98.0677490234375,401.556640625,77.61555480957031,152.0241241455078,492.7010192871094,85.66569519042969,202.0399932861328,16.729999542236328,73.62000274658203,58.23575210571289,97.5616226196289,5069.759765625,4.27400016784668,13.84000015258789
2024-02-29,179.11985778808594,89.90664672851562,176.75999450683594,20.195810317993164,189.30999755859375,137.32501220703125,87.23880004882812,152.12521362304688,82.4341812133789,178.246826171875,56.185821533203125,98.1589584350586,407.38714599609375,79.06366729736328,150.9697723388672,494.4722595214844,86.27030181884766,201.8800048828125,16.540000915527344,73.36000061035156,57.249210357666016,97.7486572265625,5096.27001953125,4.251999855041504,13.399999618530273
2024-03-01,178.0396728515625,90.33829498291016,178.22000122070312,20.29683494567871,192.88999938964844,136.01583862304688,87.63706970214844,152.82278442382812,82.71366882324219,177.5091552734375,55.72712326049805,98.75648498535156,409.218994140625,82.2287368774414,150.8843231201172,499.114501953125,86.80783081054688,202.63999938964844,16.420000076293945,74.95999908447266,57.395721435546875,98.98314666748047,5137.080078125,4.179999828338623,13.109999656677246
2024-03-04,173.5208282470703,90.1159896850586,177.5800018310547,20.36112403869629,196.00999450683594,132.2568817138672,87.4421157836914,150.6735382080078,82.74868774414062,178.8407745361328,55.98924255371094,98.57347869873047,408.6478271484375,85.1849136352539,151.55868530273438,498.5793151855469,86.45864868164062,188.13999938964844,17.299999237060547,74.01000213623047,57.923187255859375,97.5990219116211,5130.9501953125,4.218999862670898,13.489999771118164
2024-03-05,168.58570861816406,90.60691833496094,174.1199951171875,20.204994201660156,197.19000244140625,131.5824737548828,87.98055267333984,150.79608154296875,82.65231323242188,180.63226318359375,55.7177619934082,99.11339569091797,396.563232421875,85.91551208496094,151.3307342529297,493.5964050292969,87.68998718261719,180.74000549316406,17.510000228881836,73.44999694824219,58.64600372314453,98.79610443115234,5078.64990234375,4.13700008392334,14.460000038146973
2024-03-06,167.59475708007812,90.74586486816406,173.50999450683594,20.37030792236328,198.80999755859375,130.32289123535156,88.19407653808594,150.2021942138672,82.84505462646484,181.57110595703125,55.745849609375,99.37873840332031,396.01171875,88.64997100830078,151.5681915283203,496.0975646972656,88.20454406738281,176.5399932861328,17.290000915527344,74.33999633789062,59.163700103759766,99.85289001464844,5104.759765625,4.104000091552734,14.5
2024-03-07,167.475830078125,90.94036865234375,176.82000732421875,20.425413131713867,199.94000244140625,133.27845764160156,88.34262084960938,149.7591552734375,82.93268585205078,179.98080444335938,55.64286804199219,99.62580871582031,402.9552001953125,92.6167221069336,152.5655517578125,501.02203369140625,88.1218490600586,178.64999389648438,16.030000686645508,74.2300033569336,58.95857238769531,100.41402435302734,5157.35986328125,4.0920000076293945,14.4399995803833
2024-03-08,169.1902313232422,91.02371978759766,175.35000610351562,20.36112403869629,201.6300048828125,134.3000030517578,88.40760803222656,150.37188720703125,82.96773529052734,180.31614685058594,55.7177619934082,99.76309204101562,400.0792541503906,87.4786376953125,152.30908203125,498.0148010253906,87.96564483642578,175.33999633789062,16.1299991607666,73.36000061035156,58.724143981933594,101.35859680175781,5123.68994140625,4.089000225067139,14.739999771118164
2024-03-11,171.1920166015625,90.92184448242188,171.9600067138672,20.53562355041504,202.0,136.54148864746094,88.29620361328125,151.98382568359375,82.96773529052734,180.3831787109375,56.39176940917969,99.78138732910156,398.4049987792969,85.72561645507812,153.4488983154297,497.5866394042969,87.9197006225586,177.77000427246094,15.6899995803833,73.62000274658203,59.25160598754883,101.95711517333984,5117.93994140625,4.104000091552734,15.220000267028809
2024-03-12,171.66766357421875,90.69026947021484,175.38999938964844,20.48051643371582,199.7899932861328,137.36468505859375,87.93412780761719,153.40724182128906,83.01152801513672,181.8680877685547,56.63515853881836,99.46110534667969,409.0023498535156,91.86116027832031,153.80984497070312,502.9393310546875,87.1845703125,177.5399932861328,15.3100004196167,73.3499984741211,59.984195709228516,101.30248260498047,5175.27001953125,4.15500020980835,13.84000015258789
2024-03-13,169.58660888671875,90.52356719970703,176.55999755859375,20.76522445678711,201.19000244140625,138.64410400390625,87.73915100097656,151.8612823486328,83.07286834716797,183.34344482421875,57.21554946899414,99.36044311523438,408.8251037597656,90.83673095703125,154.1613006591797,502.15093994140625,86.76188659667969,169.47999572753906,14.90999984741211,75.08999633789062,59.857215881347656,102.43408203125,5165.31005859375,4.191999912261963,13.75
2024-03-14,171.4397430419922,89.94927215576172,178.75,20.829513549804688,200.35000610351562,141.92698669433594,87.0893325805664,150.07968139648438,82.66108703613281,180.07664489746094,57.08816146850586,98.62835693359375,418.7920837402344,87.89439392089844,153.4014129638672,501.1583251953125,85.42949676513672,162.5,15.569999694824219,76.30000305175781,59.80624771118164,104.24839782714844,5150.47998046875,4.297999858856201,14.399999618530273
2024-03-15,171.0631866455078,89.94001007080078,174.4199981689453,20.902986526489258,199.7100067138672,140.02272033691406,86.94078063964844,149.10874938964844,82.66986083984375,182.3087921142578,56.50312805175781,98.65580749511719,410.1250915527344,87.7874526977539,153.2874298095703,497.717041015625,85.40191650390625,163.57000732421875,15.130000114440918,76.33000183105469,59.47300720214844,104.06135559082031,5117.08984375,4.303999900817871,14.40999984741211
2024-03-18,172.15325927734375,89.84738159179688,174.47999572753906,21.095849990844727,200.02999877929688,146.4694366455078,86.83867645263672,147.77017211914062,82.81878662109375,184.56968688964844,56.73903274536133,98.49110412597656,411.01153564453125,88.40510559082031,153.12596130371094,500.675048828125,85.1446304321289,173.8000030517578,15.34000015258789,77.9800033569336,59.64943313598633,105.0246353149414,5149.419921875,4.340000152587891,14.329999923706055
2024-03-19,174.49197387695312,90.0696792602539,175.89999389648438,21.086666107177734,199.8000030517578,145.82476806640625,87.0893325805664,147.25172424316406,83.16925048828125,185.6522216796875,56.83338928222656,98.77478790283203,415.0396728515625,89.34758758544922,153.71484375,503.4574279785156,85.383544921875,171.32000732421875,15.640000343322754,78.43000030517578,59.65922927856445,105.7634506225586,5178.509765625,4.296999931335449,13.819999694824219
2024-03-20,177.05860900878906,90.25495147705078,178.14999389648438,21.03156280517578,202.17999267578125,147.52073669433594,87.29357147216797,146.82749938964844,83.4495849609375,188.08558654785156,57.32406997680664,98.95781707763672,418.80194091796875,90.32102966308594,153.8668212890625,508.11395263671875,85.35596466064453,175.66000366210938,15.369999885559082,77.25,60.031673431396484,105.66993713378906,5224.6201171875,4.2729997634887695,13.039999961853027
2024-03-21,169.82444763183594,90.31976318359375,178.14999389648438,21.004011154174805,201.97000122070312,146.39007568359375,87.3028564453125,146.81808471679688,83.44083404541016,190.70089721679688,57.05986022949219,99.10420227050781,422.8793640136719,91.38343048095703,153.7433624267578,509.7932434082031,85.53976440429688,172.82000732421875,15.319999694824219,76.81999969482422,60.22769546508789,106.13753509521484,5241.52978515625,4.270999908447266,12.920000076293945
2024-03-22,170.7262420654297,90.60691833496094,178.8699951171875,20.857065200805664,200.35000610351562,149.5341033935547,87.72988891601562,146.32789611816406,83.32693481445312,188.36337280273438,57.07872772216797,99.44281005859375,422.2588806152344,94.2358169555664,153.5533905029297,508.8266296386719,86.35757446289062,170.8300018310547,15.109999656677246,76.68000030517578,59.65922927856445,106.13753509521484,5234.18017578125,4.2179999351501465,13.0600004196167
2024-03-25,169.30914306640625,90.44017791748047,179.7100067138672,21.03156280517578,200.99000549316406,148.83984375,87.49779510498047,146.31846618652344,83.24808502197266,186.6389923095703,56.993804931640625,99.10420227050781,416.4677429199219,94.94841003417969,152.15711975097656,507.4209289550781,85.92567443847656,172.6300048828125,15.039999961853027,77.76000213623047,59.365196228027344,107.22239685058594,5218.18994140625,4.252999782562256,13.1899995803833
2024-03-26,168.17942810058594,90.53282165527344,178.3000030517578,20.866249084472656,201.63999938964844,149.43492126464844,87.6277847290039,146.8369598388672,83.09037780761719,187.51077270507812,57.12590789794922,99.0767593383789,415.2760009765625,92.50879669189453,152.4990692138672,506.48370361328125,86.16458892822266,177.6699981689453,14.960000038146973,77.29000091552734,59.30638885498047,106.41809844970703,5203.580078125,4.234000205993652,13.239999771118164
2024-03-27,171.74693298339844,90.82923126220703,179.8300018310547,20.847881317138672,203.10000610351562,149.63328552246094,87.96198272705078,148.90135192871094,83.5372085571289,191.14161682128906,57.58827590942383,99.76309204101562,415.0593566894531,90.1990966796875,154.45574951171875,510.7401428222656,87.01917266845703,179.8300018310547,14.350000381469727,77.51000213623047,59.51221466064453,107.52165985107422,5248.490234375,4.196000099182129,12.779999732971191
2024-03-28,169.93345642089844,90.71805572509766,180.3800048828125,21.095849990844727,205.72000122070312,149.6927947998047,87.87843322753906,149.1181640625,83.40577697753906,191.8888397216797,57.72981643676758,99.67158508300781,414.3600769042969,90.3050308227539,154.11378479003906,510.6424560546875,86.94566345214844,175.7899932861328,14.569999694824219,78.7300033569336,58.9731559753418,108.70938110351562,5254.35009765625,4.205999851226807,13.010000228881836
2024-04-01,168.4965362548828,90.0584716796875,180.97000122070312,21.196876525878906,207.82000732421875,154.21539306640625,87.08331298828125,148.73165893554688,82.99090576171875,190.58596801757812,57.25801086425781,98.71717834472656,418.15191650390625,90.31202697753906,152.5275421142578,509.75408935546875,85.32491302490234,175.22000122070312,15.390000343322754,79.66999816894531,58.806541442871094,109.41079711914062,5243.77001953125,4.328999996185303,13.649999618530273
2024-04-02,167.3172607421875,89.9934310913086,180.69000244140625,21.389741897583008,210.88999938964844,153.29302978515625,86.8970718383789,148.68453979492188,82.83238220214844,190.50933837890625,56.75790023803711,98.5702133178711,415.0692443847656,89.40155029296875,152.51805114746094,506.5130615234375,84.85472106933594,166.6300048828125,15.479999542236328,80.79000091552734,57.98324203491211,111.55244445800781,5205.81005859375,4.364999771118164,14.609999656677246
2024-04-03,168.11996459960938,90.04917907714844,182.41000366210938,21.646896362304688,212.74000549316406,153.6500701904297,86.9994888305664,145.41354370117188,82.87641143798828,189.97283935546875,56.45594787597656,98.63452911376953,414.0942077636719,88.913818359375,148.31967163085938,507.0694274902344,84.83625793457031,168.3800048828125,15.460000038146973,81.25,58.24787139892578,111.57113647460938,5211.490234375,4.355000019073486,14.329999923706055
2024-04-04,167.2974853515625,90.26284790039062,180.0,21.702001571655273,211.52000427246094,149.2960662841797,87.29744720458984,143.75445556640625,82.76190185546875,188.5274200439453,55.955833435058594,98.74474334716797,411.5630798339844,85.85653686523438,147.65478515625,500.880126953125,85.44474792480469,171.11000061035156,14.899999618530273,82.2699966430664,58.31648254394531,111.96392822265625,5147.2099609375,4.309000015258789,16.350000381469727
2024-04-05,168.0506134033203,89.81690979003906,185.07000732421875,21.812210083007812,215.13999938964844,151.2499237060547,86.72018432617188,143.65077209472656,82.71786499023438,190.2619171142578,56.15399932861328,98.31301879882812,419.0875549316406,87.95836639404297,148.27223205566406,506.1127624511719,84.2554702758789,164.89999389648438,14.869999885559082,82.4000015258789,58.65951919555664,113.50703430175781,5204.33984375,4.377999782562256,16.030000686645508
2024-04-08,166.9307861328125,89.73329162597656,185.19000244140625,21.80302619934082,216.47999572753906,153.58065795898438,86.52464294433594,142.8966522216797,82.93807220458984,191.25442504882812,55.92753219604492,98.30384826660156,418.171630859375,87.08385467529297,148.2152099609375,506.3959045410156,84.24623107910156,172.97999572753906,15.40999984741211,82.19999694824219,58.59091567993164,112.74015045166016,5202.39013671875,4.423999786376953,15.1899995803833
2024-04-09,168.13978576660156,90.03987884521484,185.6699981689453,21.68363380432129,217.6699981689453,155.3163299560547,86.86914825439453,143.55650329589844,83.16706848144531,189.97283935546875,56.35215377807617,98.80905151367188,419.8360595703125,85.30584716796875,148.80413818359375,506.9815673828125,85.0298843383789,176.8800048828125,15.850000381469727,81.1500015258789,58.600711822509766,113.329345703125,5209.91015625,4.366000175476074,14.979999542236328
2024-04-10,166.26683044433594,88.96224975585938,185.9499969482422,21.793842315673828,215.61000061035156,154.86009216308594,85.714599609375,141.58636474609375,82.39197540283203,188.35400390625,55.59726333618164,97.40367126464844,416.8616943359375,86.98990631103516,149.35504150390625,501.9051208496094,83.17680358886719,171.75999450683594,15.670000076293945,82.08999633789062,59.41420364379883,114.28325653076172,5160.64013671875,4.559999942779541,15.800000190734863
2024-04-11,173.46133422851562,88.98081970214844,189.0500030517578,21.757104873657227,219.8000030517578,158.10328674316406,85.59358978271484,140.25723266601562,82.31266784667969,188.3154296875,55.71993637084961,97.2015609741211,421.46112060546875,90.56487274169922,148.02525329589844,505.6930236816406,82.7988052368164,174.60000610351562,14.850000381469727,81.55000305175781,58.894744873046875,113.89982604980469,5199.06005859375,4.576000213623047,14.90999984741211
2024-04-12,174.95774841308594,89.1480484008789,186.1300048828125,21.784656524658203,216.88999938964844,156.43702697753906,85.94738006591797,139.06005859375,82.30388641357422,176.13560485839844,54.99335861206055,97.42202758789062,415.52227783203125,88.13626098632812,147.5408172607422,498.712890625,83.24132537841797,171.0500030517578,14.890000343322754,81.52999877929688,58.94375228881836,112.57182312011719,5123.41015625,4.499000072479248,17.309999465942383
2024-04-15,171.13255310058594,88.60919189453125,183.6199951171875,21.812210083007812,220.9499969482422,153.590576171875,85.39804077148438,139.12603759765625,81.81062316894531,176.23196411132812,54.86125946044922,96.34732055664062,407.38714599609375,85.95249938964844,147.65478515625,492.4649353027344,81.95063018798828,161.47999572753906,14.140000343322754,81.6500015258789,58.7379264831543,111.92652130126953,5061.81982421875,4.627999782562256,19.229999542236328
2024-04-16,167.8524169921875,88.35838317871094,183.32000732421875,21.77547264099121,221.22000122070312,153.13433837890625,85.0628662109375,136.16610717773438,81.53755187988281,174.2180633544922,54.7857666015625,96.02581787109375,408.31292724609375,87.3656997680664,148.12973022460938,491.5667419433594,81.40670013427734,157.11000061035156,14.479999542236328,81.33000183105469,58.649715423583984,111.00065612792969,5051.41015625,4.658999919891357,18.399999618530273
2024-04-17,166.48484802246094,88.76714324951172,181.27999877929688,21.43566131591797,219.58999633789062,154.19557189941406,85.60287475585938,136.46780395507812,81.64324951171875,173.52427673339844,55.210391998291016,96.54939270019531,405.61431884765625,83.98759460449219,149.0890655517578,488.6575622558594,82.31017303466797,155.4499969482422,14.380000114440918,78.91000366210938,58.463497161865234,110.94454956054688,5022.2099609375,4.585000038146973,18.209999084472656
2024-04-18,165.53347778320312,88.51630401611328,179.22000122070312,21.426477432250977,220.33999633789062,154.7311553955078,85.3049545288086,137.38214111328125,81.74897766113281,174.65167236328125,55.587833404541016,96.35651397705078,398.1587829589844,84.62324523925781,150.3672332763672,487.6519775390625,81.8952865600586,149.92999267578125,14.420000076293945,78.77999877929688,58.08124923706055,110.84165954589844,5011.1201171875,4.646999835968018,18.0
2024-04-19,163.51190185546875,88.60919189453125,174.6300048828125,21.527503967285156,221.02999877929688,152.82687377929688,85.41668701171875,139.427734375,81.91631317138672,179.0360107421875,56.77677536010742,96.45753479003906,393.08660888671875,76.15702819824219,151.17984008789062,483.3955993652344,82.19033813476562,147.0500030517578,14.520000457763672,78.8499984741211,58.345882415771484,112.11355590820312,4967.22998046875,4.614999771118164,18.709999084472656
2024-04-22,164.34429931640625,88.6649398803711,177.22999572753906,21.527503967285156,215.57000732421875,154.99893188476562,85.42597198486328,140.5683135986328,82.33911895751953,182.5146026611328,57.135345458984375,96.69635772705078,394.8988342285156,79.47314453125,153.47418212890625,487.8472900390625,82.05205535888672,142.0500030517578,15.039999961853027,78.77999877929688,58.94375228881836,112.74950408935547,5010.60009765625,4.623000144958496,16.940000534057617
2024-04-23,165.39476013183594,88.85074615478516,179.5399932861328,21.61934471130371,215.0399932861328,156.96270751953125,85.53771209716797,140.98306274414062,82.65620422363281,185.1452178955078,57.22026824951172,96.86170959472656,401.40887451171875,82.37651062011719,154.39195251464844,493.6363830566406,82.0796890258789,144.67999267578125,15.4399995803833,79.9800033569336,57.914634704589844,113.18905639648438,5070.5498046875,4.5980000495910645,15.6899995803833
2024-04-24,167.49563598632812,88.61849212646484,176.58999633789062,21.5917911529541,214.63999938964844,157.82559204101562,85.2770004272461,140.01211547851562,82.51528930664062,186.05099487304688,58.078948974609375,96.48509979248047,402.8763732910156,79.63206481933594,155.4435272216797,493.402099609375,81.49888610839844,162.1300048828125,14.359999656677246,79.63999938964844,58.67912292480469,113.20777893066406,5071.6298828125,4.6519999504089355,15.970000267028809
2024-04-25,168.35781860351562,88.36766052246094,173.6699981689453,21.711183547973633,215.9199981689453,154.7212371826172,84.95113372802734,138.40020751953125,82.2862548828125,186.3304443359375,58.258243560791016,96.2003402709961,393.00787353515625,82.58538818359375,155.39572143554688,491.52764892578125,80.92729187011719,170.17999267578125,14.369999885559082,80.44000244140625,59.01235580444336,113.46961975097656,5048.419921875,4.705999851226807,15.369999885559082
2024-04-26,167.77313232421875,88.56275939941406,179.6199951171875,21.72955322265625,216.6199951171875,170.5404815673828,85.18388366699219,137.75921630859375,82.55933380126953,186.4460906982422,58.258243560791016,96.56775665283203,400.17779541015625,87.68551635742188,154.19119262695312,496.1844177246094,81.35135650634766,168.2899932861328,14.0600004196167,80.38999938964844,58.963348388671875,110.31794738769531,5099.9599609375,4.669000148773193,15.029999732971191
2024-04-29,171.9352569580078,88.8321762084961,180.9600067138672,21.711183547973633,216.17999267578125,164.7880096435547,85.52838134765625,138.40020751953125,82.81472778320312,186.2437286376953,58.54132080078125,96.971923828125,396.1693420410156,87.70751190185547,154.54490661621094,497.94158935546875,82.0335922241211,194.0500030517578,14.90999984741211,79.5,59.0417594909668,111.88911437988281,5116.169921875,4.613999843597412,14.670000076293945
2024-04-30,168.7938232421875,88.46986389160156,175.0,21.43566131591797,211.8699951171875,161.4456787109375,85.12804412841797,136.29806518554688,82.2950668334961,184.75979614257812,58.28654479980469,96.43917846679688,383.44464111328125,86.353271484375,156.01712036132812,490.0536193847656,81.33292388916016,183.27999877929688,14.4399995803833,78.37999725341797,58.169464111328125,110.60786437988281,5035.68994140625,4.685999870300293,15.649999618530273
2024-05-01,167.77313232421875,88.78205871582031,179.0,21.123403549194336,213.7899932861328,162.51678466796875,85.46515655517578,142.51016235351562,82.65740203857422,184.8754425048828,58.43752670288086,96.84032440185547,388.9698181152344,82.99414825439453,156.2083282470703,488.46234130859375,81.93243408203125,179.99000549316406,14.140000343322754,75.93000030517578,57.679412841796875,108.51297760009766,5018.39013671875,4.59499979019165,15.390000343322754
2024-05-02,171.469482421875,89.18274688720703,184.72000122070312,21.196876525878906,213.1300048828125,165.25418090820312,85.86669921875,141.3224334716797,83.13581085205078,184.6826934814453,58.494144439697266,97.43975830078125,391.82598876953125,85.76859283447266,156.6289520263672,493.0310974121094,82.28400421142578,180.00999450683594,14.859999656677246,75.93000030517578,58.522300720214844,108.70938110351562,5064.2001953125,4.571000099182129,14.680000305175781
2024-05-03,181.72613525390625,89.63938903808594,186.2100067138672,21.224430084228516,212.9600067138672,165.86911010742188,86.34296417236328,140.70968627929688,83.51675415039062,183.5745391845703,58.66398620605469,98.1221923828125,400.5126953125,88.7389144897461,157.22166442871094,499.1424255371094,83.11664581298828,181.19000244140625,15.670000076293945,75.12999725341797,58.63011169433594,108.48492431640625,5127.7900390625,4.5,13.489999771118164
2024-05-06,180.07119750976562,89.70463562011719,188.6999969482422,21.463214874267578,215.1999969482422,166.72206115722656,86.41767120361328,140.0592803955078,83.60537719726562,185.0103302001953,58.83383560180664,98.39884948730469,407.28863525390625,92.0880355834961,157.20254516601562,504.29693603515625,83.44047546386719,184.75999450683594,16.059999465942383,75.66000366210938,58.67912292480469,109.18633270263672,5180.740234375,4.488999843597412,13.489999771118164
2024-05-07,180.7550048828125,89.89100646972656,188.75999450683594,21.444847106933594,214.2100067138672,169.84622192382812,86.64179992675781,140.19125366210938,83.64079284667969,184.76942443847656,59.0886116027832,98.44495391845703,403.152099609375,90.5029296875,158.46444702148438,504.8533935546875,83.94929504394531,177.80999755859375,16.170000076293945,75.5,59.41420364379883,108.6439208984375,5187.7001953125,4.4629998207092285,13.229999542236328
2024-05-08,181.09190368652344,89.70463562011719,188.0,21.334636688232422,213.5800018310547,167.99156188964844,86.39901733398438,140.40805053710938,83.46359252929688,188.5274200439453,59.305633544921875,98.1959457397461,404.3340148925781,90.36101531982422,157.80482482910156,504.9022521972656,83.44047546386719,174.72000122070312,15.949999809265137,76.11000061035156,59.10056686401367,108.62521362304688,5187.669921875,4.492000102996826,13.0
2024-05-09,182.90541076660156,89.87238311767578,189.5,21.417293548583984,216.9499969482422,168.5668182373047,86.66049194335938,141.25643920898438,83.49019622802734,190.3101043701172,59.33395004272461,98.35274505615234,406.08709716796875,88.69695281982422,158.7321319580078,507.8114318847656,83.84752655029297,171.97000122070312,16.920000076293945,76.5199966430664,59.44282913208008,110.76685333251953,5214.080078125,4.448999881744385,12.6899995803833
2024-05-10,181.64515686035156,89.68598175048828,187.47999572753906,21.38055992126465,218.7100067138672,167.26754760742188,86.38032531738281,141.31301879882812,83.29527282714844,191.5338592529297,59.69252014160156,98.0391845703125,408.4704895019531,89.82730865478516,159.5064697265625,508.46563720703125,83.37569427490234,168.47000122070312,16.520000457763672,75.30000305175781,59.482173919677734,110.31794738769531,5222.68017578125,4.504000186920166,12.550000190734863
2024-05-13,184.85035705566406,89.73258972167969,186.57000732421875,21.518320083618164,216.25999450683594,167.75352478027344,86.48304748535156,142.54788208007812,83.30414581298828,191.4953155517578,59.99447250366211,98.07608032226562,407.4659423828125,90.3480224609375,158.56959533691406,508.5338439941406,83.58847045898438,171.88999938964844,17.309999465942383,76.12999725341797,59.4133186340332,110.27119445800781,5221.419921875,4.480999946594238,13.600000381469727
2024-05-14,185.9915313720703,89.97486877441406,187.07000732421875,21.426477432250977,218.08999633789062,168.9436798095703,86.73518371582031,142.69869995117188,83.42816162109375,194.1741180419922,59.541542053222656,98.36196899414062,410.26300048828125,91.30447387695312,158.46444702148438,510.8670349121094,84.06031799316406,177.5500030517578,17.170000076293945,75.20999908447266,58.87239456176758,110.94058227539062,5246.68017578125,4.445000171661377,13.420000076293945
2024-05-15,188.2639617919922,90.5712890625,185.99000549316406,21.499950408935547,220.88999938964844,171.0959014892578,87.38888549804688,143.9147186279297,83.88887023925781,194.7522735595703,59.569847106933594,99.2380599975586,417.4360046386719,94.57662963867188,159.18142700195312,517.1931762695312,85.20751190185547,173.99000549316406,17.600000381469727,75.87999725341797,58.842899322509766,111.79854583740234,5308.14990234375,4.355999946594238,12.449999809265137
2024-05-16,188.383056640625,90.46878814697266,183.6300048828125,21.5550537109375,220.02999877929688,172.752197265625,87.22078704833984,145.43240356445312,83.72052764892578,195.0991668701172,59.74913787841797,99.0812759399414,415.3739013671875,94.30577850341797,160.47201538085938,516.1290283203125,85.12425994873047,174.83999633789062,18.170000076293945,76.25,62.95392990112305,111.12914276123047,5297.10009765625,4.376999855041504,12.420000076293945
2024-05-17,188.41281127929688,90.17987823486328,184.6999969482422,21.77547264099121,223.66000366210938,174.61680603027344,86.9499740600586,145.77174377441406,83.711669921875,197.33470153808594,59.47549057006836,98.8507308959961,414.6043395996094,92.42683410644531,160.26170349121094,516.8709716796875,84.55065155029297,177.4600067138672,19.100000381469727,76.97000122070312,63.583377838134766,112.79792785644531,5303.27001953125,4.420000076293945,11.989999771118164
2024-05-20,189.57382202148438,90.09600830078125,183.5399932861328,21.968339920043945,224.55999755859375,175.46974182128906,86.81922149658203,143.7476806640625,83.76483917236328,188.4600067138672,59.04143142700195,98.80461120605469,419.66583251953125,94.72655487060547,159.94622802734375,517.4663696289062,84.30085754394531,174.9499969482422,19.81999969482422,76.7300033569336,63.12112045288086,111.88338470458984,5308.1298828125,4.436999797821045,12.149999618530273
2024-05-21,190.87379455566406,90.26375579833984,183.14999389648438,21.876497268676758,224.22999572753906,176.39210510253906,87.04337310791016,143.7191925048828,83.72052764892578,192.25657653808594,59.36225509643555,98.97062683105469,423.3165588378906,95.33220672607422,160.94046020507812,518.7355346679688,84.73567962646484,186.60000610351562,19.489999771118164,76.16000366210938,64.07512664794922,111.11030578613281,5321.41015625,4.414000034332275,11.859999656677246
2024-05-22,189.43490600585938,90.15193939208984,183.1300048828125,21.564237594604492,220.11000061035156,174.93417358398438,86.9312973022461,145.8667449951172,83.54332733154297,191.09060668945312,59.447181701660156,98.82305145263672,424.7767639160156,94.89645385742188,160.42420959472656,517.241943359375,84.83743286132812,180.11000061035156,20.549999237060547,74.87000274658203,64.17346954345703,108.87583923339844,5307.009765625,4.434000015258789,12.289999961853027
2024-05-23,185.4457550048828,89.90033721923828,181.0500030517578,21.454030990600586,215.72000122070312,172.1273651123047,86.62313079833984,142.2557373046875,83.23326110839844,189.75119018554688,58.5885009765625,98.38963317871094,421.3037414550781,103.7404556274414,158.2063446044922,513.4638671875,84.2916030883789,173.74000549316406,20.1200008392334,74.44999694824219,63.77023696899414,107.01848602294922,5267.83984375,4.474999904632568,12.770000457763672
2024-05-24,188.52195739746094,90.00284576416016,180.75,21.600976943969727,215.9199981689453,173.55557250976562,86.73518371582031,139.66148376464844,83.525634765625,193.4032440185547,58.503570556640625,98.6570816040039,424.42156982421875,106.40895080566406,158.05337524414062,516.8612060546875,84.54139709472656,179.24000549316406,19.020000457763672,75.3499984741211,64.30133056640625,106.93363189697266,5304.72021484375,4.4670000076293945,11.930000305175781
2024-05-28,188.53189086914062,89.58348083496094,182.14999389648438,21.986709594726562,218.19000244140625,174.95399475097656,86.24958038330078,137.20028686523438,83.21554565429688,192.23727416992188,58.33372116088867,98.06684875488281,424.5794372558594,113.83676147460938,155.93109130859375,517.2223510742188,83.32942199707031,176.75,19.360000610351562,77.66000366210938,63.96693801879883,108.29129028320312,5306.0400390625,4.541999816894531,12.920000076293945
2024-05-29,188.82957458496094,89.23869323730469,182.02000427246094,21.757104873657227,216.16000366210938,174.45811462402344,85.82938385009766,137.25730895996094,82.94092559814453,190.89788818359375,58.22049331665039,97.54119110107422,423.44476318359375,114.76023864746094,154.5353240966797,513.6005249023438,82.32099914550781,176.19000244140625,18.219999313354492,76.56999969482422,63.848915100097656,107.13162231445312,5266.9501953125,4.624000072479248,14.279999732971191
2024-05-30,189.8218994140625,89.65804290771484,179.32000732421875,21.47239875793457,216.57000732421875,170.6991729736328,86.25894927978516,138.0555419921875,83.23326110839844,192.073486328125,58.47526931762695,98.140625,409.1382141113281,110.43766784667969,155.42442321777344,510.19354248046875,83.11664581298828,178.7899932861328,17.559999465942383,75.52999877929688,63.81940841674805,107.4710464477539,5235.47998046875,4.553999900817871,14.470000267028809
2024-05-31,190.77455139160156,89.9469223022461,176.44000244140625,21.371374130249023,215.3000030517578,171.08596801757812,86.66049194335938,139.3764190673828,83.58765411376953,195.2533416748047,59.381126403808594,98.5740737915039,409.5920715332031,109.5711669921875,157.2981414794922,514.84033203125,83.68098449707031,178.0800018310547,17.59000015258789,74.81999969482422,64.675048828125,110.55404663085938,5277.509765625,4.513999938964844,12.920000076293945
2024-06-03,192.54087829589844,90.49101257324219,178.33999633789062,21.06829833984375,217.22000122070312,171.75047302246094,87.22807312011719,140.3931884765625,83.8201904296875,194.4728240966797,59.381126403808594,99.25444793701172,408.00360107421875,114.93513488769531,157.40328979492188,515.2601318359375,85.03449249267578,176.2899932861328,18.920000076293945,71.83000183105469,64.73405456542969,107.90473175048828,5283.39990234375,4.4019999504089355,13.109999656677246
2024-06-04,192.85842895507812,90.81819152832031,179.33999633789062,20.857065200805664,215.27000427246094,172.36538696289062,87.70574951171875,140.45021057128906,83.78453826904297,191.90969848632812,60.33417510986328,99.64326477050781,410.5195617675781,116.37132263183594,159.659423828125,515.8362426757812,86.0278091430664,174.77000427246094,18.020000457763672,71.08999633789062,65.50120544433594,106.22653198242188,5291.33984375,4.335999965667725,13.15999984741211
2024-06-05,194.3667755126953,91.0986099243164,181.27999877929688,20.930538177490234,217.82000732421875,173.9721221923828,88.02420806884766,138.71124267578125,84.06072998046875,190.07884216308594,60.31529998779297,99.97652435302734,418.3536376953125,122.3709487915039,158.74169921875,521.9668579101562,86.65906524658203,175.0,18.940000534057617,71.88999938964844,65.98310852050781,106.65080261230469,5354.02978515625,4.289000034332275,12.630000114440918
2024-06-06,192.98741149902344,91.1266860961914,185.0,21.2060604095459,219.42999267578125,175.2812957763672,87.98675537109375,139.13882446289062,83.93600463867188,189.7415771484375,60.53232955932617,99.91171264648438,418.85675048828125,120.92976379394531,161.05517578125,521.9571533203125,86.52909851074219,177.94000244140625,19.299999237060547,73.26000213623047,66.04212188720703,107.45217895507812,5352.9599609375,4.281000137329102,12.579999923706055
2024-06-07,195.37893676757812,90.32271575927734,184.3000030517578,20.902986526489258,211.60000610351562,173.02989196777344,87.0594711303711,139.76605224609375,83.68653869628906,192.67091369628906,60.30586624145508,99.01378631591797,418.19573974609375,120.81982421875,159.70724487304688,521.3225708007812,84.9416732788086,177.47999572753906,20.18000030517578,73.0199966430664,64.7930679321289,106.30195617675781,5346.990234375,4.429999828338623,12.220000267028809
2024-06-10,191.63784790039062,90.24791717529297,187.05999755859375,21.2060604095459,213.5399932861328,173.7746124267578,86.8721694946289,139.8135528564453,83.76671600341797,192.34329223632812,60.00391387939453,98.81012725830078,422.162109375,121.72130584716797,159.98448181152344,522.9332885742188,84.3753662109375,173.7899932861328,20.190000534057617,75.45999908447266,65.8552474975586,106.61307525634766,5360.7900390625,4.468999862670898,12.739999771118164
2024-06-11,205.5601806640625,90.55642700195312,187.22999572753906,21.178508758544922,214.14999389648438,175.37322998046875,87.33109283447266,139.46194458007812,83.9092788696289,187.28440856933594,59.966163635253906,99.2359619140625,426.90789794921875,120.85172271728516,160.1087188720703,524.1927490234375,85.24800872802734,170.66000366210938,21.530000686645508,75.51000213623047,65.62905883789062,105.75511932373047,5375.31982421875,4.4039998054504395,12.850000381469727
2024-06-12,211.43478393554688,90.98644256591797,186.88999938964844,21.25197982788086,214.72000122070312,176.53497314453125,87.8181381225586,138.1790771484375,84.20328521728516,184.55743408203125,59.33395004272461,99.84691619873047,435.17620849609375,125.13966369628906,157.9099578857422,528.4979248046875,85.8885498046875,177.2899932861328,20.829999923706055,75.9800033569336,65.21598052978516,104.58602905273438,5421.02978515625,4.295000076293945,12.039999961853027
2024-06-13,212.59579467773438,91.44451141357422,183.8300018310547,21.270347595214844,212.97000122070312,173.92356872558594,88.39885711669922,138.21707153320312,84.2210922241211,186.60989379882812,59.437744140625,100.31901550292969,435.6892395019531,129.54751586914062,159.08584594726562,529.5619506835938,87.15108489990234,182.47000122070312,20.110000610351562,75.73999786376953,65.59954833984375,103.74693298339844,5433.740234375,4.23799991607666,11.9399995803833
2024-06-14,210.85922241210938,91.5379867553711,183.66000366210938,21.187692642211914,215.72999572753906,175.5420379638672,88.60493469238281,138.3026123046875,83.88255310058594,186.7255096435547,59.480533599853516,100.40233612060547,436.6660461425781,131.8164520263672,159.44911193847656,529.88427734375,87.88446044921875,178.00999450683594,19.860000610351562,76.08000183105469,65.91425323486328,102.8701171875,5431.60009765625,4.2129998207092285,12.65999984741211
2024-06-17,215.00714111328125,91.21080780029297,184.05999755859375,21.26116371154785,214.61000061035156,175.98886108398438,88.19281768798828,138.69219970703125,83.97164154052734,187.88180541992188,59.54710006713867,99.93022918701172,442.3886413574219,130.91688537597656,160.12786865234375,534.1015625,87.0118179321289,187.44000244140625,19.15999984741211,77.79000091552734,66.30766296386719,102.16301727294922,5473.22998046875,4.2789998054504395,12.75
2024-06-18,212.64537048339844,91.5379867553711,182.80999755859375,21.43566131591797,215.47000122070312,173.8540496826172,88.57682800292969,138.40713500976562,84.2567367553711,189.82830810546875,59.556610107421875,100.3930892944336,440.3857116699219,135.51466369628906,161.14120483398438,535.45849609375,87.8101806640625,184.86000061035156,19.940000534057617,78.66999816894531,66.48470306396484,103.12467956542969,5487.02978515625,4.2170000076293945,12.300000190734863
2024-06-20,208.0707550048828,91.37906646728516,186.10000610351562,21.481582641601562,218.16000366210938,175.05552673339844,88.3520278930664,140.43121337890625,84.16764831542969,191.43751525878906,59.12868881225586,100.05984497070312,439.7543029785156,130.71697998046875,160.29037475585938,534.00390625,87.22532653808594,181.57000732421875,19.030000686645508,79.41000366210938,66.887939453125,105.34971618652344,5473.169921875,4.254000186920166,13.279999732971191
2024-06-21,205.89759826660156,91.38842010498047,189.0800018310547,21.307085037231445,214.77999877929688,178.3620147705078,88.37075805664062,141.3529815673828,84.2567367553711,189.15379333496094,59.689735412597656,100.08759307861328,443.77984619140625,126.50900268554688,160.85440063476562,533.2881469726562,87.22532653808594,183.00999450683594,18.959999084472656,78.6500015258789,66.78958892822266,104.42576599121094,5464.6201171875,4.256999969482422,13.199999809265137
2024-06-24,206.5426025390625,91.46318817138672,185.57000732421875,21.481582641601562,215.6300048828125,177.95489501953125,88.44569396972656,141.70458984375,84.23001861572266,191.639892578125,60.83085632324219,100.18941497802734,441.6980285644531,118.05308532714844,161.0360565185547,531.5545654296875,87.5781021118164,182.5800018310547,19.700000762939453,79.69999694824219,67.76325225830078,107.52761840820312,5447.8701171875,4.248000144958496,13.329999923706055
2024-06-25,207.46548461914062,91.45384216308594,186.33999633789062,21.27953338623047,214.55999755859375,182.73094177246094,88.52059936523438,139.87057495117188,84.31021118164062,190.85935974121094,60.70722961425781,100.15238952636719,444.9342346191406,126.02923583984375,159.5064697265625,533.6014404296875,87.72661590576172,187.35000610351562,18.989999771118164,78.9000015258789,66.30766296386719,107.82930755615234,5469.2998046875,4.23799991607666,12.84000015258789
2024-06-26,211.61337280273438,91.04254913330078,193.61000061035156,21.316268920898438,212.5800018310547,182.58200073242188,87.98675537109375,139.51895141601562,84.08746337890625,190.24264526367188,60.906925201416016,99.60621643066406,446.1280822753906,126.33909606933594,160.08006286621094,534.2673950195312,86.473388671875,196.3699951171875,18.309999465942383,78.75,67.16331481933594,107.86701965332031,5477.89990234375,4.315999984741211,12.550000190734863
2024-06-27,212.4568634033203,91.19210815429688,197.85000610351562,21.426477432250977,214.99000549316406,184.1011962890625,88.18343353271484,138.54969787597656,84.20328521728516,191.9193115234375,60.773799896240234,99.80062866210938,446.8088684082031,123.93025970458984,159.28659057617188,535.1097412109375,86.81684875488281,197.4199981689453,17.979999542236328,79.91999816894531,66.76007080078125,108.3290023803711,5482.8701171875,4.288000106811523,12.239999771118164
2024-06-28,209.00357055664062,90.7433853149414,193.25,21.334636688232422,215.00999450683594,180.8642120361328,87.7151107788086,138.89178466796875,83.98945617675781,194.8968048095703,60.52655792236328,99.16191101074219,440.9875793457031,123.48046875,157.66139221191406,533.0039672851562,85.20159149169922,197.8800048828125,17.43000030517578,79.58999633789062,66.5928726196289,108.53642272949219,5460.47998046875,4.3429999351501465,12.4399995803833
2024-07-01,215.08653259277344,90.25670623779297,197.1999969482422,21.61016082763672,215.57000732421875,181.69830322265625,87.06216430664062,139.15786743164062,83.91241455078125,197.97067260742188,60.17470932006836,98.57293701171875,450.63714599609375,124.2400894165039,155.5582275390625,534.1009521484375,83.73109436035156,209.86000061035156,16.56999969482422,81.54000091552734,66.36668395996094,108.38556671142578,5475.08984375,4.479000091552734,12.220000267028809
2024-07-02,218.57949829101562,90.55677795410156,200.0,21.637712478637695,215.55999755859375,183.93240356445312,87.3909912109375,138.76821899414062,84.20809173583984,201.22764587402344,60.051090240478516,99.20462036132812,453.15313720703125,122.61087799072266,156.68630981445312,537.6952514648438,84.38301086425781,231.25999450683594,16.40999984741211,81.11000061035156,66.94694519042969,107.65017700195312,5509.009765625,4.435999870300293,12.029999732971191
2024-07-03,219.84967041015625,91.04439544677734,197.58999633789062,21.757104873657227,217.99000549316406,184.50833129882812,87.97347259521484,138.44515991210938,84.40519714355469,201.0927276611328,60.22226333618164,99.93849182128906,454.6231689453125,128.21817016601562,156.619384765625,540.0948486328125,85.49122619628906,246.38999938964844,16.350000381469727,81.2699966430664,67.1141357421875,108.1969985961914,5537.02001953125,4.355000019073486,12.09000015258789
2024-07-05,224.6029052734375,91.50390625,200.0,21.839763641357422,220.92999267578125,189.25457763671875,88.46202850341797,139.19586181640625,84.7546615600586,198.42816162109375,60.63115310668945,100.45872497558594,461.3226318359375,125.76936340332031,157.9386444091797,543.2092895507812,86.19898223876953,251.52000427246094,15.600000381469727,81.30999755859375,68.88445281982422,106.88650512695312,5567.18994140625,4.271999835968018,12.479999542236328
2024-07-08,226.0715789794922,91.53202819824219,199.2899932861328,21.54587173461914,218.19000244140625,187.69564819335938,88.49020385742188,138.24559020996094,84.66504669189453,198.7963409423828,59.87041473388672,100.4494400024414,460.0202331542969,128.13819885253906,159.19097900390625,543.8360595703125,86.38524627685547,252.94000244140625,15.859999656677246,80.41999816894531,68.5303726196289,105.76456451416016,5572.85009765625,4.269000053405762,12.369999885559082
2024-07-09,226.9249267578125,91.4476318359375,199.33999633789062,21.398923873901367,218.55999755859375,187.64598083496094,88.36804962158203,139.73751831054688,84.61128997802734,201.17994689941406,59.6136589050293,100.26364135742188,453.40966796875,131.3166961669922,158.3688507080078,544.364990234375,86.00340270996094,262.3299865722656,15.729999542236328,79.7699966430664,68.74675750732422,104.59546661376953,5576.97998046875,4.300000190734863,12.510000228881836
2024-07-10,231.1919708251953,91.54138946533203,199.7899932861328,21.398923873901367,219.36000061035156,189.8304443359375,88.45262145996094,141.99916076660156,84.7725830078125,201.34466552734375,59.746795654296875,100.50517272949219,460.0301818847656,134.84500122070312,159.45867919921875,549.7515869140625,86.27348327636719,263.260009765625,15.510000228881836,80.4800033569336,69.24834442138672,105.5194091796875,5633.91015625,4.28000020980835,12.850000381469727
2024-07-11,225.823486328125,92.01026916503906,195.0500030517578,21.47239875793457,223.25,184.26007080078125,89.01631164550781,142.2557373046875,85.07723236083984,201.00552368164062,60.003543853759766,101.04397583007812,448.6341857910156,127.33861541748047,158.25411987304688,545.0113525390625,87.11164855957031,241.02999877929688,15.220000267028809,80.94000244140625,68.64840698242188,106.77336120605469,5584.5400390625,4.192999839782715,12.920000076293945
2024-07-12,228.77066040039062,92.26343536376953,194.49000549316406,21.389741897583008,223.11000061035156,183.7635955810547,89.20419311523438,142.42678833007812,85.33706665039062,198.57350158691406,60.574100494384766,101.41555786132812,447.4995422363281,129.177734375,159.27703857421875,548.448974609375,87.4841537475586,248.22999572753906,15.5,80.25,68.09764099121094,106.79222106933594,5615.35009765625,4.189000129699707,12.460000038146973
2024-07-15,232.60105895996094,91.94461822509766,192.72000122070312,21.233612060546875,223.8300018310547,185.21327209472656,88.92237091064453,141.818603515625,85.33706665039062,203.52474975585938,60.29833221435547,100.85820007324219,447.904052734375,128.37811279296875,157.33639526367188,549.957275390625,86.47835540771484,252.63999938964844,14.479999542236328,80.12000274658203,68.46153259277344,108.62126922607422,5631.22021484375,4.229000091552734,13.119999885559082
2024-07-16,233.0178680419922,92.3197250366211,193.02000427246094,21.178508758544922,228.2899932861328,182.6217041015625,89.31694030761719,143.50057983398438,85.67757415771484,206.9838409423828,61.11613082885742,101.44344329833984,443.5233154296875,126.2990951538086,159.60206604003906,553.21875,87.69833374023438,256.55999755859375,14.609999656677246,79.05999755859375,68.83527374267578,109.40380859375,5667.2001953125,4.166999816894531,13.1899995803833
2024-07-17,227.12342834472656,92.3853759765625,187.92999267578125,21.178508758544922,227.22999572753906,179.7421875,89.39210510253906,148.7936248779297,85.5790023803711,210.1328887939453,62.0099983215332,101.4898681640625,437.6033020019531,117.9331283569336,161.98248291015625,545.4618530273438,87.71697998046875,248.5,13.739999771118164,80.62000274658203,69.85812377929688,110.91230773925781,5588.27001953125,4.145999908447266,14.479999542236328
2024-07-18,222.45948791503906,92.1321792602539,183.75,21.02237892150879,225.77999877929688,176.43569946289062,89.13843536376953,147.69129943847656,85.38187408447266,203.45692443847656,61.99099349975586,101.05326843261719,434.495361328125,121.0316390991211,161.02647399902344,541.27001953125,87.04646301269531,249.22999572753906,14.109999656677246,79.9000015258789,69.65157318115234,112.0059585571289,5544.58984375,4.189000129699707,15.930000305175781
2024-07-19,222.5885009765625,91.94461822509766,183.1300048828125,20.737672805786133,221.72999572753906,176.40591430664062,88.85660552978516,146.99761962890625,85.31018829345703,203.26315307617188,62.08607864379883,100.6816635131836,431.27886962890625,117.8731689453125,161.53330993652344,537.6756591796875,86.53424835205078,239.1999969482422,14.300000190734863,78.0,69.58273315429688,109.43208312988281,5505.0,4.238999843597412,16.520000457763672
2024-07-22,222.2412109375,91.9071273803711,182.5500030517578,20.792776107788086,221.8000030517578,180.38760375976562,88.77205657958984,146.56997680664062,85.60589599609375,203.7476043701172,61.59158706665039,100.6259536743164,437.03106689453125,123.48046875,161.81222534179688,543.2190551757812,86.28280639648438,251.50999450683594,15.010000228881836,77.62000274658203,69.21882629394531,108.6778335571289,5564.41015625,4.260000228881836,14.90999984741211
2024-07-23,223.28314208984375,91.89774322509766,186.41000366210938,20.599910736083984,222.5800018310547,180.50674438476562,88.83778381347656,144.7739715576172,85.64173126220703,203.79605102539062,61.77227020263672,100.5516357421875,438.91558837890625,122.53092193603516,160.24461364746094,542.366943359375,86.16172790527344,246.3800048828125,14.859999656677246,76.62000274658203,69.484375,106.92420196533203,5555.740234375,4.238999843597412,14.720000267028809
2024-07-24,216.86276245117188,91.61640167236328,180.8300018310547,20.59072494506836,221.8000030517578,171.4114227294922,88.64051055908203,148.508544921875,85.33706665039062,202.110107421875,62.58055877685547,99.93849182128906,423.1783752441406,114.19493865966797,161.57179260253906,530.0755615234375,85.23046112060547,215.99000549316406,14.3100004196167,76.80999755859375,69.4352035522461,108.43270874023438,5427.1298828125,4.285999774932861,18.040000915527344
2024-07-25,215.8208465576172,91.86959838867188,179.85000610351562,20.636646270751953,218.3300018310547,166.0991668701172,88.83778381347656,151.70144653320312,85.37290954589844,202.1876220703125,62.82781219482422,100.33798217773438,412.8184509277344,112.22588348388672,160.51388549804688,527.313720703125,85.92890930175781,220.25,13.75,77.45999908447266,68.86476135253906,110.71431732177734,5399.22021484375,4.25600004196167,18.459999084472656
2024-07-26,216.28724670410156,92.19780731201172,182.5,20.425413131713867,220.6300048828125,165.82115173339844,89.26056671142578,152.65171813964844,85.60589599609375,205.646728515625,63.75971221923828,100.89533996582031,419.5968017578125,113.00550079345703,162.63934326171875,533.2194213867188,86.59943389892578,219.8000030517578,13.510000228881836,76.11000061035156,68.62872314453125,110.62004089355469,5459.10009765625,4.199999809265137,16.389999389648438
2024-07-29,216.56509399414062,92.34783935546875,183.1999969482422,20.33357048034668,220.32000732421875,168.33328247070312,89.41088104248047,150.67514038085938,85.52523040771484,204.2999267578125,63.55049133300781,101.10900115966797,421.037353515625,111.53621673583984,163.42794799804688,533.5328369140625,87.0650863647461,232.10000610351562,13.59000015258789,75.19000244140625,68.47136688232422,109.46037292480469,5463.5400390625,4.177999973297119,16.600000381469727
2024-07-30,217.1208038330078,92.44163513183594,181.7100067138672,20.2692813873291,222.52000427246094,169.08792114257812,89.59878540039062,153.3074188232422,85.54314422607422,208.5050811767578,64.35880279541016,101.19261169433594,417.2781677246094,103.68000030517578,155.51284790039062,530.8297729492188,87.40034484863281,222.6199951171875,14.010000228881836,74.45999908447266,68.04846954345703,111.4119873046875,5436.43994140625,4.14300012588501,17.690000534057617
2024-07-31,220.3756103515625,92.93862915039062,186.97999572753906,20.737672805786133,226.5500030517578,170.32908630371094,90.2564468383789,150.00047302246094,85.87467956542969,206.1893310546875,63.46492004394531,101.7778549194336,412.76910400390625,116.96359252929688,154.6088104248047,539.4581909179688,88.29438018798828,232.07000732421875,13.539999961853027,77.73999786376953,67.50753021240234,111.80797576904297,5522.2998046875,4.109000205993652,16.360000610351562
2024-08-01,216.6841583251953,93.32804107666016,184.07000732421875,20.489700317382812,225.77000427246094,169.5546112060547,90.64183807373047,152.76576232910156,85.67196655273438,201.4997100830078,64.62506103515625,102.1153564453125,411.545654296875,109.15736389160156,159.35018920898438,531.8189697265625,89.05587768554688,216.86000061035156,13.09000015258789,76.29000091552734,68.63858032226562,110.26175689697266,5446.68017578125,3.9760000705718994,18.59000015258789
2024-08-02,218.1726531982422,94.37211608886719,167.89999389648438,20.11315155029297,225.33999633789062,165.4835662841797,92.0458984375,155.9776611328125,85.40168762207031,192.9536590576172,65.92782592773438,103.11293029785156,403.0406494140625,107.21829223632812,163.5722198486328,521.9173583984375,91.83100128173828,207.6699981689453,13.050000190734863,73.38999938964844,67.33052062988281,110.19576263427734,5346.56005859375,3.7920000553131104,23.389999389648438
2024-08-05,207.6639404296875,94.296875,161.02000427246094,20.076417922973633,222.47999572753906,158.1258544921875,92.14012908935547,153.2313690185547,84.86112213134766,188.8453826904297,64.75817108154297,102.85189056396484,389.87860107421875,100.40159606933594,161.62950134277344,506.7171325683594,92.3168716430664,198.8800048828125,12.9399995803833,73.22000122070312,66.474853515625,108.20643615722656,5186.330078125,3.7850000858306885,38.56999969482422
2024-08-06,205.6395721435547,93.73249053955078,161.92999267578125,19.911104202270508,220.6999969482422,157.17262268066406,91.32032012939453,151.06475830078125,85.19445037841797,194.1163787841797,64.71064758300781,102.18061828613281,394.27911376953125,104.19976806640625,161.65834045410156,511.38885498046875,90.25189971923828,200.63999938964844,13.319999694824219,72.44999694824219,66.62239837646484,107.63131713867188,5240.02978515625,3.888000011444092,27.709999084472656
2024-08-07,208.20970153808594,93.45030975341797,162.77000427246094,20.094785690307617,220.5500030517578,157.8180389404297,90.99050903320312,150.99822998046875,85.32061004638672,194.17453002929688,65.10051727294922,101.7144546508789,393.1148681640625,98.86234283447266,163.51449584960938,507.9707946777344,89.61649322509766,191.75999450683594,13.859999656677246,74.69000244140625,65.80609130859375,109.06438446044922,5199.5,3.9679999351501465,27.850000381469727
2024-08-08,211.6729278564453,93.30921936035156,165.8000030517578,20.278467178344727,224.00999450683594,160.88624572753906,90.71721649169922,152.25259399414062,85.65396118164062,197.72084045410156,65.35726928710938,101.76109313964844,397.31805419921875,104.9194107055664,164.3319549560547,519.7137451171875,89.06523132324219,198.83999633789062,14.180000305175781,75.36000061035156,66.54371643066406,111.14799499511719,5319.31005859375,3.996999979019165,23.790000915527344
2024-08-09,214.58042907714844,93.63844299316406,166.94000244140625,20.397859573364258,224.55999755859375,162.51466369628906,91.0847396850586,152.63272094726562,85.63594818115234,199.40679931640625,65.30973052978516,102.28317260742188,400.60357666015625,104.69952392578125,164.0146026611328,522.0054321289062,89.94351959228516,200.0,14.279999732971191,76.22000122070312,66.82891845703125,112.05310821533203,5344.16015625,3.941999912261963,20.3700008392334
2024-08-12,216.11038208007812,93.79833984375,166.8000030517578,20.682567596435547,228.41000366210938,161.1444091796875,91.3391342163086,151.92950439453125,85.66297912597656,199.78466796875,64.82473754882812,102.49761962890625,401.3830871582031,108.96746063232422,160.4273223876953,522.2796630859375,90.27058410644531,197.49000549316406,14.399999618530273,78.62999725341797,67.5665512084961,112.19452667236328,5344.39013671875,3.9089999198913574,20.709999084472656
2024-08-13,219.82598876953125,94.17460632324219,170.22999572753906,20.489700317382812,228.05999755859375,163.00120544433594,91.7443618774414,150.5135955810547,86.08642578125,201.48031616210938,65.10051727294922,103.21548461914062,408.4869689941406,116.08402252197266,160.88894653320312,530.868896484375,90.8966064453125,207.8300018310547,14.329999923706055,77.63999938964844,67.0059585571289,111.1197280883789,5434.43017578125,3.8519999980926514,18.1200008392334
2024-08-14,220.27305603027344,94.34390258789062,170.10000610351562,20.36112403869629,226.1999969482422,159.23797607421875,91.86685180664062,150.59912109375,86.28462219238281,203.70887756347656,65.21463012695312,103.67230987548828,411.2989807128906,118.0230941772461,162.3411865234375,532.5437622070312,91.4665756225586,201.3800048828125,14.739999771118164,76.58999633789062,67.52721405029297,112.14738464355469,5455.2099609375,3.819999933242798,16.190000534057617
2024-08-15,223.25344848632812,93.9488296508789,177.58999633789062,20.526437759399414,226.91000366210938,160.16139221191406,91.29203796386719,151.17880249023438,86.36571502685547,204.97817993164062,65.28120422363281,103.35533142089844,416.1621398925781,122.80079650878906,161.49484252929688,541.6716918945312,90.72843170166016,214.13999938964844,14.569999694824219,77.41000366210938,71.97264862060547,112.84117889404297,5543.22021484375,3.9260001182556152,15.229999542236328
2024-08-16,224.5747833251953,94.17460632324219,177.05999755859375,20.397859573364258,231.99000549316406,161.80967712402344,91.4710922241211,151.46385192871094,86.65403747558594,207.322998046875,65.78519439697266,103.66300201416016,413.6317138671875,124.51995086669922,161.4660186767578,542.8860473632812,91.04611206054688,216.1199951171875,14.069999694824219,76.31999969482422,72.44408416748047,112.30894470214844,5554.25,3.8919999599456787,14.800000190734863
2024-08-19,224.4158172607422,94.278076171875,178.22000122070312,20.28765106201172,231.61000061035156,165.49349975585938,91.59356689453125,151.6919403076172,86.7891845703125,208.75698852539062,65.59500122070312,103.9053726196289,416.6563415527344,129.93734741210938,161.97573852539062,548.0768432617188,91.4665756225586,222.72000122070312,14.6899995803833,74.37999725341797,72.71039581298828,112.65109252929688,5608.25,3.867000102996826,14.649999618530273
2024-08-20,225.03176879882812,94.56025695800781,178.8800048828125,20.204994201660156,232.4600067138672,165.9998779296875,91.96107482910156,152.19557189941406,86.73511505126953,207.85589599609375,65.97537231445312,104.1757583618164,419.8885192871094,127.18868255615234,163.88958740234375,547.1856079101562,92.19540405273438,221.10000610351562,14.649999618530273,73.83000183105469,73.5191650390625,108.89701080322266,5597.1201171875,3.818000078201294,15.880000114440918
2024-08-21,224.92250061035156,94.73896026611328,180.11000061035156,20.10396957397461,232.14999389648438,164.6792755126953,92.14954376220703,153.40243530273438,86.87925720214844,207.93341064453125,66.15605163574219,104.4088363647461,419.23614501953125,128.4380645751953,163.64913940429688,549.0660400390625,92.25147247314453,223.27000427246094,14.5600004196167,72.5999984741211,74.20956420898438,108.20320892333984,5620.85009765625,3.7780001163482666,16.270000457763672
2024-08-22,223.06472778320312,94.35331726074219,176.1300048828125,20.085603713989258,229.3699951171875,162.6437530517578,91.72549438476562,154.27667236328125,86.80718994140625,209.9003448486328,65.92782592773438,103.97996520996094,410.7454528808594,123.68036651611328,163.6395263671875,544.7567138671875,91.33577728271484,210.66000366210938,13.8100004196167,73.58000183105469,74.544921875,109.0395736694336,5570.64013671875,3.861999988555908,17.549999237060547
2024-08-23,225.359619140625,94.78600311279297,177.0399932861328,20.44378089904785,232.02000427246094,164.45089721679688,92.14954376220703,155.96815490722656,87.26667022705078,211.5281524658203,66.36524963378906,104.57665252685547,411.97113037109375,129.30764770507812,162.69703674316406,550.5448608398438,91.93377685546875,220.32000732421875,13.720000267028809,75.55000305175781,74.66326904296875,110.55071258544922,5634.60986328125,3.806999921798706,15.859999656677246
2024-08-26,225.69741821289062,94.70133972167969,175.5,20.655014038085938,232.75999450683594,164.98707580566406,92.0364761352539,156.42430114746094,87.1135025024414,212.36143493652344,67.36372375488281,104.44612121582031,408.70928955078125,126.3990478515625,163.83189392089844,549.2325439453125,91.7001724243164,213.2100067138672,13.329999923706055,77.83000183105469,74.98876190185547,112.91720581054688,5616.83984375,3.818000078201294,16.149999618530273
2024-08-27,226.5418701171875,94.72955322265625,173.1199951171875,20.55398941040039,233.38999938964844,163.5175323486328,91.998779296875,156.0221405029297,87.14955139160156,213.3400421142578,67.99134063720703,104.36221313476562,409.0552673339844,128.23817443847656,162.7739715576172,549.9866333007812,91.54133605957031,209.2100067138672,13.079999923706055,76.48999786376953,75.08737182617188,111.84325408935547,5625.7998046875,3.8329999446868896,15.430000305175781
2024-08-28,225.0119171142578,94.64491271972656,170.8000030517578,20.306018829345703,231.75,161.70045471191406,91.95166015625,156.950927734375,87.15853118896484,214.4155731201172,68.22907257080078,104.14778900146484,405.8526916503906,125.54946899414062,162.5912322998047,546.7938232421875,91.42919921875,205.75,13.199999809265137,75.4800033569336,75.0380859375,110.74079132080078,5592.18017578125,3.8410000801086426,17.110000610351562
2024-08-29,228.29039001464844,94.52261352539062,172.1199951171875,20.53562355041504,232.9499969482422,160.6379852294922,91.7914810180664,157.2477264404297,87.21261596679688,215.3070068359375,68.51434326171875,103.97064208984375,408.34356689453125,117.5333251953125,163.5241241455078,546.8427124023438,91.13018798828125,206.27999877929688,13.430000305175781,76.7699966430664,75.37342071533203,112.27092742919922,5591.9599609375,3.867000102996826,15.649999618530273
2024-08-30,227.5055389404297,94.296875,178.5,20.306018829345703,231.2899932861328,162.2267303466797,91.4710922241211,158.8084259033203,87.23063659667969,217.81654357910156,68.91374206542969,103.68161010742188,412.3171081542969,119.3124771118164,164.97634887695312,552.0629272460938,90.15846252441406,214.11000061035156,13.369999885559082,74.33999633789062,76.17233276367188,112.09036254882812,5648.39990234375,3.9110000133514404,15.0
2024-09-03,221.31619262695312,94.69503784179688,176.25,19.901920318603516,230.2899932861328,156.24920654296875,92.0740737915039,160.0531768798828,86.90179443359375,213.4563446044922,69.42725372314453,103.99508666992188,404.7060852050781,107.94795227050781,167.84234619140625,540.7020874023438,91.63302612304688,210.60000610351562,13.890000343322754,71.08999633789062,76.11314392089844,109.74287414550781,5528.93017578125,3.8440001010894775,20.719999313354492
2024-09-04,219.40872192382812,95.1102066040039,173.3300018310547,19.754974365234375,230.42999267578125,155.34561157226562,92.61277770996094,160.24465942382812,87.27320861816406,212.51646423339844,68.99932861328125,104.64073944091797,404.1723327636719,106.15880584716797,169.16949462890625,539.5952758789062,92.81417846679688,219.41000366210938,13.460000038146973,69.61000061035156,76.18217468261719,108.40280151367188,5520.06982421875,3.7679998874664307,21.31999969482422
2024-09-05,220.9287567138672,95.35555267333984,177.88999938964844,19.800893783569336,232.35000610351562,156.1300506591797,92.8301773071289,157.97543334960938,87.52686309814453,210.86927795410156,67.67753601074219,105.1553726196289,403.6682434082031,107.15833282470703,168.7559814453125,538.2828979492188,93.33912658691406,230.1699981689453,14.180000305175781,69.88999938964844,75.90602111816406,107.55693817138672,5503.41015625,3.7309999465942383,19.899999618530273
2024-09-06,219.37893676757812,95.47820281982422,171.38999938964844,19.534557342529297,230.6300048828125,149.8546600341797,92.96249389648438,157.391357421875,87.40910339355469,205.85989379882812,67.64900970458984,105.10859680175781,397.05560302734375,102.78044891357422,168.8713836669922,529.2235717773438,93.32976531982422,210.72999572753906,14.319999694824219,68.93000030517578,75.59040832519531,107.05323028564453,5408.419921875,3.7100000381469727,22.3799991607666
2024-09-09,219.4683380126953,95.61971282958984,175.39999389648438,19.58966064453125,231.60000610351562,147.85621643066406,93.09480285644531,159.5265655517578,87.59932708740234,210.07473754882812,68.32417297363281,105.34253692626953,401.0290832519531,106.41868591308594,169.32339477539062,535.1488037109375,93.73284149169922,216.27000427246094,13.479999542236328,69.2699966430664,76.28081512451172,109.30567932128906,5471.0498046875,3.697000026702881,19.450000762939453
2024-09-10,218.67355346679688,95.91223907470703,179.5500030517578,19.304954528808594,232.6199951171875,147.80648803710938,93.49176025390625,160.2637939453125,87.40910339355469,199.17425537109375,68.03888702392578,105.6325912475586,409.4111022949219,108.04789733886719,170.98719787597656,537.4797973632812,94.38904571533203,226.1699981689453,14.069999694824219,66.95999908447266,77.73068237304688,105.3235092163086,5495.52001953125,3.6459999084472656,19.079999923706055
2024-09-11,221.20692443847656,95.88392639160156,184.52000427246094,19.479450225830078,232.25,150.29212951660156,93.42560577392578,157.81265258789062,87.55403137207031,200.7923583984375,67.59195709228516,105.67940521240234,418.1488952636719,116.85365295410156,167.26527404785156,542.9937744140625,94.31404876708984,228.1300048828125,14.25,67.8499984741211,77.76026916503906,104.2780532836914,5554.1298828125,3.6530001163482666,17.690000534057617
2024-09-12,221.31619262695312,95.79900360107422,187.0,19.855998992919922,236.3300018310547,153.80189514160156,93.27440643310547,157.64028930664062,87.6536865234375,200.1819305419922,67.7345962524414,105.60453033447266,422.0630798339844,119.09276580810547,166.83250427246094,547.567626953125,93.87345886230469,229.80999755859375,14.829999923706055,69.88999938964844,78.56904602050781,105.71316528320312,5595.759765625,3.680000066757202,17.06999969482422
2024-09-13,221.04794311523438,95.99714660644531,186.49000549316406,19.892736434936523,238.67999267578125,156.5559539794922,93.45394134521484,158.48289489746094,87.9164047241211,197.97276306152344,68.37129211425781,105.93201446533203,425.611572265625,119.05278778076172,167.41917419433594,550.427490234375,94.1265640258789,230.2899932861328,14.489999771118164,69.83999633789062,79.49617004394531,105.63713073730469,5626.02001953125,3.6500000953674316,16.559999465942383
2024-09-16,214.90829467773438,96.2236099243164,184.88999938964844,20.03968048095703,238.66000366210938,157.15252685546875,93.69969177246094,159.89039611816406,88.0975570678711,201.4027862548828,69.03192901611328,106.39987182617188,426.3529357910156,116.73371124267578,170.45826721191406,551.2402954101562,94.98898315429688,226.77999877929688,14.859999656677246,70.87999725341797,79.45671844482422,107.11975860595703,5633.08984375,3.621000051498413,17.139999389648438
2024-09-17,215.37521362304688,96.12924194335938,186.8800048828125,20.177440643310547,237.33999633789062,158.40530395507812,93.52954864501953,159.9669952392578,88.15192413330078,202.74960327148438,68.74469757080078,106.40924072265625,430.1188659667969,115.54417419433594,169.15029907226562,551.465576171875,94.52964782714844,227.8699951171875,14.640000343322754,71.72000122070312,77.5235595703125,108.51685333251953,5634.580078125,3.6419999599456787,17.610000610351562
2024-09-18,219.24977111816406,95.82730865478516,186.42999267578125,20.048864364624023,235.50999450683594,158.89248657226562,93.12316131591797,159.08609008789062,88.25154876708984,201.08303833007812,68.69682312011719,105.96945190429688,425.82904052734375,113.32505798339844,167.26527404785156,549.8300170898438,93.35786437988281,227.1999969482422,14.4399995803833,70.66000366210938,77.94766998291016,108.89701080322266,5618.259765625,3.684999942779541,18.229999542236328
2024-09-19,227.3763885498047,95.83673858642578,189.8699951171875,20.407045364379883,239.1699981689453,161.20909118652344,93.04754638671875,157.81265258789062,88.4417953491211,203.94139099121094,67.61492156982422,106.06301879882812,433.6179504394531,117.82327270507812,164.97634887695312,559.2125244140625,93.04853057861328,243.9199981689453,14.609999656677246,72.75,76.97122955322266,110.24658203125,5713.64013671875,3.740000009536743,16.329999923706055
2024-09-20,226.71075439453125,95.7518310546875,191.60000610351562,20.407045364379883,242.2100067138672,162.65077209472656,93.01919555664062,157.1807098388672,88.54145812988281,204.532470703125,68.59149932861328,106.15660095214844,430.2374267578125,115.95401763916016,167.55381774902344,558.2459106445312,92.69230651855469,238.25,15.34000015258789,72.91999816894531,77.97725677490234,109.55278778076172,5702.5498046875,3.7279999256134033,16.149999618530273
2024-09-23,224.9920654296875,95.7140884399414,193.8800048828125,20.416229248046875,242.67999267578125,160.92076110839844,92.96249389648438,156.2806854248047,88.3783950805664,204.87156677246094,68.67767333984375,106.00688934326172,428.4978332519531,116.21391296386719,167.1210479736328,559.6408081054688,92.49544525146484,250.0,16.09000015258789,72.25,79.22987365722656,111.53913879394531,5718.56982421875,3.739000082015991,15.890000343322754
2024-09-24,225.8861541748047,95.8461685180664,193.9600067138672,20.756038665771484,246.07000732421875,161.3582305908203,93.06645202636719,155.85939025878906,88.4236831665039,205.01690673828125,68.29469299316406,106.1846694946289,424.2080078125,120.82209014892578,166.61129760742188,561.2421875,92.47669219970703,254.27000427246094,15.8100004196167,73.29000091552734,79.56520080566406,111.24451446533203,5732.93017578125,3.7360000610351562,15.390000343322754
2024-09-25,224.89268493652344,95.47820281982422,192.52999877929688,20.58154296875,245.72999572753906,160.56283569335938,92.68840789794922,153.7720947265625,88.32404327392578,203.66041564941406,68.40958404541016,105.55774688720703,427.1140441894531,123.4610366821289,165.66879272460938,560.0042724609375,91.70801544189453,257.0199890136719,15.850000381469727,71.4800033569336,80.28520965576172,109.07759094238281,5722.259765625,3.7809998989105225,15.40999984741211
2024-09-26,226.03521728515625,95.4970703125,191.16000366210938,20.397859573364258,246.97999572753906,161.79571533203125,92.62224578857422,154.52847290039062,88.36026763916016,203.26315307617188,68.36170959472656,105.55774688720703,426.3232421875,123.9908218383789,166.5824432373047,562.2244873046875,91.9236068725586,254.22000122070312,15.470000267028809,69.01000213623047,78.82547760009766,107.20529174804688,5745.3701171875,3.7909998893737793,15.369999885559082
2024-09-27,226.3034210205078,95.77069854736328,187.97000122070312,20.498884201049805,245.02000427246094,163.0087127685547,92.9908447265625,154.5380401611328,88.58675384521484,203.9607696533203,68.7351303100586,105.97880554199219,423.0712585449219,121.35187530517578,166.90943908691406,561.4091186523438,92.40169525146484,260.4599914550781,16.3700008392334,70.2699966430664,78.6874008178711,110.07551574707031,5738.169921875,3.749000072479248,16.959999084472656
2024-09-30,231.4794464111328,95.5536880493164,186.3300018310547,20.452964782714844,243.05999755859375,164.89779663085938,92.73565673828125,155.1699981689453,88.58675384521484,204.30960083007812,68.8021469116211,105.71681213378906,425.32489013671875,121.39185333251953,166.5728302001953,563.6588134765625,91.96112060546875,261.6300048828125,16.329999923706055,69.91999816894531,79.64411163330078,111.40607452392578,5762.47998046875,3.802000045776367,16.729999542236328
2024-10-01,224.73374938964844,95.80636596679688,185.1300048828125,20.81114387512207,245.61000061035156,166.03125,93.07311248779297,155.10296630859375,88.54851531982422,200.60824584960938,68.65853118896484,106.22488403320312,415.8260192871094,116.95362091064453,166.41896057128906,558.6093139648438,92.62506866455078,258.0199890136719,16.3700008392334,72.11000061035156,80.15699768066406,113.9816665649414,5708.75,3.743000030517578,19.260000228881836
2024-10-02,225.30003356933594,95.60762786865234,184.75999450683594,20.98564338684082,245.66000366210938,164.90774536132812,92.80769348144531,154.31784057617188,88.53939056396484,200.85049438476562,67.98831176757812,105.99010467529297,412.3072204589844,118.80288696289062,165.34181213378906,558.8450927734375,91.84449768066406,249.02000427246094,16.40999984741211,72.76000213623047,79.32848358154297,115.4927978515625,5709.5400390625,3.7850000858306885,18.899999618530273
2024-10-03,224.197265625,95.21959686279297,181.9600067138672,21.28871726989746,245.49000549316406,164.90774536132812,92.33377075195312,153.6763153076172,88.38455200195312,198.8544921875,67.5191650390625,105.30452728271484,411.7240295410156,122.80130004882812,163.6106719970703,557.8233642578125,90.97928619384766,240.66000366210938,16.68000030517578,75.7300033569336,79.32848358154297,116.50021362304688,5699.93994140625,3.8499999046325684,20.489999771118164
2024-10-04,225.31988525390625,94.60443115234375,186.50999450683594,21.343822479248047,245.0,166.100830078125,91.44274139404297,153.47523498535156,88.30258178710938,205.91258239746094,67.1840591430664,104.73165893554688,411.24957275390625,124.8704833984375,162.41815185546875,562.8926391601562,89.86014556884766,250.0800018310547,15.9399995803833,76.3499984741211,79.8315200805664,118.63862609863281,5751.06982421875,3.9809999465942383,19.209999084472656
2024-10-07,220.24325561523438,94.28263854980469,180.8000030517578,21.637712478637695,244.1699981689453,162.04425048828125,91.1109848022461,152.74754333496094,87.87451171875,205.6298370361328,66.07341766357422,104.19637298583984,404.8049621582031,127.66937255859375,160.7254638671875,557.8037109375,89.18302154541016,240.8300018310547,15.380000114440918,79.19999694824219,78.01671600341797,119.1518325805664,5695.93994140625,4.026000022888184,22.639999389648438
2024-10-08,224.29661560058594,94.44351959228516,182.72000122070312,21.132587432861328,242.3699951171875,163.4362335205078,91.1867904663086,152.90074157714844,88.05667114257812,205.45437622070312,66.23619842529297,104.40296173095703,409.9151916503906,132.83731079101562,161.72567749023438,563.0791625976562,89.33348083496094,244.5,15.25,75.79000091552734,78.61835479736328,115.98700714111328,5751.1298828125,4.0329999923706055,21.420000076293945
2024-10-09,228.04200744628906,94.19746398925781,185.1699981689453,20.948904037475586,241.0500030517578,160.93069458007812,90.84556579589844,153.8199462890625,87.96559143066406,208.05728149414062,66.60958862304688,104.19637298583984,412.6333312988281,132.597412109375,162.793212890625,566.9793701171875,88.82564544677734,241.0500030517578,14.859999656677246,75.25,79.29890441894531,116.0345230102539,5792.0400390625,4.066999912261963,20.860000610351562
2024-10-10,227.54527282714844,94.14067840576172,186.64999389648438,21.36219024658203,242.82000732421875,161.14947509765625,90.83609008789062,153.68588256835938,87.95648193359375,207.49183654785156,66.3031997680664,104.08367919921875,411.0320739746094,134.75656127929688,162.48544311523438,565.9871215820312,88.4776840209961,238.77000427246094,15.130000114440918,77.7699966430664,78.51973724365234,117.0324478149414,5780.0498046875,4.0960001945495605,20.93000030517578
2024-10-11,226.0649871826172,94.16905975341797,188.82000732421875,21.38055992126465,245.47000122070312,162.3027801513672,90.86453247070312,154.5955047607422,88.1568603515625,216.7043914794922,66.60958862304688,104.06487274169922,411.5065612792969,134.74656677246094,164.54356384277344,569.3764038085938,88.12030029296875,217.8000030517578,14.800000190734863,77.48999786376953,79.00302124023438,117.47913360595703,5815.02978515625,4.072999954223633,20.459999084472656
2024-10-14,229.79052734375,94.08387756347656,187.5399932861328,21.0499324798584,245.07000732421875,164.01290893554688,90.70338439941406,154.72955322265625,88.21149444580078,215.91476440429688,67.34681701660156,104.07427215576172,414.2939453125,138.01527404785156,165.90924072265625,574.0328369140625,88.18614196777344,219.16000366210938,13.989999771118164,75.93000030517578,79.19042205810547,117.92582702636719,5859.85009765625,4.0980000495910645,19.700000762939453
2024-10-15,232.3238983154297,94.46245574951172,187.69000244140625,20.645830154418945,245.9199981689453,164.51002502441406,91.16789245605469,157.12327575683594,88.21149444580078,216.8018798828125,67.34681701660156,104.5813980102539,413.8985595703125,131.54783630371094,166.9286651611328,569.5728759765625,89.25825500488281,219.57000732421875,14.010000228881836,72.76000213623047,80.53178405761719,114.38082122802734,5815.259765625,4.038000106811523,20.639999389648438
2024-10-16,230.26736450195312,94.58549499511719,186.88999938964844,20.59072494506836,247.14999389648438,164.2117462158203,91.31004333496094,157.2956085205078,88.3936538696289,218.02049255371094,67.5670394897461,104.91009521484375,411.308837890625,135.6661834716797,165.78421020507812,572.0484619140625,89.63443756103516,221.3300018310547,13.4399995803833,72.4000015258789,80.10768127441406,114.67544555664062,5842.47021484375,4.015999794006348,19.579999923706055
2024-10-17,230.63497924804688,94.12174224853516,187.52999877929688,20.61827850341797,248.6300048828125,161.9945526123047,90.83609008789062,157.4775390625,88.17506408691406,218.7808837890625,66.92555236816406,104.13062286376953,411.9019470214844,136.87571716308594,165.6880340576172,572.0975952148438,88.21435546875,220.88999938964844,13.3100004196167,72.62000274658203,79.7822036743164,114.38082122802734,5841.47021484375,4.0960001945495605,19.110000610351562
2024-10-18,233.4663848876953,94.18798065185547,188.99000549316406,20.50806999206543,251.27000427246094,162.48175048828125,90.94036102294922,158.0998992919922,88.43008422851562,219.70701599121094,67.44257354736328,104.00853729248047,413.3253173828125,137.94529724121094,165.69479370117188,574.298095703125,88.28018951416016,220.6999969482422,13.029999732971191,71.37999725341797,80.19644165039062,114.05770111083984,5864.669921875,4.072999954223633,18.030000686645508
2024-10-21,234.9367218017578,93.53497314453125,189.07000732421875,20.572359085083008,251.22000122070312,163.12802124023438,90.23892211914062,155.90725708007812,88.07486724853516,217.39657592773438,66.49469757080078,102.94731903076172,413.9381408691406,143.6530303955078,164.01153564453125,573.3550415039062,86.73785400390625,218.85000610351562,13.25,72.26000213623047,79.70329284667969,114.12421417236328,5853.97998046875,4.182000160217285,18.3700008392334
2024-10-22,234.3207550048828,93.55389404296875,189.6999969482422,20.930538177490234,253.92999267578125,164.19187927246094,90.15361785888672,156.50086975097656,87.9200439453125,218.48841857910156,66.49469757080078,102.93794250488281,422.56719970703125,143.5330810546875,164.16632080078125,573.050537109375,86.82247924804688,217.97000122070312,13.5,73.9800033569336,80.89671325683594,114.71345520019531,5851.2001953125,4.203999996185303,18.200000762939453
2024-10-23,229.25404357910156,93.3172836303711,184.7100067138672,20.81114387512207,250.8699951171875,161.8454132080078,89.945068359375,158.8084259033203,87.62858581542969,217.7962646484375,65.11597442626953,102.59044647216797,419.6908264160156,139.50466918945312,164.0502166748047,567.8143310546875,86.5873794555664,213.64999389648438,13.819999694824219,73.55000305175781,82.12960052490234,114.30479431152344,5797.419921875,4.242000102996826,19.239999771118164
2024-10-24,229.06529235839844,93.49711608886719,186.3800048828125,20.801959991455078,252.8000030517578,161.78575134277344,90.14412689208984,156.71151733398438,87.90181732177734,219.32679748535156,64.4361801147461,102.9003677368164,419.8193359375,140.35433959960938,164.08892822265625,569.0424194335938,87.14224243164062,260.4800109863281,14.319999694824219,73.05999755859375,81.90275573730469,113.65851593017578,5809.85986328125,4.199999809265137,19.079999923706055
2024-10-25,229.89981079101562,93.30781555175781,187.8300018310547,20.948904037475586,253.32000732421875,164.3211212158203,89.945068359375,154.0401611328125,87.76519012451172,216.72389221191406,64.07234954833984,102.65618133544922,423.19976806640625,141.48388671875,162.73458862304688,568.8458862304688,86.6531982421875,269.19000244140625,14.449999809265137,74.2300033569336,81.38001251220703,113.5634765625,5808.1201171875,4.23199987411499,20.329999923706055
2024-10-28,231.87681579589844,93.15640258789062,188.38999938964844,20.3886775970459,253.3300018310547,165.7628173828125,89.73653411865234,154.72955322265625,88.02022552490234,219.833740234375,63.83298873901367,102.57166290283203,421.6578063964844,140.4643096923828,163.7793731689453,570.6043701171875,86.41809844970703,262.510009765625,13.34000015258789,70.43000030517578,81.61672973632812,113.00275421142578,5823.52001953125,4.2779998779296875,19.799999237060547
2024-10-29,232.1450653076172,93.26051330566406,190.8300018310547,20.351940155029297,256.0899963378906,168.70578002929688,89.77444458007812,153.28375244140625,88.04753875732422,217.29905700683594,62.77021789550781,102.69375610351562,426.95587158203125,141.19400024414062,161.7188262939453,571.5278930664062,86.54974365234375,259.5199890136719,13.40999984741211,69.66000366210938,80.58110046386719,111.46308898925781,5832.919921875,4.27400016784668,19.34000015258789
2024-10-30,228.59835815429688,93.16585540771484,192.72999572753906,20.609094619750977,257.5,173.4583740234375,89.64176177978516,153.78164672851562,87.87451171875,218.77113342285156,63.114906311035156,102.56227111816406,427.5291442871094,139.28475952148438,160.7417755126953,569.7987060546875,86.80367279052734,257.54998779296875,13.229999542236328,71.36000061035156,80.27535247802734,110.90235900878906,5813.669921875,4.265999794006348,20.350000381469727
2024-10-31,224.43569946289062,93.14693450927734,186.39999389648438,20.746854782104492,253.50999450683594,170.12757873535156,89.59434509277344,153.0635223388672,87.71055603027344,216.3437042236328,62.530860900878906,102.35565948486328,401.65185546875,132.70736694335938,159.793701171875,558.6289672851562,86.94475555419922,249.85000610351562,12.710000038146973,73.08000183105469,80.82767486572266,110.98788452148438,5705.4501953125,4.283999919891357,23.15999984741211
2024-11-01,221.4552764892578,92.77665710449219,197.92999267578125,20.526437759399414,252.47000122070312,170.30653381347656,89.06379699707031,153.32203674316406,87.68399810791016,217.3380584716797,62.243629455566406,101.7948989868164,405.6253662109375,135.34632873535156,159.71632385253906,560.9866943359375,85.71897888183594,248.97999572753906,12.479999542236328,72.0199966430664,81.06439971923828,109.2486572265625,5728.7998046875,4.361000061035156,21.8799991607666
2024-11-04,220.56114196777344,93.16592407226562,195.77999877929688,20.87543296813965,252.8300018310547,168.26832580566406,89.53919982910156,151.5124053955078,87.90380859375,214.25746154785156,62.339378356933594,102.54886627197266,403.7374267578125,135.99607849121094,159.69699096679688,559.7783203125,87.04949188232422,242.83999633789062,13.0600004196167,74.29000091552734,81.3208236694336,112.72712707519531,5712.68994140625,4.309000015258789,21.979999542236328
2024-11-05,221.9917449951172,93.3843002319336,199.5,21.004011154174805,253.39999389648438,168.76547241210938,89.58676147460938,151.6177520751953,88.12360382080078,215.9245147705078,62.588314056396484,103.0389404296875,406.7027282714844,139.8545379638672,160.35479736328125,566.5470581054688,87.5118637084961,251.44000244140625,12.529999732971191,74.7300033569336,82.53398895263672,113.05976867675781,5782.759765625,4.289000034332275,20.489999771118164
2024-11-06,221.26651000976562,92.65322875976562,207.08999633789062,20.7744083404541,245.6999969482422,175.49658203125,88.66445922851562,151.16770935058594,88.32510375976562,240.85198974609375,60.98937225341797,101.96453857421875,415.3218994140625,145.5522918701172,155.7983856201172,580.6345825195312,85.11505889892578,288.5299987792969,12.869999885559082,74.54000091552734,82.29727172851562,114.99858856201172,5929.0400390625,4.426000118255615,16.270000457763672
2024-11-07,225.99545288085938,93.35579681396484,210.0500030517578,20.98564338684082,249.64999389648438,179.71224975585938,89.37755584716797,150.06658935546875,88.70975494384766,230.4403533935547,60.95107650756836,103.17088317871094,420.5112609863281,148.8209991455078,158.08145141601562,585.1242065429688,86.18135833740234,296.9100036621094,12.65999984741211,74.66000366210938,82.70166015625,115.14115142822266,5973.10009765625,4.341000080108643,15.199999809265137
2024-11-08,225.72691345214844,93.51717376708984,208.17999267578125,20.664199829101562,247.9600067138672,177.32603454589844,89.56774139404297,148.8601531982422,88.90208435058594,231.02529907226562,61.20001220703125,103.5290298461914,417.6546630859375,147.5714569091797,162.2412109375,587.6587524414062,87.27595520019531,321.2200012207031,12.529999732971191,73.12999725341797,83.6682357788086,115.10314178466797,5995.5400390625,4.306000232696533,14.9399995803833
2024-11-11,223.01174926757812,93.30833435058594,206.83999633789062,20.33357048034668,242.13999938964844,179.31454467773438,89.32052612304688,148.4484405517578,88.84712219238281,233.2772216796875,60.663841247558594,103.33111572265625,413.17706298828125,145.20240783691406,160.61599731445312,588.2186889648438,86.85132598876953,350.0,13.800000190734863,70.94000244140625,83.05673217773438,114.494873046875,6001.35009765625,4.308000087738037,14.970000267028809
2024-11-12,223.01174926757812,92.76718139648438,208.91000366210938,20.223363876342773,240.0500030517578,180.57723999023438,88.75953674316406,146.15048217773438,88.41667175292969,233.54043579101562,60.51065444946289,102.39806365966797,418.1390075683594,148.23118591308594,160.4321746826172,586.3914184570312,85.54911804199219,328.489990234375,13.65999984741211,70.69000244140625,83.82604217529297,114.38082122802734,5983.990234375,4.432000160217285,14.710000038146973
2024-11-13,223.89691162109375,92.74817657470703,214.10000610351562,20.159074783325195,237.6300048828125,177.85299682617188,88.7024917602539,146.72499084472656,88.48079681396484,235.10025024414062,60.31916427612305,102.01165771484375,420.283935546875,146.21202087402344,161.14805603027344,586.6763305664062,84.73760986328125,330.239990234375,14.109999656677246,70.7300033569336,84.32907104492188,115.44528198242188,5985.3798828125,4.451000213623047,14.020000457763672
2024-11-14,226.98007202148438,92.710205078125,211.47999572753906,20.140705108642578,237.00999450683594,174.57192993164062,88.6929702758789,145.41323852539062,88.29761505126953,235.7924041748047,59.888309478759766,101.98338317871094,421.9543762207031,146.7018280029297,161.63174438476562,582.9039306640625,85.22828674316406,311.17999267578125,13.149999618530273,71.29000091552734,83.31317138671875,115.52192687988281,5949.169921875,4.418000221252441,14.3100004196167
2024-11-15,223.77755737304688,92.71969604492188,202.61000061035156,20.03968048095703,236.58999633789062,171.49966430664062,88.73101043701172,147.45266723632812,88.2518310546875,239.14598083496094,59.1127815246582,102.030517578125,410.20184326171875,141.92369079589844,164.01153564453125,575.4376831054688,85.00182342529297,320.7200012207031,13.369999885559082,69.75,83.0961685180664,114.32417297363281,5870.6201171875,4.427999973297119,16.139999389648438
2024-11-18,226.7811737060547,92.80513763427734,201.6999969482422,20.498884201049805,241.08999633789062,174.29354858398438,88.9306869506836,148.18994140625,88.39836883544922,238.8730010986328,59.22766876220703,102.2190170288086,410.95306396484375,140.09442138671875,165.18209838867188,577.7954711914062,85.15279388427734,338.739990234375,13.75,72.06999969482422,82.92851257324219,115.28238677978516,5893.6201171875,4.414000034332275,15.579999923706055
2024-11-19,227.03973388671875,92.93804931640625,204.61000061035156,20.563173294067383,243.25,177.0973358154297,89.120849609375,146.49517822265625,88.54488372802734,236.98175048828125,59.926605224609375,102.4357681274414,412.9596252441406,146.95172119140625,165.19174194335938,579.9076538085938,85.58686065673828,346.0,13.869999885559082,72.30999755859375,85.41400146484375,113.67257690429688,5916.97998046875,4.379000186920166,16.350000381469727
2024-11-20,227.75584411621094,92.8431167602539,202.8800048828125,20.55398941040039,244.6199951171875,174.96963500976562,88.98773193359375,146.6005096435547,88.48995208740234,234.7297821044922,60.30958557128906,102.19073486328125,410.6861267089844,145.83216857910156,165.31752014160156,580.1041259765625,85.313232421875,342.0299987792969,14.75,72.0199966430664,85.98605346679688,115.29196166992188,5917.10986328125,4.406000137329102,17.15999984741211
2024-11-21,227.27847290039062,92.7956314086914,198.3800048828125,20.700937271118164,246.66000366210938,166.66758728027344,88.94019317626953,148.88890075683594,88.51741790771484,238.60977172851562,61.04681396484375,102.06819915771484,408.913330078125,146.6118621826172,167.11688232421875,583.2183227539062,85.24717712402344,339.6400146484375,15.149999618530273,73.19999694824219,87.17948150634766,116.83468627929688,5948.7099609375,4.432000160217285,16.8700008392334
2024-11-22,228.62109375,92.86210632324219,197.1199951171875,20.719303131103516,249.83999633789062,163.81405639648438,88.99723815917969,148.5729217529297,88.51741790771484,242.3045654296875,61.20001220703125,102.16246795654297,413.00372314453125,141.8937225341797,170.53176879882812,585.02587890625,85.29434204101562,352.55999755859375,14.3100004196167,74.25,89.20140838623047,116.70053100585938,5969.33984375,4.409999847412109,15.239999771118164
2024-11-25,231.60479736328125,93.69759368896484,201.4499969482422,20.425413131713867,242.47999572753906,166.6874542236328,89.95757293701172,149.156982421875,88.87460327148438,244.00083923339844,61.64043045043945,103.43476867675781,414.7765808105469,135.96607971191406,171.60556030273438,587.0103759765625,87.5024185180664,338.5899963378906,14.789999961853027,72.0999984741211,88.27427673339844,114.95659637451172,5987.3701171875,4.264999866485596,14.600000381469727
2024-11-26,233.78292846679688,93.55518341064453,207.86000061035156,20.425413131713867,242.9499969482422,168.14901733398438,89.76741027832031,149.1376953125,88.70975494384766,243.68885803222656,61.80320739746094,103.17088317871094,423.888427734375,136.86572265625,173.4629364013672,590.075439453125,87.1627197265625,338.2300109863281,15.079999923706055,71.61000061035156,90.05948638916016,113.0401611328125,6021.6298828125,4.302000045776367,14.100000381469727
2024-11-27,233.6536102294922,93.81151580810547,205.74000549316406,20.315204620361328,243.49000549316406,168.25840759277344,90.12873077392578,149.9870147705078,88.96619415283203,243.5133819580078,61.68831253051758,103.54788208007812,418.93634033203125,135.2863311767578,173.51132202148438,588.2874145507812,87.76663970947266,332.8900146484375,13.8100004196167,71.72000122070312,90.62168884277344,112.74313354492188,5998.740234375,4.242000102996826,14.100000381469727
2024-11-29,236.0405731201172,94.18180084228516,207.88999938964844,20.33357048034668,245.58999633789062,167.97999572753906,90.5090560913086,149.61061096191406,89.16767883300781,243.44515991210938,61.818546295166016,104.18872833251953,419.4018249511719,138.19520568847656,173.41458129882812,591.94189453125,88.67251586914062,345.1600036621094,14.430000305175781,71.61000061035156,91.23320770263672,113.03057861328125,6032.3798828125,4.177999973297119,13.510000228881836
2024-12-02,238.28829956054688,94.19322967529297,210.7100067138672,20.186626434326172,243.44000244140625,170.5054168701172,90.50141906738281,149.40794372558594,89.12531280517578,240.06234741210938,61.403724670410156,104.35234832763672,426.8498229980469,138.57504272460938,173.84024047851562,593.0029296875,88.88558197021484,357.0899963378906,13.880000114440918,71.04000091552734,91.37127685546875,112.92518615722656,6047.14990234375,4.196000099182129,13.34000015258789
2024-12-03,241.33168029785156,94.01226043701172,213.44000244140625,20.416229248046875,243.92999267578125,170.3562774658203,90.243896484375,147.0529327392578,89.14373779296875,238.66830444335938,61.2783088684082,103.9835205078125,427.0676574707031,140.20440673828125,169.69979858398438,593.278076171875,88.11859130859375,351.4200134277344,13.210000038146973,73.04000091552734,92.22936248779297,112.7527084350586,6049.8798828125,4.2230000495910645,13.300000190734863
2024-12-04,241.68972778320312,94.31702423095703,218.16000366210938,20.306018829345703,244.6699981689453,173.36888122558594,90.58726501464844,145.22877502441406,89.33709716796875,237.28396606445312,60.01454162597656,104.4847640991211,433.2280578613281,145.0824737548828,169.39990234375,596.9619140625,89.06549072265625,357.92999267578125,13.260000228881836,71.87999725341797,93.156494140625,109.5043716430664,6086.490234375,4.179999828338623,13.449999809265137
2024-12-05,241.71954345703125,94.33609008789062,220.5500030517578,20.278467178344727,242.86000061035156,171.64881896972656,90.57772827148438,144.31185913085938,89.26344299316406,239.31167602539062,60.69948196411133,104.45638275146484,438.3782043457031,145.0124969482422,170.28990173339844,595.9796752929688,89.24539947509766,369.489990234375,13.319999694824219,71.47000122070312,93.9948501586914,109.98346710205078,6075.10986328125,4.179999828338623,13.539999961853027
2024-12-06,241.52064514160156,94.60273742675781,227.02999877929688,20.122337341308594,242.9499969482422,173.70693969726562,90.86385345458984,144.10916137695312,89.41998291015625,241.1444549560547,60.32324981689453,104.69281005859375,439.3191223144531,142.3933563232422,168.1519775390625,597.109375,89.37797546386719,389.2200012207031,13.369999885559082,70.23999786376953,94.38937377929688,108.82404327392578,6090.27001953125,4.151000022888184,12.770000457763672
2024-12-09,245.40939331054688,94.32655334472656,226.08999633789062,20.315204620361328,245.36000061035156,174.56297302246094,90.54911804199219,144.38905334472656,89.29107666015625,237.68365478515625,60.39077377319336,104.42800903320312,441.74560546875,138.7645263671875,165.2207794189453,594.034423828125,88.55414581298828,389.7900085449219,13.770000457763672,71.16999816894531,92.54498291015625,108.18204498291016,6052.85009765625,4.198999881744385,14.1899995803833
2024-12-10,246.42385864257812,94.21226501464844,225.0399932861328,20.36112403869629,248.58999633789062,184.31787109375,90.38697814941406,144.0319366455078,89.29107666015625,236.75753784179688,60.68983459472656,104.26724243164062,439.0813903808594,135.0257568359375,166.6621856689453,592.1875,88.13752746582031,400.989990234375,13.8100004196167,71.4000015258789,93.25511932373047,107.96163940429688,6034.91015625,4.2210001945495605,14.180000305175781
2024-12-11,245.1508331298828,93.99320983886719,230.25999450683594,20.61827850341797,250.9600067138672,194.50079345703125,90.11994171142578,141.5321502685547,89.30947875976562,237.41070556640625,60.42936325073242,103.9835205078125,444.6871643066406,139.2643585205078,165.0659942626953,596.7655029296875,87.30423736572266,424.7699890136719,14.5600004196167,73.33000183105469,93.65950775146484,107.24298095703125,6084.18994140625,4.270999908447266,13.579999923706055
2024-12-12,246.6128387451172,93.61225128173828,228.97000122070312,20.53562355041504,247.27999877929688,191.07662963867188,89.77656555175781,141.14610290527344,89.070068359375,235.4609375,61.587013244628906,103.39715576171875,445.2516784667969,137.2949981689453,165.27882385253906,593.690673828125,86.24372100830078,418.1000061035156,15.039999961853027,73.20999908447266,92.8014144897461,107.14717102050781,6051.25,4.323999881744385,13.920000076293945
2024-12-13,246.7819061279297,93.25984954833984,227.4600067138672,20.526437759399414,244.2899932861328,188.9464569091797,89.3569107055664,141.51284790039062,88.7938232421875,233.91090393066406,60.89242172241211,102.82026672363281,442.9836120605469,134.20602416992188,165.4819793701172,593.5726928710938,85.36309814453125,436.2300109863281,14.229999542236328,74.20999908447266,93.16519165039062,106.20812225341797,6051.08984375,4.39900016784668,13.8100004196167
2024-12-16,249.67608642578125,93.34557342529297,232.92999267578125,20.416229248046875,244.8800048828125,195.7550048828125,89.3855209350586,138.83934020996094,88.94115447998047,233.5599365234375,60.34253692626953,102.95266723632812,447.2622375488281,131.95677185058594,165.5593719482422,596.1073608398438,85.61875915527344,463.0199890136719,13.949999809265137,73.69999694824219,93.77804565429688,103.93716430664062,6074.080078125,4.396999835968018,14.6899995803833
2024-12-17,252.1028289794922,93.34557342529297,231.14999389648438,20.278467178344727,243.94000244140625,194.52069091796875,89.3855209350586,141.31016540527344,88.78462219238281,232.37060546875,61.162540435791016,102.9621353149414,450.104736328125,130.3472900390625,164.77578735351562,593.6513061523438,85.82707977294922,479.8599853515625,14.460000038146973,73.30000305175781,94.32172393798828,103.49638366699219,6050.60986328125,4.385000228881836,15.869999885559082
2024-12-18,246.70233154296875,92.6346664428711,220.52000427246094,20.094785690307617,239.25999450683594,187.53298950195312,88.69465637207031,139.70799255371094,87.86381530761719,224.5813446044922,60.63195037841797,101.68561553955078,433.1983642578125,128.86778259277344,163.56654357910156,575.9584350585938,84.7538833618164,440.1300048828125,14.539999961853027,72.94000244140625,92.47325134277344,101.97281646728516,5872.16015625,4.49399995803833,27.6200008392334
2024-12-19,248.432861328125,92.39582061767578,223.2899932861328,20.094785690307617,239.60000610351562,187.6425018310547,88.2927474975586,138.57876586914062,87.74343872070312,227.10629272460938,60.246070861816406,101.1351318359375,432.841796875,130.63717651367188,163.67295837402344,575.7816162109375,83.47058868408203,436.1700134277344,15.399999618530273,72.61000061035156,92.32498168945312,101.10086059570312,5867.080078125,4.570000171661377,24.09000015258789
2024-12-20,253.1073455810547,92.64424133300781,224.9199981689453,20.223363876342773,242.10000610351562,190.52914428710938,88.61811828613281,139.437744140625,88.30821228027344,231.62969970703125,60.34253692626953,101.53375244140625,432.4159240722656,134.65586853027344,162.57980346679688,582.6973266601562,83.94589233398438,421.05999755859375,15.869999885559082,73.0999984741211,91.1783218383789,101.44581604003906,5930.85009765625,4.52400016784668,18.360000610351562
2024-12-23,253.88311767578125,92.35762023925781,225.05999755859375,20.238842010498047,240.9600067138672,193.73434448242188,88.22576904296875,140.2098846435547,88.1323013305664,232.3998565673828,60.17853927612305,101.23953247070312,431.078857421875,139.62425231933594,162.628173828125,586.1867065429688,83.17591857910156,430.6000061035156,15.630000114440918,73.05999755859375,89.31007385253906,101.85784912109375,5974.06982421875,4.598999977111816,16.780000686645508
2024-12-24,256.79718017578125,92.46268463134766,229.0500030517578,20.354934692382812,241.44000244140625,195.20751953125,88.27362823486328,140.7696990966797,88.36376190185547,236.22134399414062,60.62230682373047,101.55271911621094,435.11968994140625,140.17408752441406,163.4311065673828,592.7020874023438,83.52763366699219,462.2799987792969,16.139999389648438,73.6500015258789,91.6132583618164,101.95366668701172,6040.0400390625,4.591000080108643,14.270000457763672
2024-12-26,257.6127014160156,92.52959442138672,227.0500030517578,20.296886444091797,243.07000732421875,194.69989013671875,88.3405990600586,140.5090789794922,88.57672119140625,237.03048706054688,60.36183547973633,101.64762115478516,433.91143798828125,139.88417053222656,164.61131286621094,592.7415771484375,83.48009490966797,454.1300048828125,15.369999885559082,73.12999725341797,91.72199249267578,102.03990173339844,6037.58984375,4.578999996185303,14.729999542236328
2024-12-27,254.20135498046875,92.33848571777344,223.75,20.393630981445312,241.39999389648438,191.87294006347656,88.11094665527344,139.99755859375,88.34525299072266,235.11000061035156,60.246070861816406,101.2205581665039,426.4040832519531,136.96511840820312,164.0018768310547,586.5020141601562,82.79568481445312,431.6600036621094,15.760000228881836,73.8499984741211,90.6050033569336,102.03031921386719,5970.83984375,4.61899995803833,15.949999809265137
2024-12-30,250.82977294921875,92.70158386230469,221.3000030517578,20.57744598388672,240.6300048828125,190.3599395751953,88.627685546875,138.34710693359375,88.41004943847656,233.30648803710938,59.84089279174805,101.65715026855469,420.7586975097656,137.44496154785156,161.6414337158203,579.8091430664062,83.46110534667969,417.4100036621094,18.030000686645508,74.81999969482422,89.52754211425781,101.34040832519531,5906.93994140625,4.545000076293945,17.399999618530273
